Datetime,Close,High,Low,Open,Volume
2025-01-17 14:30:00+00:00,18.25,18.56999969482422,18.18000030517578,18.549999237060547,4244353
2025-01-17 15:30:00+00:00,18.219999313354492,18.360000610351562,18.21500015258789,18.247499465942383,3409617
2025-01-17 16:30:00+00:00,18.239999771118164,18.299999237060547,18.219999313354492,18.225000381469727,2301900
2025-01-17 17:30:00+00:00,18.239999771118164,18.295000076293945,18.219999313354492,18.247299194335938,1846913
2025-01-17 18:30:00+00:00,18.274999618530273,18.309999465942383,18.18000030517578,18.23349952697754,2070985
2025-01-17 19:30:00+00:00,18.170000076293945,18.315000534057617,18.15999984741211,18.274999618530273,2341553
2025-01-17 20:30:00+00:00,18.270000457763672,18.290000915527344,18.15999984741211,18.17009925842285,2996794
2025-01-21 14:30:00+00:00,18.44499969482422,18.63990020751953,18.270000457763672,18.514999389648438,5242746
2025-01-21 15:30:00+00:00,18.6200008392334,18.649999618530273,18.390100479125977,18.440000534057617,4679639
2025-01-21 16:30:00+00:00,18.46500015258789,18.639999389648438,18.420000076293945,18.614999771118164,3328992
2025-01-21 17:30:00+00:00,18.475000381469727,18.489999771118164,18.360000610351562,18.459999084472656,3656501
2025-01-21 18:30:00+00:00,18.454999923706055,18.489999771118164,18.3799991607666,18.479999542236328,2546849
2025-01-21 19:30:00+00:00,18.423599243164062,18.459999084472656,18.399999618530273,18.450000762939453,1993397
2025-01-21 20:30:00+00:00,18.639999389648438,18.639999389648438,18.424999237060547,18.424999237060547,5127117
2025-01-22 14:30:00+00:00,18.604999542236328,19.100000381469727,18.54450035095215,19.049999237060547,13857748
2025-01-22 15:30:00+00:00,18.565000534057617,18.760000228881836,18.469999313354492,18.604999542236328,9760576
2025-01-22 16:30:00+00:00,18.575000762939453,18.626300811767578,18.40999984741211,18.565000534057617,7940295
2025-01-22 17:30:00+00:00,18.479999542236328,18.579999923706055,18.40999984741211,18.570100784301758,4284817
2025-01-22 18:30:00+00:00,18.53499984741211,18.549999237060547,18.3700008392334,18.479999542236328,5464667
2025-01-22 19:30:00+00:00,18.540000915527344,18.629899978637695,18.5,18.538999557495117,5707023
2025-01-22 20:30:00+00:00,18.674999237060547,18.719999313354492,18.5,18.53499984741211,7970786
2025-01-23 14:30:00+00:00,16.83989906311035,17.535999298095703,16.780000686645508,17.299999237060547,41146608
2025-01-23 15:30:00+00:00,17.225000381469727,17.2549991607666,16.729999542236328,16.836200714111328,12931419
2025-01-23 16:30:00+00:00,17.1200008392334,17.350000381469727,17.010000228881836,17.225000381469727,9012561
2025-01-23 17:30:00+00:00,17.209999084472656,17.25,17.010000228881836,17.11400032043457,5635659
2025-01-23 18:30:00+00:00,17.024999618530273,17.225000381469727,17.020000457763672,17.209999084472656,4322307
2025-01-23 19:30:00+00:00,17.225000381469727,17.239999771118164,16.96500015258789,17.024999618530273,8124456
2025-01-23 20:30:00+00:00,17.030000686645508,17.290000915527344,16.959999084472656,17.225000381469727,10351274
2025-01-24 14:30:00+00:00,17.094999313354492,17.104999542236328,16.55500030517578,16.844999313354492,10662682
2025-01-24 15:30:00+00:00,17.174999237060547,17.190000534057617,16.969999313354492,17.100000381469727,6255051
2025-01-24 16:30:00+00:00,17.162099838256836,17.190000534057617,17.040000915527344,17.174999237060547,4648605
2025-01-24 17:30:00+00:00,17.19499969482422,17.334999084472656,17.16160011291504,17.170000076293945,3656524
2025-01-24 18:30:00+00:00,17.065399169921875,17.209999084472656,17.0,17.200000762939453,3106918
2025-01-24 19:30:00+00:00,16.934999465942383,17.09000015258789,16.920000076293945,17.06999969482422,2889722
2025-01-24 20:30:00+00:00,16.959999084472656,16.975000381469727,16.905000686645508,16.934999465942383,4371710
2025-01-27 14:30:00+00:00,17.09869956970215,17.139999389648438,16.704999923706055,16.799999237060547,7243944
2025-01-27 15:30:00+00:00,17.144399642944336,17.209999084472656,17.0049991607666,17.09000015258789,5168047
2025-01-27 16:30:00+00:00,17.42530059814453,17.540000915527344,17.139999389648438,17.145000457763672,8447498
2025-01-27 17:30:00+00:00,17.264999389648438,17.440000534057617,17.260000228881836,17.43000030517578,4670913
2025-01-27 18:30:00+00:00,17.184999465942383,17.329999923706055,17.184999465942383,17.262500762939453,3917706
2025-01-27 19:30:00+00:00,17.14539909362793,17.200000762939453,17.030000686645508,17.184099197387695,3468088
2025-01-27 20:30:00+00:00,17.200000762939453,17.309999465942383,17.149999618530273,17.149999618530273,5378128
2025-01-28 14:30:00+00:00,17.295000076293945,17.399999618530273,16.954999923706055,17.079999923706055,5179962
2025-01-28 15:30:00+00:00,17.204999923706055,17.469999313354492,17.200000762939453,17.290000915527344,5843418
2025-01-28 16:30:00+00:00,17.170000076293945,17.270000457763672,17.15999984741211,17.204999923706055,3532394
2025-01-28 17:30:00+00:00,17.145000457763672,17.189899444580078,17.065000534057617,17.179000854492188,3982952
2025-01-28 18:30:00+00:00,17.139999389648438,17.18000030517578,17.059999465942383,17.145000457763672,3117770
2025-01-28 19:30:00+00:00,17.114999771118164,17.155000686645508,17.09000015258789,17.13010025024414,3492425
2025-01-28 20:30:00+00:00,17.149999618530273,17.18000030517578,17.09000015258789,17.114999771118164,3229324
2025-01-29 14:30:00+00:00,17.014999389648438,17.229999542236328,16.950000762939453,17.1299991607666,4777413
2025-01-29 15:30:00+00:00,17.05500030517578,17.100000381469727,16.940500259399414,17.010000228881836,3298167
2025-01-29 16:30:00+00:00,17.094999313354492,17.110000610351562,17.030099868774414,17.05500030517578,2467110
2025-01-29 17:30:00+00:00,17.264999389648438,17.290000915527344,17.09000015258789,17.094999313354492,3377615
2025-01-29 18:30:00+00:00,17.1200008392334,17.274999618530273,17.100000381469727,17.264999389648438,2170396
2025-01-29 19:30:00+00:00,17.28499984741211,17.309999465942383,17.100000381469727,17.110000610351562,3872975
2025-01-29 20:30:00+00:00,17.329999923706055,17.34000015258789,17.200000762939453,17.290000915527344,3344446
2025-01-30 14:30:00+00:00,16.90999984741211,17.219999313354492,16.799999237060547,16.93000030517578,13629025
2025-01-30 15:30:00+00:00,16.925199508666992,17.049999237060547,16.829999923706055,16.915199279785156,5256248
2025-01-30 16:30:00+00:00,16.929899215698242,17.049999237060547,16.920000076293945,16.924999237060547,4552785
2025-01-30 17:30:00+00:00,16.980100631713867,17.049999237060547,16.8700008392334,16.93000030517578,3503248
2025-01-30 18:30:00+00:00,16.899999618530273,16.99519920349121,16.8700008392334,16.985000610351562,3562222
2025-01-30 19:30:00+00:00,17.030000686645508,17.100000381469727,16.899999618530273,16.909900665283203,3894179
2025-01-30 20:30:00+00:00,16.915000915527344,17.035200119018555,16.829999923706055,17.030000686645508,5779597
2025-01-31 14:30:00+00:00,16.985000610351562,17.049999237060547,16.90999984741211,16.950000762939453,3693794
2025-01-31 15:30:00+00:00,17.0,17.049999237060547,16.90999984741211,16.988800048828125,4032494
2025-01-31 16:30:00+00:00,17.104799270629883,17.13990020751953,16.979999542236328,16.9950008392334,4004320
2025-01-31 17:30:00+00:00,17.065099716186523,17.229999542236328,17.059999465942383,17.104999542236328,4359379
2025-01-31 18:30:00+00:00,17.165199279785156,17.18000030517578,16.969999313354492,17.059999465942383,4244306
2025-01-31 19:30:00+00:00,17.045000076293945,17.200000762939453,17.020000457763672,17.16010093688965,3453048
2025-01-31 20:30:00+00:00,16.93000030517578,17.09000015258789,16.90999984741211,17.049999237060547,4376631
2025-02-03 14:30:00+00:00,16.46470069885254,16.540000915527344,16.219999313354492,16.420000076293945,8784626
2025-02-03 15:30:00+00:00,16.53499984741211,16.704999923706055,16.450000762939453,16.459999084472656,5753792
2025-02-03 16:30:00+00:00,16.65999984741211,16.770000457763672,16.510000228881836,16.53499984741211,4611362
2025-02-03 17:30:00+00:00,16.6200008392334,16.729999542236328,16.600000381469727,16.655000686645508,2805134
2025-02-03 18:30:00+00:00,16.799999237060547,16.809999465942383,16.6200008392334,16.625,2223142
2025-02-03 19:30:00+00:00,16.764999389648438,16.81999969482422,16.75,16.809999465942383,2378298
2025-02-03 20:30:00+00:00,16.690000534057617,16.80500030517578,16.690000534057617,16.764999389648438,3432759
2025-02-04 14:30:00+00:00,16.905000686645508,16.934999465942383,16.700000762939453,16.75,4138894
2025-02-04 15:30:00+00:00,16.789899826049805,16.920000076293945,16.729999542236328,16.90519905090332,4610908
2025-02-04 16:30:00+00:00,16.770000457763672,16.90999984741211,16.770000457763672,16.790000915527344,4149602
2025-02-04 17:30:00+00:00,16.777099609375,16.81999969482422,16.700000762939453,16.774999618530273,3524564
2025-02-04 18:30:00+00:00,16.774999618530273,16.84000015258789,16.770000457763672,16.776599884033203,1790147
2025-02-04 19:30:00+00:00,16.825000762939453,16.860000610351562,16.75,16.774999618530273,4904764
2025-02-04 20:30:00+00:00,16.83099937438965,16.860000610351562,16.799999237060547,16.825199127197266,3108663
2025-02-05 14:30:00+00:00,16.764999389648438,16.915000915527344,16.520000457763672,16.850000381469727,5776175
2025-02-05 15:30:00+00:00,16.959999084472656,16.959999084472656,16.760000228881836,16.770000457763672,4666461
2025-02-05 16:30:00+00:00,17.155000686645508,17.219999313354492,16.950000762939453,16.954999923706055,5158339
2025-02-05 17:30:00+00:00,17.094999313354492,17.18000030517578,17.079999923706055,17.155000686645508,2359410
2025-02-05 18:30:00+00:00,17.125,17.200000762939453,17.08009910583496,17.094999313354492,2032464
2025-02-05 19:30:00+00:00,17.014999389648438,17.13990020751953,16.979999542236328,17.125,2679885
2025-02-05 20:30:00+00:00,16.96500015258789,17.020000457763672,16.899999618530273,17.010000228881836,3233085
2025-02-06 14:30:00+00:00,17.19499969482422,17.31999969482422,17.069900512695312,17.06999969482422,5250520
2025-02-06 15:30:00+00:00,17.0049991607666,17.200000762939453,16.959999084472656,17.191499710083008,3223677
2025-02-06 16:30:00+00:00,17.030000686645508,17.079999923706055,16.969999313354492,17.0049991607666,2234353
2025-02-06 17:30:00+00:00,16.9950008392334,17.06999969482422,16.97010040283203,17.030799865722656,2135446
2025-02-06 18:30:00+00:00,17.055200576782227,17.209999084472656,16.989999771118164,16.989999771118164,3500398
2025-02-06 19:30:00+00:00,16.979999542236328,17.055200576782227,16.959999084472656,17.05500030517578,3764507
2025-02-06 20:30:00+00:00,17.05500030517578,17.079999923706055,16.969999313354492,16.979900360107422,3726956
2025-02-07 14:30:00+00:00,17.28499984741211,17.350000381469727,17.020200729370117,17.06999969482422,5469590
2025-02-07 15:30:00+00:00,17.270000457763672,17.399999618530273,17.145000457763672,17.28499984741211,3817547
2025-02-07 16:30:00+00:00,17.264999389648438,17.344999313354492,17.219999313354492,17.274999618530273,2384837
2025-02-07 17:30:00+00:00,17.299999237060547,17.31999969482422,17.239999771118164,17.260000228881836,1179666
2025-02-07 18:30:00+00:00,17.264999389648438,17.34000015258789,17.229999542236328,17.290000915527344,2342623
2025-02-07 19:30:00+00:00,17.248899459838867,17.305200576782227,17.200000762939453,17.264999389648438,2629831
2025-02-07 20:30:00+00:00,17.18000030517578,17.309999465942383,17.149999618530273,17.2450008392334,3300518
2025-02-10 14:30:00+00:00,16.684999465942383,17.190000534057617,16.559999465942383,17.18000030517578,6888234
2025-02-10 15:30:00+00:00,16.75979995727539,16.770000457763672,16.59000015258789,16.690000534057617,4126831
2025-02-10 16:30:00+00:00,16.69499969482422,16.780000686645508,16.610000610351562,16.75,2771054
2025-02-10 17:30:00+00:00,16.834999084472656,16.860000610351562,16.690000534057617,16.69499969482422,2597598
2025-02-10 18:30:00+00:00,16.795000076293945,16.88990020751953,16.790000915527344,16.834999084472656,2511069
2025-02-10 19:30:00+00:00,16.764999389648438,16.844999313354492,16.709999084472656,16.795000076293945,2618678
2025-02-10 20:30:00+00:00,16.6200008392334,16.770000457763672,16.600000381469727,16.764999389648438,3529783
2025-02-11 14:30:00+00:00,16.309999465942383,16.485000610351562,16.229999542236328,16.40999984741211,6277610
2025-02-11 15:30:00+00:00,16.270000457763672,16.329999923706055,16.200000762939453,16.3174991607666,3776271
2025-02-11 16:30:00+00:00,16.184999465942383,16.270000457763672,16.13479995727539,16.270000457763672,3523568
2025-02-11 17:30:00+00:00,16.264999389648438,16.280000686645508,16.149999618530273,16.184999465942383,3123539
2025-02-11 18:30:00+00:00,16.334999084472656,16.350000381469727,16.25,16.260000228881836,2673010
2025-02-11 19:30:00+00:00,16.51799964904785,16.527799606323242,16.309999465942383,16.334999084472656,4082583
2025-02-11 20:30:00+00:00,16.420000076293945,16.559999465942383,16.399999618530273,16.514999389648438,3934228
2025-02-12 14:30:00+00:00,16.530000686645508,16.600000381469727,16.2549991607666,16.354999542236328,4299127
2025-02-12 15:30:00+00:00,16.40999984741211,16.530000686645508,16.399999618530273,16.524999618530273,2527568
2025-02-12 16:30:00+00:00,16.40999984741211,16.489900588989258,16.360000610351562,16.405000686645508,3899081
2025-02-12 17:30:00+00:00,16.389999389648438,16.483400344848633,16.381000518798828,16.415000915527344,1558801
2025-02-12 18:30:00+00:00,16.31999969482422,16.405000686645508,16.31999969482422,16.395000457763672,2586021
2025-02-12 19:30:00+00:00,16.170000076293945,16.329999923706055,16.170000076293945,16.31999969482422,4226366
2025-02-12 20:30:00+00:00,16.270000457763672,16.270000457763672,16.139999389648438,16.170000076293945,3971786
2025-02-13 14:30:00+00:00,16.114999771118164,16.5,16.09000015258789,16.358999252319336,4295622
2025-02-13 15:30:00+00:00,15.734999656677246,16.1200008392334,15.475000381469727,16.11989974975586,15006478
2025-02-13 16:30:00+00:00,15.805000305175781,15.9399995803833,15.73009967803955,15.734999656677246,6568068
2025-02-13 17:30:00+00:00,15.765000343322754,15.805000305175781,15.699999809265137,15.800000190734863,3216704
2025-02-13 18:30:00+00:00,15.770000457763672,15.800000190734863,15.725000381469727,15.765000343322754,2559718
2025-02-13 19:30:00+00:00,15.850000381469727,15.890000343322754,15.710100173950195,15.774999618530273,3036913
2025-02-13 20:30:00+00:00,15.739999771118164,15.880000114440918,15.710000038146973,15.84000015258789,4428354
2025-02-14 14:30:00+00:00,15.694999694824219,15.850000381469727,15.65999984741211,15.850000381469727,3773779
2025-02-14 15:30:00+00:00,15.704999923706055,15.726099967956543,15.640000343322754,15.6899995803833,5156846
2025-02-14 16:30:00+00:00,15.774999618530273,15.829999923706055,15.6899995803833,15.704999923706055,5619823
2025-02-14 17:30:00+00:00,15.827199935913086,15.829999923706055,15.75,15.774999618530273,2494206
2025-02-14 18:30:00+00:00,15.84000015258789,15.944999694824219,15.805000305175781,15.824999809265137,3094651
2025-02-14 19:30:00+00:00,15.845000267028809,15.930000305175781,15.829999923706055,15.835000038146973,3440836
2025-02-14 20:30:00+00:00,15.954999923706055,15.979999542236328,15.829999923706055,15.845399856567383,3736640
2025-02-18 14:30:00+00:00,16.155000686645508,16.219999313354492,15.850000381469727,15.850000381469727,4450623
2025-02-18 15:30:00+00:00,16.25,16.274999618530273,16.100099563598633,16.159900665283203,4806546
2025-02-18 16:30:00+00:00,16.135000228881836,16.31999969482422,16.114999771118164,16.2450008392334,5502563
2025-02-18 17:30:00+00:00,16.059900283813477,16.18000030517578,16.030099868774414,16.138700485229492,2451280
2025-02-18 18:30:00+00:00,16.014999389648438,16.06999969482422,16.0,16.059999465942383,2030288
2025-02-18 19:30:00+00:00,16.010000228881836,16.1299991607666,16.0,16.010000228881836,2899394
2025-02-18 20:30:00+00:00,16.06999969482422,16.100000381469727,16.010000228881836,16.010000228881836,3584590
2025-02-19 14:30:00+00:00,15.944999694824219,16.049999237060547,15.899999618530273,16.040000915527344,2392257
2025-02-19 15:30:00+00:00,15.914999961853027,15.989999771118164,15.800000190734863,15.945099830627441,3610929
2025-02-19 16:30:00+00:00,16.040000915527344,16.072799682617188,15.880000114440918,15.914999961853027,3589722
2025-02-19 17:30:00+00:00,16.094999313354492,16.14459991455078,16.020000457763672,16.03350067138672,2676904
2025-02-19 18:30:00+00:00,16.0,16.129899978637695,15.970000267028809,16.09000015258789,2289012
2025-02-19 19:30:00+00:00,15.975000381469727,16.020000457763672,15.9399995803833,15.994999885559082,3763210
2025-02-19 20:30:00+00:00,16.0049991607666,16.040000915527344,15.970000267028809,15.970000267028809,3828394
2025-02-20 14:30:00+00:00,15.717599868774414,16.094999313354492,15.574999809265137,15.958000183105469,5429776
2025-02-20 15:30:00+00:00,15.745499610900879,15.78499984741211,15.625,15.71500015258789,4627805
2025-02-20 16:30:00+00:00,15.71500015258789,15.740099906921387,15.630000114440918,15.740099906921387,4857387
2025-02-20 17:30:00+00:00,15.645000457763672,15.719900131225586,15.609999656677246,15.71500015258789,5823956
2025-02-20 18:30:00+00:00,15.6850004196167,15.720000267028809,15.640000343322754,15.645000457763672,3337185
2025-02-20 19:30:00+00:00,15.840100288391113,15.850000381469727,15.670000076293945,15.680000305175781,3377958
2025-02-20 20:30:00+00:00,15.859999656677246,15.869999885559082,15.800000190734863,15.84000015258789,3807650
2025-02-21 14:30:00+00:00,15.875,16.06999969482422,15.854999542236328,15.930000305175781,5073743
2025-02-21 15:30:00+00:00,15.839900016784668,15.899999618530273,15.75,15.875,7847091
2025-02-21 16:30:00+00:00,15.780099868774414,16.046499252319336,15.779999732971191,15.835000038146973,6376218
2025-02-21 17:30:00+00:00,15.335000038146973,15.789999961853027,15.3100004196167,15.78499984741211,9426961
2025-02-21 18:30:00+00:00,15.265000343322754,15.550000190734863,15.1899995803833,15.339900016784668,8936931
2025-02-21 19:30:00+00:00,15.194999694824219,15.279999732971191,15.09000015258789,15.260000228881836,9176927
2025-02-21 20:30:00+00:00,15.220000267028809,15.270000457763672,15.1943998336792,15.199999809265137,6451325
2025-02-24 14:30:00+00:00,15.319999694824219,15.520000457763672,15.210000038146973,15.390000343322754,7798829
2025-02-24 15:30:00+00:00,15.475000381469727,15.479999542236328,15.260000228881836,15.324999809265137,9576184
2025-02-24 16:30:00+00:00,15.345000267028809,15.510000228881836,15.335000038146973,15.475000381469727,6433910
2025-02-24 17:30:00+00:00,15.390000343322754,15.430000305175781,15.319999694824219,15.350000381469727,4009580
2025-02-24 18:30:00+00:00,15.414999961853027,15.449999809265137,15.34000015258789,15.395000457763672,3538774
2025-02-24 19:30:00+00:00,15.395000457763672,15.5,15.359999656677246,15.414999961853027,4004204
2025-02-24 20:30:00+00:00,15.3100004196167,15.444999694824219,15.289999961853027,15.395000457763672,3507742
2025-02-25 14:30:00+00:00,14.840100288391113,15.369999885559082,14.800000190734863,15.369999885559082,7308451
2025-02-25 15:30:00+00:00,15.015000343322754,15.130000114440918,14.845000267028809,14.845000267028809,8037341
2025-02-25 16:30:00+00:00,14.920000076293945,15.029999732971191,14.84000015258789,15.020000457763672,7551424
2025-02-25 17:30:00+00:00,14.904999732971191,15.015000343322754,14.890000343322754,14.920000076293945,6102109
2025-02-25 18:30:00+00:00,14.95479965209961,15.020000457763672,14.899999618530273,14.904999732971191,6150835
2025-02-25 19:30:00+00:00,15.1850004196167,15.220000267028809,14.949999809265137,14.954999923706055,5907073
2025-02-25 20:30:00+00:00,15.119999885559082,15.1850004196167,15.039999961853027,15.180000305175781,4492636
2025-02-26 14:30:00+00:00,15.59000015258789,15.65999984741211,15.420000076293945,15.470000267028809,6442381
2025-02-26 15:30:00+00:00,15.505399703979492,15.649999618530273,15.5,15.59000015258789,5777737
2025-02-26 16:30:00+00:00,15.433099746704102,15.59000015258789,15.395000457763672,15.505000114440918,5936437
2025-02-26 17:30:00+00:00,15.28499984741211,15.460000038146973,15.279999732971191,15.4350004196167,6564810
2025-02-26 18:30:00+00:00,15.324999809265137,15.369999885559082,15.220000267028809,15.289999961853027,4506075
2025-02-26 19:30:00+00:00,15.239999771118164,15.369999885559082,15.229999542236328,15.319999694824219,5174584
2025-02-26 20:30:00+00:00,15.170000076293945,15.319999694824219,15.170000076293945,15.241600036621094,5962406
2025-02-27 14:30:00+00:00,14.75,15.149999618530273,14.210000038146973,15.140000343322754,17988249
2025-02-27 15:30:00+00:00,14.8149995803833,15.0,14.73009967803955,14.760000228881836,9275751
2025-02-27 16:30:00+00:00,14.71500015258789,14.819999694824219,14.630000114440918,14.8149995803833,6206304
2025-02-27 17:30:00+00:00,14.75,14.760000228881836,14.619999885559082,14.71500015258789,4824528
2025-02-27 18:30:00+00:00,14.71500015258789,14.8100004196167,14.710000038146973,14.744999885559082,2885936
2025-02-27 19:30:00+00:00,14.494999885559082,14.720000267028809,14.489999771118164,14.71500015258789,6759839
2025-02-27 20:30:00+00:00,14.529999732971191,14.600000381469727,14.489999771118164,14.5,6614305
2025-02-28 14:30:00+00:00,14.620100021362305,14.749899864196777,14.529999732971191,14.5600004196167,6120799
2025-02-28 15:30:00+00:00,14.49899959564209,14.649999618530273,14.479999542236328,14.619999885559082,6819454
2025-02-28 16:30:00+00:00,14.410099983215332,14.5600004196167,14.390000343322754,14.498900413513184,7004250
2025-02-28 17:30:00+00:00,14.3149995803833,14.449999809265137,14.270000457763672,14.40999984741211,9231245
2025-02-28 18:30:00+00:00,14.319999694824219,14.449999809265137,14.300000190734863,14.3100004196167,5134058
2025-02-28 19:30:00+00:00,14.380000114440918,14.399999618530273,14.300000190734863,14.3149995803833,5944446
2025-02-28 20:30:00+00:00,14.359999656677246,14.385000228881836,14.300000190734863,14.385000228881836,6201750
2025-03-03 14:30:00+00:00,14.349300384521484,14.555000305175781,14.204999923706055,14.329999923706055,7734629
2025-03-03 15:30:00+00:00,14.258600234985352,14.479999542236328,14.255000114440918,14.34000015258789,6507877
2025-03-03 16:30:00+00:00,14.319999694824219,14.390000343322754,14.220100402832031,14.260000228881836,5267214
2025-03-03 17:30:00+00:00,14.154999732971191,14.319999694824219,14.149999618530273,14.3149995803833,4264421
2025-03-03 18:30:00+00:00,14.1850004196167,14.295000076293945,14.140000343322754,14.154999732971191,4860706
2025-03-03 19:30:00+00:00,13.835000038146973,14.260000228881836,13.819999694824219,14.1850004196167,13386448
2025-03-03 20:30:00+00:00,13.880000114440918,13.930000305175781,13.770000457763672,13.829999923706055,10102555
2025-03-04 14:30:00+00:00,13.229999542236328,13.555000305175781,13.015000343322754,13.539999961853027,15575583
2025-03-04 15:30:00+00:00,13.117500305175781,13.289999961853027,13.100000381469727,13.220000267028809,12688019
2025-03-04 16:30:00+00:00,13.312000274658203,13.319999694824219,13.020000457763672,13.114999771118164,11949995
2025-03-04 17:30:00+00:00,13.484999656677246,13.609999656677246,13.291099548339844,13.3100004196167,9278258
2025-03-04 18:30:00+00:00,13.600000381469727,13.649999618530273,13.40999984741211,13.484999656677246,4349639
2025-03-04 19:30:00+00:00,13.569899559020996,13.640000343322754,13.484999656677246,13.600000381469727,6808527
2025-03-04 20:30:00+00:00,13.34000015258789,13.569899559020996,13.300000190734863,13.5649995803833,7825403
2025-03-05 14:30:00+00:00,13.899999618530273,13.984999656677246,13.489999771118164,13.53499984741211,9787228
2025-03-05 15:30:00+00:00,13.864999771118164,13.989999771118164,13.84000015258789,13.890000343322754,7411006
2025-03-05 16:30:00+00:00,13.989999771118164,14.020000457763672,13.84000015258789,13.864999771118164,5303804
2025-03-05 17:30:00+00:00,13.989999771118164,14.069999694824219,13.960000038146973,13.989999771118164,6573139
2025-03-05 18:30:00+00:00,14.164999961853027,14.229999542236328,13.96500015258789,13.994999885559082,7767064
2025-03-05 19:30:00+00:00,14.0600004196167,14.180000305175781,13.970000267028809,14.170000076293945,7416946
2025-03-05 20:30:00+00:00,14.09000015258789,14.119999885559082,14.010000228881836,14.0600004196167,7274775
2025-03-06 14:30:00+00:00,13.635000228881836,13.835000038146973,13.520000457763672,13.819999694824219,8042733
2025-03-06 15:30:00+00:00,13.820199966430664,13.930000305175781,13.600000381469727,13.635000228881836,8585867
2025-03-06 16:30:00+00:00,13.574999809265137,13.849900245666504,13.5600004196167,13.819999694824219,5434751
2025-03-06 17:30:00+00:00,13.524999618530273,13.649999618530273,13.520000457763672,13.570099830627441,5238152
2025-03-06 18:30:00+00:00,13.425000190734863,13.559900283813477,13.369999885559082,13.524999618530273,7718926
2025-03-06 19:30:00+00:00,13.3149995803833,13.479999542236328,13.220000267028809,13.425000190734863,12000098
2025-03-06 20:30:00+00:00,13.25,13.359999656677246,13.20009994506836,13.319999694824219,8144610
2025-03-07 14:30:00+00:00,13.005000114440918,13.180000305175781,12.880000114440918,13.110099792480469,12964410
2025-03-07 15:30:00+00:00,12.755000114440918,13.039999961853027,12.729999542236328,13.0,15130062
2025-03-07 16:30:00+00:00,12.670000076293945,12.770000457763672,12.579999923706055,12.760000228881836,13290144
2025-03-07 17:30:00+00:00,12.86970043182373,12.914999961853027,12.645000457763672,12.664999961853027,8345373
2025-03-07 18:30:00+00:00,12.99120044708252,13.045000076293945,12.859999656677246,12.859999656677246,8339273
2025-03-07 19:30:00+00:00,13.008700370788574,13.0649995803833,12.960000038146973,13.0,8285813
2025-03-07 20:30:00+00:00,13.020000457763672,13.046099662780762,12.90999984741211,13.005000114440918,6044064
2025-03-10 13:30:00+00:00,12.319999694824219,12.75,12.239999771118164,12.739999771118164,15213938
2025-03-10 14:30:00+00:00,12.332099914550781,12.34000015258789,12.199999809265137,12.324999809265137,12428312
2025-03-10 15:30:00+00:00,12.364999771118164,12.479999542236328,12.319999694824219,12.34000015258789,10827192
2025-03-10 16:30:00+00:00,12.274999618530273,12.420000076293945,12.239999771118164,12.369999885559082,7476177
2025-03-10 17:30:00+00:00,12.210000038146973,12.279999732971191,12.114999771118164,12.274999618530273,10122267
2025-03-10 18:30:00+00:00,12.279999732971191,12.359999656677246,12.114999771118164,12.204999923706055,9383865
2025-03-10 19:30:00+00:00,12.520000457763672,12.600000381469727,12.279999732971191,12.279999732971191,11740006
2025-03-11 13:30:00+00:00,11.984999656677246,12.539999961853027,11.954999923706055,12.470000267028809,19230133
2025-03-11 14:30:00+00:00,11.774999618530273,12.024999618530273,11.670000076293945,11.979999542236328,18516759
2025-03-11 15:30:00+00:00,11.765000343322754,11.9399995803833,11.755000114440918,11.779199600219727,10710138
2025-03-11 16:30:00+00:00,11.645000457763672,11.8100004196167,11.611700057983398,11.765000343322754,10491265
2025-03-11 17:30:00+00:00,11.630000114440918,11.749899864196777,11.553199768066406,11.649999618530273,15832210
2025-03-11 18:30:00+00:00,11.649999618530273,11.800000190734863,11.619999885559082,11.635000228881836,14509287
2025-03-11 19:30:00+00:00,11.449999809265137,11.670000076293945,11.430000305175781,11.649999618530273,15646797
2025-03-12 13:30:00+00:00,11.015000343322754,11.609999656677246,10.920000076293945,11.550000190734863,22828874
2025-03-12 14:30:00+00:00,10.989999771118164,11.069899559020996,10.890000343322754,11.015000343322754,14306175
2025-03-12 15:30:00+00:00,11.079899787902832,11.130000114440918,10.930000305175781,10.989999771118164,15296028
2025-03-12 16:30:00+00:00,11.07800006866455,11.140000343322754,11.029999732971191,11.074999809265137,10122167
2025-03-12 17:30:00+00:00,11.050000190734863,11.119999885559082,10.90999984741211,11.076499938964844,8984142
2025-03-12 18:30:00+00:00,11.0,11.119999885559082,10.970000267028809,11.050000190734863,8993618
2025-03-12 19:30:00+00:00,10.920000076293945,11.015000343322754,10.90999984741211,11.0,12779795
2025-03-13 13:30:00+00:00,10.984999656677246,11.09000015258789,10.770000457763672,10.979999542236328,15393201
2025-03-13 14:30:00+00:00,10.755000114440918,11.010000228881836,10.75,10.989999771118164,17318988
2025-03-13 15:30:00+00:00,10.640000343322754,10.779999732971191,10.619999885559082,10.755000114440918,14572819
2025-03-13 16:30:00+00:00,10.53499984741211,10.708800315856934,10.510000228881836,10.635000228881836,9176976
2025-03-13 17:30:00+00:00,10.618800163269043,10.630000114440918,10.470000267028809,10.529999732971191,10454218
2025-03-13 18:30:00+00:00,10.720000267028809,10.789799690246582,10.600000381469727,10.619999885559082,14572127
2025-03-13 19:30:00+00:00,10.680000305175781,10.789999961853027,10.640000343322754,10.720000267028809,10820768
2025-03-14 13:30:00+00:00,10.578300476074219,10.880000114440918,10.550000190734863,10.875,10131344
2025-03-14 14:30:00+00:00,10.71500015258789,10.739999771118164,10.569999694824219,10.574999809265137,10853046
2025-03-14 15:30:00+00:00,10.740799903869629,10.875,10.694999694824219,10.71500015258789,11483692
2025-03-14 16:30:00+00:00,10.805000305175781,10.859999656677246,10.720000267028809,10.744999885559082,5119090
2025-03-14 17:30:00+00:00,10.795000076293945,10.829999923706055,10.760000228881836,10.805000305175781,4297461
2025-03-14 18:30:00+00:00,10.8149995803833,10.880000114440918,10.789999961853027,10.795000076293945,6094673
2025-03-14 19:30:00+00:00,10.880000114440918,10.880000114440918,10.789999961853027,10.8149995803833,9100903
2025-03-17 13:30:00+00:00,11.004899978637695,11.210000038146973,10.829999923706055,10.845000267028809,10278555
2025-03-17 14:30:00+00:00,11.219900131225586,11.239999771118164,10.989999771118164,11.0,12009423
2025-03-17 15:30:00+00:00,11.263699531555176,11.329999923706055,11.199999809265137,11.210100173950195,11579426
2025-03-17 16:30:00+00:00,11.289999961853027,11.3100004196167,11.239999771118164,11.260000228881836,5811750
2025-03-17 17:30:00+00:00,11.404999732971191,11.420000076293945,11.273900032043457,11.28499984741211,6621190
2025-03-17 18:30:00+00:00,11.4350004196167,11.470000267028809,11.40999984741211,11.40999984741211,8475120
2025-03-17 19:30:00+00:00,11.324999809265137,11.430000305175781,11.289999961853027,11.430000305175781,7571997
2025-03-18 13:30:00+00:00,11.155099868774414,11.319999694824219,11.109999656677246,11.170000076293945,8814752
2025-03-18 14:30:00+00:00,11.069999694824219,11.180000305175781,11.050000190734863,11.154999732971191,10782047
2025-03-18 15:30:00+00:00,11.088500022888184,11.09000015258789,11.010000228881836,11.079299926757812,4354700
2025-03-18 16:30:00+00:00,11.0649995803833,11.135000228881836,11.029999732971191,11.081199645996094,6227914
2025-03-18 17:30:00+00:00,11.050000190734863,11.134599685668945,11.024700164794922,11.064599990844727,4681722
2025-03-18 18:30:00+00:00,11.114999771118164,11.140000343322754,11.029999732971191,11.051600456237793,5667361
2025-03-18 19:30:00+00:00,11.0600004196167,11.130000114440918,11.050000190734863,11.119999885559082,4892237
2025-03-19 13:30:00+00:00,11.329999923706055,11.350000381469727,11.100000381469727,11.100000381469727,9852576
2025-03-19 14:30:00+00:00,11.31089973449707,11.390000343322754,11.300000190734863,11.329999923706055,10797138
2025-03-19 15:30:00+00:00,11.350000381469727,11.429200172424316,11.300000190734863,11.3149995803833,8183188
2025-03-19 16:30:00+00:00,11.335000038146973,11.390000343322754,11.274999618530273,11.345000267028809,7444003
2025-03-19 17:30:00+00:00,11.414999961853027,11.460000038146973,11.279999732971191,11.335000038146973,7151447
2025-03-19 18:30:00+00:00,11.423999786376953,11.579999923706055,11.404999732971191,11.420000076293945,13919640
2025-03-19 19:30:00+00:00,11.484999656677246,11.499899864196777,11.41100025177002,11.420000076293945,5326902
2025-03-20 13:30:00+00:00,11.369999885559082,11.4399995803833,11.289999961853027,11.319999694824219,5159651
2025-03-20 14:30:00+00:00,11.335000038146973,11.379199981689453,11.3100004196167,11.359999656677246,8140916
2025-03-20 15:30:00+00:00,11.265000343322754,11.369000434875488,11.260000228881836,11.334199905395508,4497331
2025-03-20 16:30:00+00:00,11.229999542236328,11.300000190734863,11.204999923706055,11.260100364685059,4603706
2025-03-20 17:30:00+00:00,11.234999656677246,11.3100004196167,11.229999542236328,11.239999771118164,4317086
2025-03-20 18:30:00+00:00,11.265000343322754,11.329999923706055,11.210000038146973,11.234999656677246,8201266
2025-03-20 19:30:00+00:00,11.255000114440918,11.319999694824219,11.239999771118164,11.265000343322754,5990317
2025-03-21 13:30:00+00:00,11.100000381469727,11.109999656677246,10.96500015258789,11.0649995803833,6325427
2025-03-21 14:30:00+00:00,11.164999961853027,11.270000457763672,11.100000381469727,11.104999542236328,7459042
2025-03-21 15:30:00+00:00,11.1850004196167,11.220000267028809,11.140000343322754,11.160599708557129,7292830
2025-03-21 16:30:00+00:00,11.21500015258789,11.25,11.15999984741211,11.180000305175781,6736857
2025-03-21 17:30:00+00:00,11.240099906921387,11.295000076293945,11.210000038146973,11.21500015258789,5196648
2025-03-21 18:30:00+00:00,11.305000305175781,11.3149995803833,11.239999771118164,11.242400169372559,3496969
2025-03-21 19:30:00+00:00,11.380000114440918,11.407500267028809,11.270000457763672,11.305000305175781,5338367
2025-03-24 13:30:00+00:00,11.720000267028809,11.760000228881836,11.539999961853027,11.5600004196167,6709830
2025-03-24 14:30:00+00:00,11.824999809265137,11.899999618530273,11.71500015258789,11.725000381469727,6963042
2025-03-24 15:30:00+00:00,11.734999656677246,11.829999923706055,11.720000267028809,11.824999809265137,5388187
2025-03-24 16:30:00+00:00,11.734999656677246,11.770000457763672,11.699999809265137,11.734999656677246,4613015
2025-03-24 17:30:00+00:00,11.654999732971191,11.75,11.640000343322754,11.734999656677246,2973603
2025-03-24 18:30:00+00:00,11.694999694824219,11.779999732971191,11.645000457763672,11.654999732971191,5896060
2025-03-24 19:30:00+00:00,11.824999809265137,11.869999885559082,11.690899848937988,11.699199676513672,9080214
2025-03-25 13:30:00+00:00,11.619999885559082,12.069999694824219,11.609999656677246,11.954999923706055,10712195
2025-03-25 14:30:00+00:00,11.53499984741211,11.679699897766113,11.510000228881836,11.619999885559082,8902760
2025-03-25 15:30:00+00:00,11.505000114440918,11.5600004196167,11.460000038146973,11.53499984741211,10767934
2025-03-25 16:30:00+00:00,11.5,11.829999923706055,11.490099906921387,11.505000114440918,4972876
2025-03-25 17:30:00+00:00,11.524999618530273,11.529999732971191,11.460000038146973,11.505000114440918,4714823
2025-03-25 18:30:00+00:00,11.515000343322754,11.539199829101562,11.489999771118164,11.524999618530273,6899838
2025-03-25 19:30:00+00:00,11.515000343322754,11.5600004196167,11.479999542236328,11.519700050354004,8108797
2025-03-26 13:30:00+00:00,11.354399681091309,11.545000076293945,11.300000190734863,11.545000076293945,8078922
2025-03-26 14:30:00+00:00,11.324999809265137,11.380000114440918,11.3100004196167,11.350000381469727,7678879
2025-03-26 15:30:00+00:00,11.390000343322754,11.404999732971191,11.319999694824219,11.324999809265137,9028924
2025-03-26 16:30:00+00:00,11.329999923706055,11.405599594116211,11.300000190734863,11.390000343322754,5508494
2025-03-26 17:30:00+00:00,11.414999961853027,11.420000076293945,11.3100004196167,11.324999809265137,2855191
2025-03-26 18:30:00+00:00,11.430000305175781,11.475000381469727,11.399999618530273,11.414999961853027,5958502
2025-03-26 19:30:00+00:00,11.449999809265137,11.489700317382812,11.399999618530273,11.4350004196167,5249764
2025-03-27 13:30:00+00:00,11.295000076293945,11.34000015258789,11.09000015258789,11.3100004196167,7477452
2025-03-27 14:30:00+00:00,11.270000457763672,11.350000381469727,11.270000457763672,11.296600341796875,7458006
2025-03-27 15:30:00+00:00,11.21500015258789,11.270000457763672,11.180899620056152,11.270000457763672,6928664
2025-03-27 16:30:00+00:00,11.114399909973145,11.23900032043457,11.109999656677246,11.21500015258789,5978647
2025-03-27 17:30:00+00:00,11.164999961853027,11.199999809265137,11.114999771118164,11.119199752807617,3985688
2025-03-27 18:30:00+00:00,11.139900207519531,11.199999809265137,11.12440013885498,11.164999961853027,12140494
2025-03-27 19:30:00+00:00,11.135000228881836,11.179900169372559,11.109999656677246,11.135000228881836,7642806
2025-03-28 13:30:00+00:00,10.774999618530273,11.149999618530273,10.760000228881836,11.0600004196167,9439603
2025-03-28 14:30:00+00:00,10.854999542236328,10.869999885559082,10.760000228881836,10.774999618530273,12455447
2025-03-28 15:30:00+00:00,10.819999694824219,10.949199676513672,10.80150032043457,10.850000381469727,8779273
2025-03-28 16:30:00+00:00,10.710000038146973,10.84000015258789,10.699999809265137,10.824999809265137,6963921
2025-03-28 17:30:00+00:00,10.706500053405762,10.760000228881836,10.699999809265137,10.71500015258789,4947325
2025-03-28 18:30:00+00:00,10.734999656677246,10.8100004196167,10.6899995803833,10.704999923706055,7441078
2025-03-28 19:30:00+00:00,10.710000038146973,10.739999771118164,10.649999618530273,10.73900032043457,7434235
2025-03-31 13:30:00+00:00,10.149999618530273,10.40999984741211,10.0600004196167,10.40999984741211,13564829
2025-03-31 14:30:00+00:00,10.383999824523926,10.399999618530273,10.149999618530273,10.154999732971191,12640926
2025-03-31 15:30:00+00:00,10.501099586486816,10.529999732971191,10.380000114440918,10.385000228881836,11487185
2025-03-31 16:30:00+00:00,10.520000457763672,10.577199935913086,10.45009994506836,10.50790023803711,4382971
2025-03-31 17:30:00+00:00,10.601499557495117,10.635000228881836,10.491000175476074,10.524999618530273,4983679
2025-03-31 18:30:00+00:00,10.614999771118164,10.665599822998047,10.579999923706055,10.604999542236328,6450790
2025-03-31 19:30:00+00:00,10.545000076293945,10.680000305175781,10.529999732971191,10.614999771118164,7559621
2025-04-01 13:30:00+00:00,10.029999732971191,10.3100004196167,9.920000076293945,10.3100004196167,20253561
2025-04-01 14:30:00+00:00,10.234999656677246,10.279999732971191,10.010000228881836,10.029999732971191,17177756
2025-04-01 15:30:00+00:00,10.24489974975586,10.350000381469727,10.229999542236328,10.234999656677246,7370020
2025-04-01 16:30:00+00:00,10.194999694824219,10.259900093078613,10.15999984741211,10.240099906921387,6058113
2025-04-01 17:30:00+00:00,10.145000457763672,10.270000457763672,10.119999885559082,10.194999694824219,7393102
2025-04-01 18:30:00+00:00,10.260000228881836,10.3100004196167,10.140000343322754,10.145000457763672,7451882
2025-04-01 19:30:00+00:00,10.295000076293945,10.359999656677246,10.260100364685059,10.26990032196045,6697963
2025-04-02 13:30:00+00:00,10.46500015258789,10.470000267028809,10.104999542236328,10.109999656677246,11501522
2025-04-02 14:30:00+00:00,10.520000457763672,10.5600004196167,10.383500099182129,10.470000267028809,10093256
2025-04-02 15:30:00+00:00,10.550000190734863,10.550000190734863,10.449999809265137,10.524999618530273,7347972
2025-04-02 16:30:00+00:00,10.576199531555176,10.630000114440918,10.300000190734863,10.539999961853027,12945456
2025-04-02 17:30:00+00:00,10.494999885559082,10.579999923706055,10.300000190734863,10.574999809265137,6887775
2025-04-02 18:30:00+00:00,10.555000305175781,10.609800338745117,10.479999542236328,10.489999771118164,6514765
2025-04-02 19:30:00+00:00,10.600000381469727,10.640000343322754,10.529999732971191,10.555000305175781,5846546
2025-04-03 13:30:00+00:00,9.675000190734863,9.979999542236328,9.640000343322754,9.970000267028809,23293916
2025-04-03 14:30:00+00:00,9.646400451660156,9.6850004196167,9.529999732971191,9.670000076293945,14853473
2025-04-03 15:30:00+00:00,9.771499633789062,9.8100004196167,9.635000228881836,9.645000457763672,9305252
2025-04-03 16:30:00+00:00,9.694999694824219,9.800000190734863,9.6899995803833,9.774999618530273,4625584
2025-04-03 17:30:00+00:00,9.585000038146973,9.720000267028809,9.579999923706055,9.690099716186523,5196508
2025-04-03 18:30:00+00:00,9.555000305175781,9.630000114440918,9.550000190734863,9.585000038146973,5853863
2025-04-03 19:30:00+00:00,9.505000114440918,9.5600004196167,9.5,9.559900283813477,11103685
2025-04-04 13:30:00+00:00,8.684900283813477,9.220000267028809,8.680100440979004,9.210000038146973,26218275
2025-04-04 14:30:00+00:00,9.005000114440918,9.199999809265137,8.5,8.687399864196777,31219647
2025-04-04 15:30:00+00:00,9.09000015258789,9.25,9.006600379943848,9.006600379943848,13182463
2025-04-04 16:30:00+00:00,9.154999732971191,9.180000305175781,9.020000457763672,9.089900016784668,6838095
2025-04-04 17:30:00+00:00,9.454999923706055,9.470000267028809,9.109999656677246,9.154999732971191,10483593
2025-04-04 18:30:00+00:00,9.4350004196167,9.484999656677246,9.310099601745605,9.452500343322754,9648449
2025-04-04 19:30:00+00:00,9.454999923706055,9.579999923706055,9.350000381469727,9.4350004196167,10999854
2025-04-07 13:30:00+00:00,9.600000381469727,10.220000267028809,9.020600318908691,9.074999809265137,21755399
2025-04-07 14:30:00+00:00,9.4350004196167,9.880000114440918,9.420000076293945,9.600000381469727,11315670
2025-04-07 15:30:00+00:00,9.538599967956543,9.640000343322754,9.380000114440918,9.4350004196167,8211359
2025-04-07 16:30:00+00:00,9.670000076293945,9.680000305175781,9.420100212097168,9.529999732971191,6933965
2025-04-07 17:30:00+00:00,9.604999542236328,9.755000114440918,9.569999694824219,9.670000076293945,7514842
2025-04-07 18:30:00+00:00,9.494999885559082,9.6899995803833,9.489999771118164,9.604999542236328,6479266
2025-04-07 19:30:00+00:00,9.710000038146973,9.739999771118164,9.489999771118164,9.497699737548828,8302953
2025-04-08 13:30:00+00:00,9.819999694824219,10.069999694824219,9.59000015258789,10.050000190734863,18746256
2025-04-08 14:30:00+00:00,9.675000190734863,9.899999618530273,9.58489990234375,9.824999809265137,12029776
2025-04-08 15:30:00+00:00,9.428999900817871,9.760000228881836,9.369999885559082,9.680000305175781,8352583
2025-04-08 16:30:00+00:00,9.130000114440918,9.449999809265137,9.109999656677246,9.425000190734863,8183370
2025-04-08 17:30:00+00:00,9.220000267028809,9.3100004196167,9.119999885559082,9.125,10020475
2025-04-08 18:30:00+00:00,9.078700065612793,9.420000076293945,9.029999732971191,9.225000381469727,7999904
2025-04-08 19:30:00+00:00,9.079999923706055,9.100000381469727,8.920000076293945,9.074999809265137,12019744
2025-04-09 13:30:00+00:00,9.425000190734863,9.539999961853027,9.085000038146973,9.119999885559082,15062753
2025-04-09 14:30:00+00:00,9.229999542236328,9.529999732971191,9.164999961853027,9.425000190734863,11508276
2025-04-09 15:30:00+00:00,9.265000343322754,9.3100004196167,9.100000381469727,9.229999542236328,8546309
2025-04-09 16:30:00+00:00,9.920000076293945,10.100000381469727,9.175000190734863,9.265000343322754,16013983
2025-04-09 17:30:00+00:00,10.910099983215332,10.9350004196167,9.84000015258789,9.920000076293945,31816421
2025-04-09 18:30:00+00:00,10.734999656677246,10.989999771118164,10.449999809265137,10.914999961853027,23535557
2025-04-09 19:30:00+00:00,11.119999885559082,11.229999542236328,10.704999923706055,10.739999771118164,19989952
2025-04-10 13:30:00+00:00,9.880000114440918,10.65999984741211,9.859999656677246,10.529999732971191,20781294
2025-04-10 14:30:00+00:00,9.84000015258789,10.0,9.729999542236328,9.885000228881836,11755085
2025-04-10 15:30:00+00:00,9.535499572753906,9.880000114440918,9.5,9.845000267028809,10039961
2025-04-10 16:30:00+00:00,9.666500091552734,9.829999923706055,9.521699905395508,9.530799865722656,8249402
2025-04-10 17:30:00+00:00,9.875399589538574,9.890000343322754,9.614999771118164,9.65999984741211,7910753
2025-04-10 18:30:00+00:00,9.585000038146973,9.920000076293945,9.579999923706055,9.875,9313082
2025-04-10 19:30:00+00:00,9.505000114440918,9.645700454711914,9.4399995803833,9.579999923706055,13577675
2025-04-11 13:30:00+00:00,9.345000267028809,9.600000381469727,9.3149995803833,9.510000228881836,10349869
2025-04-11 14:30:00+00:00,9.359999656677246,9.479999542236328,9.319999694824219,9.350000381469727,5762408
2025-04-11 15:30:00+00:00,9.364999771118164,9.429900169372559,9.300000190734863,9.359999656677246,6789634
2025-04-11 16:30:00+00:00,9.410099983215332,9.545000076293945,9.360099792480469,9.360099792480469,6369678
2025-04-11 17:30:00+00:00,9.550000190734863,9.669899940490723,9.390000343322754,9.419899940490723,7449572
2025-04-11 18:30:00+00:00,9.645000457763672,9.699999809265137,9.520099639892578,9.542499542236328,7508760
2025-04-11 19:30:00+00:00,9.670000076293945,9.6899995803833,9.5600004196167,9.640000343322754,7037119
2025-04-14 13:30:00+00:00,9.725000381469727,9.970000267028809,9.649999618530273,9.96500015258789,9810276
2025-04-14 14:30:00+00:00,9.614999771118164,9.760000228881836,9.614999771118164,9.725000381469727,8643938
2025-04-14 15:30:00+00:00,9.494999885559082,9.65999984741211,9.430000305175781,9.619999885559082,12046331
2025-04-14 16:30:00+00:00,9.535300254821777,9.635000228881836,9.479999542236328,9.494999885559082,7349714
2025-04-14 17:30:00+00:00,9.645000457763672,9.654999732971191,9.510000228881836,9.53499984741211,6064248
2025-04-14 18:30:00+00:00,9.625,9.678000450134277,9.579999923706055,9.645000457763672,9262548
2025-04-14 19:30:00+00:00,9.574999809265137,9.649999618530273,9.569999694824219,9.619999885559082,6948381
2025-04-15 13:30:00+00:00,9.844900131225586,9.970000267028809,9.59000015258789,9.59000015258789,11569464
2025-04-15 14:30:00+00:00,9.8149995803833,9.925000190734863,9.789999961853027,9.845000267028809,12769736
2025-04-15 15:30:00+00:00,9.869099617004395,9.920000076293945,9.789999961853027,9.8149995803833,10778490
2025-04-15 16:30:00+00:00,9.795000076293945,9.899999618530273,9.760000228881836,9.864999771118164,5710566
2025-04-15 17:30:00+00:00,9.78499984741211,9.895000457763672,9.760100364685059,9.792499542236328,7114454
2025-04-15 18:30:00+00:00,9.819000244140625,9.868200302124023,9.779999732971191,9.789999961853027,6744502
2025-04-15 19:30:00+00:00,9.859999656677246,9.869999885559082,9.802599906921387,9.8149995803833,6807136
2025-04-16 13:30:00+00:00,9.585000038146973,9.960000038146973,9.520000457763672,9.920000076293945,14273496
2025-04-16 14:30:00+00:00,9.725299835205078,9.770000457763672,9.56470012664795,9.585000038146973,14160422
2025-04-16 15:30:00+00:00,9.640000343322754,9.779999732971191,9.619999885559082,9.725000381469727,12045195
2025-04-16 16:30:00+00:00,9.569999694824219,9.670000076293945,9.539999961853027,9.640000343322754,5262733
2025-04-16 17:30:00+00:00,9.432000160217285,9.5600004196167,9.350000381469727,9.5600004196167,8869230
2025-04-16 18:30:00+00:00,9.300000190734863,9.4399995803833,9.270000457763672,9.4399995803833,6504902
2025-04-16 19:30:00+00:00,9.40999984741211,9.4399995803833,9.300000190734863,9.305000305175781,7974344
2025-04-17 13:30:00+00:00,9.3149995803833,9.468899726867676,9.290399551391602,9.404999732971191,6428163
2025-04-17 14:30:00+00:00,9.324999809265137,9.388999938964844,9.289999961853027,9.3149995803833,7386060
2025-04-17 15:30:00+00:00,9.475000381469727,9.510000228881836,9.319999694824219,9.324999809265137,9757321
2025-04-17 16:30:00+00:00,9.40999984741211,9.5600004196167,9.399999618530273,9.47920036315918,7356650
2025-04-17 17:30:00+00:00,9.479999542236328,9.489999771118164,9.391500473022461,9.404999732971191,6099011
2025-04-17 18:30:00+00:00,9.4399995803833,9.529899597167969,9.404999732971191,9.479999542236328,8695346
2025-04-17 19:30:00+00:00,9.46500015258789,9.489999771118164,9.434900283813477,9.444999694824219,5537358
2025-04-21 13:30:00+00:00,9.047499656677246,9.319999694824219,8.960000038146973,9.265000343322754,13244859
2025-04-21 14:30:00+00:00,8.979999542236328,9.09000015258789,8.970000267028809,9.04010009765625,6288702
2025-04-21 15:30:00+00:00,9.074999809265137,9.100000381469727,8.970000267028809,8.984999656677246,8230789
2025-04-21 16:30:00+00:00,9.050000190734863,9.109100341796875,9.0423002243042,9.074999809265137,6240174
2025-04-21 17:30:00+00:00,9.085000038146973,9.100000381469727,9.039999961853027,9.056300163269043,5579459
2025-04-21 18:30:00+00:00,9.129199981689453,9.140000343322754,9.045000076293945,9.085000038146973,7890288
2025-04-21 19:30:00+00:00,9.069999694824219,9.15999984741211,9.0649995803833,9.125,10552096
2025-04-22 13:30:00+00:00,9.0649995803833,9.239999771118164,9.039999961853027,9.1850004196167,10197236
2025-04-22 14:30:00+00:00,9.135000228881836,9.179100036621094,9.050000190734863,9.0600004196167,11971593
2025-04-22 15:30:00+00:00,9.274999618530273,9.289999961853027,9.079999923706055,9.140000343322754,9931890
2025-04-22 16:30:00+00:00,9.109999656677246,9.3100004196167,9.100000381469727,9.274999618530273,7243457
2025-04-22 17:30:00+00:00,9.234999656677246,9.270000457763672,9.079999923706055,9.104999542236328,5986160
2025-04-22 18:30:00+00:00,9.244999885559082,9.289999961853027,9.229999542236328,9.233699798583984,6335787
2025-04-22 19:30:00+00:00,9.3100004196167,9.329999923706055,9.225000381469727,9.244999885559082,8182647
2025-04-23 13:30:00+00:00,9.824999809265137,10.024999618530273,9.751099586486816,9.829000473022461,21075309
2025-04-23 14:30:00+00:00,9.59000015258789,9.829999923706055,9.555000305175781,9.819999694824219,11867269
2025-04-23 15:30:00+00:00,9.449999809265137,9.609999656677246,9.390000343322754,9.586999893188477,14038675
2025-04-23 16:30:00+00:00,9.494999885559082,9.5600004196167,9.440099716186523,9.454999923706055,9200733
2025-04-23 17:30:00+00:00,9.449999809265137,9.509900093078613,9.395000457763672,9.494999885559082,10403703
2025-04-23 18:30:00+00:00,9.352899551391602,9.475199699401855,9.34000015258789,9.444999694824219,15967611
2025-04-23 19:30:00+00:00,9.319999694824219,9.390000343322754,9.3100004196167,9.354999542236328,16426142
2025-04-24 13:30:00+00:00,9.414999961853027,9.680000305175781,9.210000038146973,9.40999984741211,22154556
2025-04-24 14:30:00+00:00,9.444999694824219,9.539999961853027,9.399999618530273,9.414999961853027,7257115
2025-04-24 15:30:00+00:00,9.569999694824219,9.579999923706055,9.414999961853027,9.444999694824219,7060611
2025-04-24 16:30:00+00:00,9.5649995803833,9.640000343322754,9.520000457763672,9.569700241088867,6170825
2025-04-24 17:30:00+00:00,9.539999961853027,9.59000015258789,9.520000457763672,9.569999694824219,4989924
2025-04-24 18:30:00+00:00,9.538800239562988,9.670000076293945,9.529999732971191,9.532999992370605,8135163
2025-04-24 19:30:00+00:00,9.609999656677246,9.65999984741211,9.529999732971191,9.53499984741211,10151385
2025-04-25 13:30:00+00:00,9.574999809265137,9.720000267028809,9.494999885559082,9.579999923706055,11749022
2025-04-25 14:30:00+00:00,9.6850004196167,9.75,9.54010009765625,9.570699691772461,11126864
2025-04-25 15:30:00+00:00,9.6899995803833,9.770000457763672,9.680000305175781,9.6899995803833,9227934
2025-04-25 16:30:00+00:00,9.8149995803833,9.829999923706055,9.6850004196167,9.694999694824219,5662379
2025-04-25 17:30:00+00:00,9.710000038146973,9.84000015258789,9.614999771118164,9.819999694824219,9467342
2025-04-25 18:30:00+00:00,9.654999732971191,9.789999961853027,9.654800415039062,9.703300476074219,6989056
2025-04-25 19:30:00+00:00,9.75,9.760000228881836,9.630000114440918,9.654999732971191,8128255
2025-04-28 13:30:00+00:00,9.925000190734863,10.010000228881836,9.71500015258789,9.760000228881836,11845326
2025-04-28 14:30:00+00:00,9.76990032196045,9.949999809265137,9.75,9.930000305175781,12733387
2025-04-28 15:30:00+00:00,9.755000114440918,9.850000381469727,9.73069953918457,9.765000343322754,8383163
2025-04-28 16:30:00+00:00,9.699999809265137,9.788999557495117,9.680000305175781,9.760000228881836,4658578
2025-04-28 17:30:00+00:00,9.819899559020996,9.819999694824219,9.699999809265137,9.704999923706055,5010472
2025-04-28 18:30:00+00:00,9.8100004196167,9.829999923706055,9.779999732971191,9.819999694824219,6068253
2025-04-28 19:30:00+00:00,9.854999542236328,9.869999885559082,9.789999961853027,9.805000305175781,6641486
2025-04-29 13:30:00+00:00,9.65999984741211,9.789999961853027,9.640000343322754,9.76200008392334,11191038
2025-04-29 14:30:00+00:00,9.8149995803833,9.819999694824219,9.650099754333496,9.65999984741211,12188016
2025-04-29 15:30:00+00:00,9.759900093078613,9.829999923706055,9.739999771118164,9.81089973449707,9829647
2025-04-29 16:30:00+00:00,9.795000076293945,9.800000190734863,9.694999694824219,9.760000228881836,4839901
2025-04-29 17:30:00+00:00,9.825599670410156,9.920000076293945,9.789999961853027,9.798500061035156,9724854
2025-04-29 18:30:00+00:00,9.925000190734863,9.9399995803833,9.8100004196167,9.827099800109863,5481349
2025-04-29 19:30:00+00:00,9.90999984741211,9.930000305175781,9.859999656677246,9.930000305175781,5831011
2025-04-30 13:30:00+00:00,9.69480037689209,9.70989990234375,9.479999542236328,9.640000343322754,14826680
2025-04-30 14:30:00+00:00,9.635000228881836,9.748499870300293,9.614999771118164,9.699999809265137,12631841
2025-04-30 15:30:00+00:00,9.765000343322754,9.819999694824219,9.619999885559082,9.63479995727539,10692779
2025-04-30 16:30:00+00:00,9.825200080871582,9.84000015258789,9.744799613952637,9.770000457763672,6176171
2025-04-30 17:30:00+00:00,9.876899719238281,9.90999984741211,9.810099601745605,9.824999809265137,6017722
2025-04-30 18:30:00+00:00,9.917200088500977,9.9399995803833,9.8233003616333,9.880000114440918,6608473
2025-04-30 19:30:00+00:00,9.9399995803833,9.989999771118164,9.90999984741211,9.914999961853027,8829690
2025-05-01 13:30:00+00:00,10.074999809265137,10.220000267028809,10.020000457763672,10.029999732971191,10533466
2025-05-01 14:30:00+00:00,10.154999732971191,10.170000076293945,10.039999961853027,10.073599815368652,9182002
2025-05-01 15:30:00+00:00,10.055000305175781,10.180000305175781,9.979999542236328,10.15999984741211,10740986
2025-05-01 16:30:00+00:00,10.055000305175781,10.100000381469727,10.029999732971191,10.055000305175781,4695345
2025-05-01 17:30:00+00:00,10.0600004196167,10.100000381469727,10.029999732971191,10.055000305175781,4350374
2025-05-01 18:30:00+00:00,10.095000267028809,10.100000381469727,10.020000457763672,10.055000305175781,5478676
2025-05-01 19:30:00+00:00,10.029999732971191,10.130000114440918,10.010000228881836,10.09000015258789,5750841
2025-05-02 13:30:00+00:00,10.479900360107422,10.515000343322754,10.25,10.25,15222507
2025-05-02 14:30:00+00:00,10.505000114440918,10.579999923706055,10.460000038146973,10.479999542236328,14499346
2025-05-02 15:30:00+00:00,10.625,10.6899995803833,10.479999542236328,10.505000114440918,16280646
2025-05-02 16:30:00+00:00,10.554800033569336,10.670000076293945,10.520000457763672,10.625,9069922
2025-05-02 17:30:00+00:00,10.538299560546875,10.600000381469727,10.529999732971191,10.555000305175781,4710429
2025-05-02 18:30:00+00:00,10.529399871826172,10.579999923706055,10.479999542236328,10.53499984741211,5286138
2025-05-02 19:30:00+00:00,10.524999618530273,10.549300193786621,10.484999656677246,10.529999732971191,7026883
2025-05-05 13:30:00+00:00,10.861200332641602,10.930000305175781,10.399999618530273,10.420000076293945,18735271
2025-05-05 14:30:00+00:00,10.8149995803833,10.90999984741211,10.770000457763672,10.869999885559082,15145291
2025-05-05 15:30:00+00:00,10.938199996948242,10.949999809265137,10.75,10.8149995803833,12061291
2025-05-05 16:30:00+00:00,10.864999771118164,10.979999542236328,10.861200332641602,10.930000305175781,6825378
2025-05-05 17:30:00+00:00,10.845000267028809,10.949999809265137,10.840100288391113,10.864999771118164,7247655
2025-05-05 18:30:00+00:00,10.78499984741211,10.890000343322754,10.739999771118164,10.845000267028809,7092530
2025-05-05 19:30:00+00:00,10.670000076293945,10.829999923706055,10.65999984741211,10.779999732971191,12363305
2025-05-06 13:30:00+00:00,10.574999809265137,10.59000015258789,10.380000114440918,10.399999618530273,15532555
2025-05-06 14:30:00+00:00,10.489999771118164,10.59000015258789,10.449999809265137,10.579899787902832,8474133
2025-05-06 15:30:00+00:00,10.524999618530273,10.59000015258789,10.449999809265137,10.494999885559082,13483456
2025-05-06 16:30:00+00:00,10.430000305175781,10.539999961853027,10.40999984741211,10.524999618530273,6317097
2025-05-06 17:30:00+00:00,10.505000114440918,10.520000457763672,10.430000305175781,10.430000305175781,4091272
2025-05-06 18:30:00+00:00,10.505000114440918,10.520000457763672,10.470000267028809,10.509900093078613,4360722
2025-05-06 19:30:00+00:00,10.425000190734863,10.529999732971191,10.420000076293945,10.505000114440918,5340170
2025-05-07 13:30:00+00:00,10.614999771118164,10.65999984741211,10.470000267028809,10.5,7373815
2025-05-07 14:30:00+00:00,10.5649995803833,10.669099807739258,10.529999732971191,10.614999771118164,6192971
2025-05-07 15:30:00+00:00,10.60159969329834,10.630000114440918,10.5600004196167,10.5600004196167,5284451
2025-05-07 16:30:00+00:00,10.571800231933594,10.680000305175781,10.5600004196167,10.604999542236328,3796388
2025-05-07 17:30:00+00:00,10.489999771118164,10.59000015258789,10.440699577331543,10.574999809265137,5016904
2025-05-07 18:30:00+00:00,10.515199661254883,10.619999885559082,10.489999771118164,10.498000144958496,6046392
2025-05-07 19:30:00+00:00,10.5600004196167,10.640000343322754,10.505000114440918,10.514800071716309,6149939
2025-05-08 13:30:00+00:00,10.96500015258789,10.979999542236328,10.670000076293945,10.789999961853027,9329000
2025-05-08 14:30:00+00:00,11.114999771118164,11.12909984588623,10.949999809265137,10.960000038146973,15078547
2025-05-08 15:30:00+00:00,11.090700149536133,11.15999984741211,11.020000457763672,11.114999771118164,9601368
2025-05-08 16:30:00+00:00,11.126700401306152,11.199999809265137,11.09000015258789,11.095000267028809,5004887
2025-05-08 17:30:00+00:00,11.10200023651123,11.149999618530273,11.0600004196167,11.130000114440918,5580700
2025-05-08 18:30:00+00:00,11.1850004196167,11.1899995803833,11.09000015258789,11.104999542236328,5003101
2025-05-08 19:30:00+00:00,11.039999961853027,11.1899995803833,11.020099639892578,11.180100440979004,6511222
2025-05-09 13:30:00+00:00,11.069899559020996,11.229499816894531,11.050000190734863,11.104999542236328,9022465
2025-05-09 14:30:00+00:00,11.074999809265137,11.145000457763672,11.010000228881836,11.0649995803833,15157151
2025-05-09 15:30:00+00:00,10.965100288391113,11.09000015258789,10.949999809265137,11.074999809265137,9169594
2025-05-09 16:30:00+00:00,11.012200355529785,11.020000457763672,10.930000305175781,10.969900131225586,6736526
2025-05-09 17:30:00+00:00,11.000100135803223,11.025199890136719,10.979999542236328,11.013099670410156,3879915
2025-05-09 18:30:00+00:00,11.1048002243042,11.119999885559082,11.0,11.005000114440918,8292240
2025-05-09 19:30:00+00:00,11.104999542236328,11.140000343322754,11.079999923706055,11.104999542236328,5926988
2025-05-12 13:30:00+00:00,11.716099739074707,12.100000381469727,11.680000305175781,11.949999809265137,29701755
2025-05-12 14:30:00+00:00,11.640000343322754,11.805000305175781,11.600000381469727,11.719499588012695,11725924
2025-05-12 15:30:00+00:00,11.53499984741211,11.65999984741211,11.489999771118164,11.639699935913086,8922102
2025-05-12 16:30:00+00:00,11.569999694824219,11.619999885559082,11.539999961853027,11.545000076293945,8434320
2025-05-12 17:30:00+00:00,11.5649995803833,11.640000343322754,11.550000190734863,11.5693998336792,6189300
2025-05-12 18:30:00+00:00,11.649999618530273,11.680000305175781,11.539999961853027,11.5649995803833,7260156
2025-05-12 19:30:00+00:00,11.680000305175781,11.720000267028809,11.649999618530273,11.649999618530273,7709644
2025-05-13 13:30:00+00:00,12.180000305175781,12.350000381469727,11.739999771118164,11.779999732971191,27282064
2025-05-13 14:30:00+00:00,12.124899864196777,12.210000038146973,12.0600004196167,12.180000305175781,12380432
2025-05-13 15:30:00+00:00,12.154999732971191,12.234999656677246,12.109999656677246,12.125,8834020
2025-05-13 16:30:00+00:00,12.175000190734863,12.220000267028809,12.120100021362305,12.15999984741211,7134849
2025-05-13 17:30:00+00:00,12.268099784851074,12.300000190734863,12.149999618530273,12.175000190734863,10313698
2025-05-13 18:30:00+00:00,12.329999923706055,12.369999885559082,12.239999771118164,12.260000228881836,9164385
2025-05-13 19:30:00+00:00,12.3100004196167,12.385000228881836,12.28499984741211,12.324999809265137,7761941
2025-05-14 13:30:00+00:00,12.279600143432617,12.444999694824219,12.239999771118164,12.239999771118164,17036608
2025-05-14 14:30:00+00:00,12.210000038146973,12.350000381469727,12.149999618530273,12.274999618530273,10842686
2025-05-14 15:30:00+00:00,12.135000228881836,12.244999885559082,12.114999771118164,12.204999923706055,6488970
2025-05-14 16:30:00+00:00,12.02910041809082,12.1899995803833,11.989999771118164,12.134900093078613,9842051
2025-05-14 17:30:00+00:00,11.850000381469727,12.03499984741211,11.84000015258789,12.024999618530273,7582173
2025-05-14 18:30:00+00:00,11.885000228881836,11.989999771118164,11.829999923706055,11.854999542236328,10949494
2025-05-14 19:30:00+00:00,11.850000381469727,11.920000076293945,11.819999694824219,11.880000114440918,7852806
2025-05-15 13:30:00+00:00,11.480600357055664,11.869999885559082,11.470000267028809,11.850000381469727,12229032
2025-05-15 14:30:00+00:00,11.725000381469727,11.75,11.46500015258789,11.484999656677246,9965460
2025-05-15 15:30:00+00:00,11.734999656677246,11.800000190734863,11.710000038146973,11.720100402832031,6416706
2025-05-15 16:30:00+00:00,11.779999732971191,11.829999923706055,11.729999542236328,11.734999656677246,4743603
2025-05-15 17:30:00+00:00,11.798800468444824,11.819999694824219,11.720000267028809,11.779999732971191,5758302
2025-05-15 18:30:00+00:00,11.725000381469727,11.800000190734863,11.720000267028809,11.795000076293945,7203772
2025-05-15 19:30:00+00:00,11.755000114440918,11.770000457763672,11.699999809265137,11.725000381469727,7448586
2025-05-16 13:30:00+00:00,11.765000343322754,11.84000015258789,11.680000305175781,11.760000228881836,6899382
2025-05-16 14:30:00+00:00,11.789299964904785,11.8100004196167,11.670000076293945,11.765000343322754,6818040
2025-05-16 15:30:00+00:00,11.854999542236328,11.90999984741211,11.779999732971191,11.789899826049805,6427675
2025-05-16 16:30:00+00:00,11.944999694824219,11.949999809265137,11.829999923706055,11.854999542236328,4469521
2025-05-16 17:30:00+00:00,11.949999809265137,11.979999542236328,11.890000343322754,11.9399995803833,4287700
2025-05-16 18:30:00+00:00,11.880000114440918,11.970000267028809,11.84000015258789,11.944999694824219,8964245
2025-05-16 19:30:00+00:00,11.864999771118164,11.90999984741211,11.84000015258789,11.885000228881836,6716049
2025-05-19 13:30:00+00:00,11.820699691772461,11.925000190734863,11.5,11.670000076293945,12258062
2025-05-19 14:30:00+00:00,11.845000267028809,11.899999618530273,11.740799903869629,11.824999809265137,7308861
2025-05-19 15:30:00+00:00,11.854999542236328,11.899999618530273,11.800000190734863,11.845000267028809,6287899
2025-05-19 16:30:00+00:00,11.875,11.920000076293945,11.819999694824219,11.850199699401855,3937842
2025-05-19 17:30:00+00:00,11.819999694824219,11.899999618530273,11.8100004196167,11.875,3883017
2025-05-19 18:30:00+00:00,11.795000076293945,11.854999542236328,11.780699729919434,11.824999809265137,3878156
2025-05-19 19:30:00+00:00,11.850000381469727,11.859999656677246,11.789999961853027,11.795000076293945,4755471
2025-05-20 13:30:00+00:00,11.899200439453125,11.960000038146973,11.734999656677246,11.829999923706055,8789830
2025-05-20 14:30:00+00:00,11.830100059509277,11.949999809265137,11.819999694824219,11.895000457763672,6422214
2025-05-20 15:30:00+00:00,11.694999694824219,11.859999656677246,11.690600395202637,11.84000015258789,5577201
2025-05-20 16:30:00+00:00,11.6899995803833,11.744999885559082,11.670000076293945,11.694999694824219,4634971
2025-05-20 17:30:00+00:00,11.600000381469727,11.720000267028809,11.59000015258789,11.694999694824219,4011383
2025-05-20 18:30:00+00:00,11.585000038146973,11.619999885559082,11.5649995803833,11.600000381469727,6825945
2025-05-20 19:30:00+00:00,11.649999618530273,11.670000076293945,11.583499908447266,11.585000038146973,6272221
2025-05-21 13:30:00+00:00,11.425000190734863,11.5,11.369999885559082,11.489999771118164,7607534
2025-05-21 14:30:00+00:00,11.5,11.5,11.390000343322754,11.42959976196289,5986516
2025-05-21 15:30:00+00:00,11.505000114440918,11.5600004196167,11.489999771118164,11.498800277709961,4951781
2025-05-21 16:30:00+00:00,11.270000457763672,11.550000190734863,11.255000114440918,11.510000228881836,7002237
2025-05-21 17:30:00+00:00,11.295000076293945,11.399999618530273,11.240500450134277,11.260000228881836,10322087
2025-05-21 18:30:00+00:00,11.210000038146973,11.329999923706055,11.1899995803833,11.295000076293945,12235768
2025-05-21 19:30:00+00:00,11.225000381469727,11.289999961853027,11.210000038146973,11.210000038146973,7661818
2025-05-22 13:30:00+00:00,11.345000267028809,11.449999809265137,11.199999809265137,11.220000267028809,8913730
2025-05-22 14:30:00+00:00,11.225000381469727,11.369999885559082,11.183300018310547,11.345000267028809,11775195
2025-05-22 15:30:00+00:00,11.385000228881836,11.390000343322754,11.210000038146973,11.229999542236328,6962771
2025-05-22 16:30:00+00:00,11.39739990234375,11.430000305175781,11.305000305175781,11.385000228881836,4667022
2025-05-22 17:30:00+00:00,11.40999984741211,11.430000305175781,11.359999656677246,11.39900016784668,3554127
2025-05-22 18:30:00+00:00,11.524999618530273,11.555000305175781,11.40999984741211,11.414999961853027,5031844
2025-05-22 19:30:00+00:00,11.390000343322754,11.550000190734863,11.380000114440918,11.529999732971191,7690848
2025-05-23 13:30:00+00:00,11.164999961853027,11.279999732971191,11.020000457763672,11.0600004196167,10139611
2025-05-23 14:30:00+00:00,11.121500015258789,11.199999809265137,11.09000015258789,11.170000076293945,8962150
2025-05-23 15:30:00+00:00,11.104999542236328,11.140000343322754,11.079999923706055,11.119999885559082,6327344
2025-05-23 16:30:00+00:00,11.180000305175781,11.1899995803833,11.079999923706055,11.104999542236328,3949917
2025-05-23 17:30:00+00:00,11.170000076293945,11.204999923706055,11.149999618530273,11.180000305175781,4733129
2025-05-23 18:30:00+00:00,11.1850004196167,11.220000267028809,11.170000076293945,11.175000190734863,4370934
2025-05-23 19:30:00+00:00,11.1850004196167,11.210000038146973,11.140999794006348,11.1850004196167,5812363
2025-05-27 13:30:00+00:00,11.595000267028809,11.609999656677246,11.369999885559082,11.399999618530273,11752258
2025-05-27 14:30:00+00:00,11.770000457763672,11.779999732971191,11.59000015258789,11.595000267028809,16474036
2025-05-27 15:30:00+00:00,11.6850004196167,11.800000190734863,11.6850004196167,11.765000343322754,13090490
2025-05-27 16:30:00+00:00,11.675000190734863,11.729999542236328,11.640000343322754,11.689200401306152,8443638
2025-05-27 17:30:00+00:00,11.635000228881836,11.699999809265137,11.609999656677246,11.675000190734863,5841060
2025-05-27 18:30:00+00:00,11.675000190734863,11.699999809265137,11.63010025024414,11.640000343322754,4945539
2025-05-27 19:30:00+00:00,11.654999732971191,11.680000305175781,11.600000381469727,11.671299934387207,7678042
2025-05-28 13:30:00+00:00,11.53499984741211,11.739899635314941,11.529999732971191,11.699999809265137,12497762
2025-05-28 14:30:00+00:00,11.520000457763672,11.579999923706055,11.5,11.539899826049805,14494326
2025-05-28 15:30:00+00:00,11.515000343322754,11.569999694824219,11.470000267028809,11.524999618530273,5889335
2025-05-28 16:30:00+00:00,11.490099906921387,11.529999732971191,11.470000267028809,11.515000343322754,5968564
2025-05-28 17:30:00+00:00,11.444999694824219,11.494999885559082,11.4399995803833,11.494999885559082,3582576
2025-05-28 18:30:00+00:00,11.468099594116211,11.510000228881836,11.390000343322754,11.444999694824219,8978966
2025-05-28 19:30:00+00:00,11.425000190734863,11.484999656677246,11.40999984741211,11.460000038146973,8216943
2025-05-29 13:30:00+00:00,11.40999984741211,11.670000076293945,11.390000343322754,11.645000457763672,10323551
2025-05-29 14:30:00+00:00,11.422800064086914,11.470000267028809,11.369999885559082,11.414999961853027,10865407
2025-05-29 15:30:00+00:00,11.40999984741211,11.569999694824219,11.329999923706055,11.425000190734863,11828950
2025-05-29 16:30:00+00:00,11.364999771118164,11.466500282287598,11.354999542236328,11.414999961853027,8150332
2025-05-29 17:30:00+00:00,11.335000038146973,11.399999618530273,11.3100004196167,11.364999771118164,6119710
2025-05-29 18:30:00+00:00,11.354999542236328,11.380000114440918,11.3100004196167,11.335000038146973,6100851
2025-05-29 19:30:00+00:00,11.390000343322754,11.420000076293945,11.345000267028809,11.354999542236328,6754601
2025-05-30 13:30:00+00:00,11.260100364685059,11.3100004196167,11.1899995803833,11.279999732971191,9135939
2025-05-30 14:30:00+00:00,11.3149995803833,11.3149995803833,11.229999542236328,11.260000228881836,10038891
2025-05-30 15:30:00+00:00,11.3149995803833,11.359100341796875,11.25,11.3100004196167,12913762
2025-05-30 16:30:00+00:00,11.369999885559082,11.369999885559082,11.220000267028809,11.3100004196167,8164321
2025-05-30 17:30:00+00:00,11.430000305175781,11.4350004196167,11.331999778747559,11.364999771118164,5756563
2025-05-30 18:30:00+00:00,11.46500015258789,11.470000267028809,11.390999794006348,11.42650032043457,6359836
2025-05-30 19:30:00+00:00,11.399999618530273,11.470000267028809,11.390000343322754,11.460000038146973,5976566
2025-06-02 13:30:00+00:00,11.305000305175781,11.329899787902832,11.029999732971191,11.3149995803833,14495467
2025-06-02 14:30:00+00:00,11.244999885559082,11.3100004196167,11.199999809265137,11.300000190734863,11674162
2025-06-02 15:30:00+00:00,11.274999618530273,11.324999809265137,11.239999771118164,11.240500450134277,5476385
2025-06-02 16:30:00+00:00,11.274999618530273,11.3100004196167,11.244999885559082,11.274999618530273,3416405
2025-06-02 17:30:00+00:00,11.295000076293945,11.3100004196167,11.25,11.274999618530273,4709599
2025-06-02 18:30:00+00:00,11.3149995803833,11.34000015258789,11.279999732971191,11.295000076293945,3729379
2025-06-02 19:30:00+00:00,11.375,11.390000343322754,11.300000190734863,11.3149995803833,4380025
2025-06-03 13:30:00+00:00,11.38010025024414,11.399999618530273,11.210000038146973,11.329999923706055,9657731
2025-06-03 14:30:00+00:00,11.4399995803833,11.460000038146973,11.380000114440918,11.385000228881836,10406769
2025-06-03 15:30:00+00:00,11.4399995803833,11.489999771118164,11.390000343322754,11.4399995803833,6295280
2025-06-03 16:30:00+00:00,11.413399696350098,11.449999809265137,11.399999618530273,11.444999694824219,2566578
2025-06-03 17:30:00+00:00,11.404999732971191,11.479999542236328,11.354999542236328,11.411999702453613,5132617
2025-06-03 18:30:00+00:00,11.524999618530273,11.529999732971191,11.399999618530273,11.404999732971191,5126147
2025-06-03 19:30:00+00:00,11.470000267028809,11.529999732971191,11.430000305175781,11.524999618530273,5665483
2025-06-04 13:30:00+00:00,11.430000305175781,11.555000305175781,11.319999694824219,11.510000228881836,9485308
2025-06-04 14:30:00+00:00,11.479999542236328,11.579999923706055,11.359999656677246,11.43019962310791,13774579
2025-06-04 15:30:00+00:00,11.499799728393555,11.550000190734863,11.460000038146973,11.479999542236328,7144293
2025-06-04 16:30:00+00:00,11.512499809265137,11.539999961853027,11.494999885559082,11.499899864196777,2561902
2025-06-04 17:30:00+00:00,11.489999771118164,11.529999732971191,11.479999542236328,11.515000343322754,2228651
2025-06-04 18:30:00+00:00,11.470100402832031,11.509900093078613,11.430000305175781,11.494999885559082,3228763
2025-06-04 19:30:00+00:00,11.420000076293945,11.489999771118164,11.420000076293945,11.478899955749512,3247743
2025-06-05 13:30:00+00:00,11.335000038146973,11.510000228881836,11.270000457763672,11.34000015258789,8340854
2025-06-05 14:30:00+00:00,11.479999542236328,11.479999542236328,11.265000343322754,11.335000038146973,10464184
2025-06-05 15:30:00+00:00,11.475000381469727,11.489999771118164,11.444999694824219,11.475000381469727,6455843
2025-06-05 16:30:00+00:00,11.46500015258789,11.489999771118164,11.354599952697754,11.475000381469727,7391398
2025-06-05 17:30:00+00:00,11.4350004196167,11.489999771118164,11.404999732971191,11.468299865722656,5514132
2025-06-05 18:30:00+00:00,11.274999618530273,11.4399995803833,11.220100402832031,11.4399995803833,6055976
2025-06-05 19:30:00+00:00,11.270000457763672,11.350000381469727,11.25,11.279999732971191,5045190
2025-06-06 13:30:00+00:00,11.495400428771973,11.600000381469727,11.424500465393066,11.479999542236328,8006226
2025-06-06 14:30:00+00:00,11.574999809265137,11.614999771118164,11.479999542236328,11.489999771118164,11164846
2025-06-06 15:30:00+00:00,11.654999732971191,11.680000305175781,11.569999694824219,11.579999923706055,5913178
2025-06-06 16:30:00+00:00,11.59000015258789,11.680000305175781,11.569999694824219,11.675000190734863,4034123
2025-06-06 17:30:00+00:00,11.664999961853027,11.6899995803833,11.579999923706055,11.585000038146973,3369152
2025-06-06 18:30:00+00:00,11.755000114440918,11.760000228881836,11.645000457763672,11.664999961853027,4441235
2025-06-06 19:30:00+00:00,11.760000228881836,11.800000190734863,11.720000267028809,11.755000114440918,6419382
2025-06-09 13:30:00+00:00,11.845000267028809,11.949999809265137,11.790399551391602,11.899999618530273,8264429
2025-06-09 14:30:00+00:00,11.789899826049805,11.869999885559082,11.770000457763672,11.848999977111816,6496828
2025-06-09 15:30:00+00:00,11.850000381469727,11.890000343322754,11.779999732971191,11.779999732971191,5564249
2025-06-09 16:30:00+00:00,11.874099731445312,11.899999618530273,11.829999923706055,11.850000381469727,3289439
2025-06-09 17:30:00+00:00,11.895000457763672,11.90999984741211,11.860099792480469,11.875,2744827
2025-06-09 18:30:00+00:00,11.765000343322754,11.895000457763672,11.760000228881836,11.895000457763672,4066386
2025-06-09 19:30:00+00:00,11.755000114440918,11.819999694824219,11.74470043182373,11.765000343322754,7468519
2025-06-10 13:30:00+00:00,11.884499549865723,11.920000076293945,11.720000267028809,11.8100004196167,8839236
2025-06-10 14:30:00+00:00,11.778499603271484,11.885000228881836,11.770000457763672,11.885000228881836,7745533
2025-06-10 15:30:00+00:00,11.704999923706055,11.779999732971191,11.680000305175781,11.774999618530273,4582244
2025-06-10 16:30:00+00:00,11.734999656677246,11.739999771118164,11.6899995803833,11.704999923706055,2157291
2025-06-10 17:30:00+00:00,11.734999656677246,11.770000457763672,11.699999809265137,11.734999656677246,3338025
2025-06-10 18:30:00+00:00,11.885000228881836,11.969799995422363,11.725000381469727,11.739999771118164,8608442
2025-06-10 19:30:00+00:00,11.859999656677246,11.9399995803833,11.819999694824219,11.889300346374512,4851622
2025-06-11 13:30:00+00:00,11.681599617004395,11.949999809265137,11.65999984741211,11.94950008392334,10050789
2025-06-11 14:30:00+00:00,11.479999542236328,11.689200401306152,11.479999542236328,11.6850004196167,9992932
2025-06-11 15:30:00+00:00,11.350799560546875,11.489999771118164,11.319999694824219,11.473699569702148,9957569
2025-06-11 16:30:00+00:00,11.364999771118164,11.369999885559082,11.289999961853027,11.354999542236328,6744285
2025-06-11 17:30:00+00:00,11.085000038146973,11.375,11.079999923706055,11.364999771118164,12373359
2025-06-11 18:30:00+00:00,11.036499977111816,11.130000114440918,10.989999771118164,11.079999923706055,11887271
2025-06-11 19:30:00+00:00,11.059300422668457,11.079999923706055,11.0,11.029999732971191,8748066
2025-06-12 13:30:00+00:00,10.805000305175781,11.0600004196167,10.710000038146973,10.880000114440918,13418781
2025-06-12 14:30:00+00:00,10.7322998046875,10.880000114440918,10.729999542236328,10.805000305175781,11688162
2025-06-12 15:30:00+00:00,10.755000114440918,10.760000228881836,10.680000305175781,10.734999656677246,7723134
2025-06-12 16:30:00+00:00,10.875,10.895000457763672,10.725000381469727,10.755000114440918,5662877
2025-06-12 17:30:00+00:00,10.85260009765625,10.907999992370605,10.850000381469727,10.875,3702003
2025-06-12 18:30:00+00:00,10.824999809265137,10.890000343322754,10.819999694824219,10.850000381469727,3176009
2025-06-12 19:30:00+00:00,10.899999618530273,10.90999984741211,10.800000190734863,10.824999809265137,6915684
2025-06-13 13:30:00+00:00,10.31350040435791,10.510000228881836,10.300000190734863,10.319999694824219,19654122
2025-06-13 14:30:00+00:00,10.545000076293945,10.5600004196167,10.310099601745605,10.324999809265137,13568680
2025-06-13 15:30:00+00:00,10.619999885559082,10.640000343322754,10.53499984741211,10.548800468444824,6708754
2025-06-13 16:30:00+00:00,10.524999618530273,10.649999618530273,10.520000457763672,10.625,6411027
2025-06-13 17:30:00+00:00,10.395000457763672,10.550000190734863,10.380000114440918,10.520000457763672,5647799
2025-06-13 18:30:00+00:00,10.324999809265137,10.40999984741211,10.319999694824219,10.395000457763672,6719991
2025-06-13 19:30:00+00:00,10.380000114440918,10.380000114440918,10.3100004196167,10.324999809265137,9562801
2025-06-16 13:30:00+00:00,10.80459976196289,10.869999885559082,10.449999809265137,10.579999923706055,13589667
2025-06-16 14:30:00+00:00,10.8100004196167,10.90999984741211,10.760000228881836,10.805000305175781,11035314
2025-06-16 15:30:00+00:00,10.864999771118164,10.880000114440918,10.75,10.805000305175781,7429459
2025-06-16 16:30:00+00:00,10.904999732971191,10.920000076293945,10.829999923706055,10.864999771118164,7383227
2025-06-16 17:30:00+00:00,10.845000267028809,10.930000305175781,10.84000015258789,10.904999732971191,6102183
2025-06-16 18:30:00+00:00,10.854999542236328,10.890000343322754,10.829999923706055,10.84000015258789,4266603
2025-06-16 19:30:00+00:00,10.920000076293945,10.930000305175781,10.8100004196167,10.85200023651123,6230394
2025-06-17 13:30:00+00:00,10.809900283813477,10.850000381469727,10.585000038146973,10.649999618530273,10572750
2025-06-17 14:30:00+00:00,10.734999656677246,10.84000015258789,10.729999542236328,10.805000305175781,10001196
2025-06-17 15:30:00+00:00,10.774999618530273,10.800000190734863,10.694999694824219,10.734999656677246,9374410
2025-06-17 16:30:00+00:00,10.64009952545166,10.8100004196167,10.630000114440918,10.77750015258789,7375545
2025-06-17 17:30:00+00:00,10.585000038146973,10.6899995803833,10.5649995803833,10.649999618530273,5543952
2025-06-17 18:30:00+00:00,10.520000457763672,10.600000381469727,10.4399995803833,10.585000038146973,6518126
2025-06-17 19:30:00+00:00,10.569999694824219,10.569999694824219,10.479999542236328,10.515000343322754,6671521
2025-06-18 13:30:00+00:00,10.729999542236328,10.75,10.529999732971191,10.555000305175781,8410735
2025-06-18 14:30:00+00:00,10.725000381469727,10.770000457763672,10.680000305175781,10.727999687194824,8563691
2025-06-18 15:30:00+00:00,10.694999694824219,10.729999542236328,10.65999984741211,10.729999542236328,6722344
2025-06-18 16:30:00+00:00,10.645000457763672,10.720000267028809,10.630000114440918,10.699999809265137,5249331
2025-06-18 17:30:00+00:00,10.664999961853027,10.699899673461914,10.600000381469727,10.640000343322754,7302461
2025-06-18 18:30:00+00:00,10.574999809265137,10.729999542236328,10.5600004196167,10.669400215148926,13041933
2025-06-18 19:30:00+00:00,10.579999923706055,10.609999656677246,10.550000190734863,10.569999694824219,6633710
2025-06-20 13:30:00+00:00,10.78499984741211,10.789999961853027,10.640000343322754,10.670000076293945,10976989
2025-06-20 14:30:00+00:00,10.664999961853027,10.779999732971191,10.649999618530273,10.779999732971191,13278872
2025-06-20 15:30:00+00:00,10.645000457763672,10.6899995803833,10.579999923706055,10.664999961853027,7083103
2025-06-20 16:30:00+00:00,10.524999618530273,10.65999984741211,10.515000343322754,10.645000457763672,6277124
2025-06-20 17:30:00+00:00,10.53499984741211,10.550000190734863,10.5,10.52180004119873,4059024
2025-06-20 18:30:00+00:00,10.585000038146973,10.600000381469727,10.520000457763672,10.53499984741211,3324867
2025-06-20 19:30:00+00:00,10.619999885559082,10.649999618530273,10.569999694824219,10.585399627685547,8599146
2025-06-23 13:30:00+00:00,10.574999809265137,10.609999656677246,10.279999732971191,10.5,13517043
2025-06-23 14:30:00+00:00,10.404999732971191,10.600000381469727,10.380000114440918,10.574999809265137,12233852
2025-06-23 15:30:00+00:00,10.329999923706055,10.420000076293945,10.329999923706055,10.395000457763672,6706758
2025-06-23 16:30:00+00:00,10.704999923706055,10.734999656677246,10.260000228881836,10.334799766540527,15972704
2025-06-23 17:30:00+00:00,10.8725004196167,10.914999961853027,10.660099983215332,10.704999923706055,12000695
2025-06-23 18:30:00+00:00,10.914999961853027,11.010000228881836,10.875,10.875,8980088
2025-06-23 19:30:00+00:00,10.904999732971191,10.960000038146973,10.880000114440918,10.919400215148926,6637668
2025-06-24 13:30:00+00:00,11.37279987335205,11.4399995803833,11.210000038146973,11.364999771118164,16395212
2025-06-24 14:30:00+00:00,11.289999961853027,11.380000114440918,11.265000343322754,11.375200271606445,13121314
2025-06-24 15:30:00+00:00,11.335000038146973,11.40999984741211,11.270000457763672,11.28499984741211,8655413
2025-06-24 16:30:00+00:00,11.395000457763672,11.4399995803833,11.319999694824219,11.34000015258789,5125234
2025-06-24 17:30:00+00:00,11.392000198364258,11.460000038146973,11.350000381469727,11.390000343322754,5325938
2025-06-24 18:30:00+00:00,11.414999961853027,11.449999809265137,11.369999885559082,11.399999618530273,5232767
2025-06-24 19:30:00+00:00,11.369999885559082,11.420000076293945,11.359999656677246,11.414999961853027,7213997
2025-06-25 13:30:00+00:00,11.114999771118164,11.449999809265137,11.09000015258789,11.430000305175781,8694868
2025-06-25 14:30:00+00:00,11.078300476074219,11.169400215148926,11.0600004196167,11.114999771118164,5544206
2025-06-25 15:30:00+00:00,11.03499984741211,11.09000015258789,11.029999732971191,11.074999809265137,4233493
2025-06-25 16:30:00+00:00,10.960000038146973,11.069999694824219,10.949999809265137,11.03499984741211,4865666
2025-06-25 17:30:00+00:00,10.994999885559082,11.020000457763672,10.960000038146973,10.964900016784668,4810789
2025-06-25 18:30:00+00:00,11.029999732971191,11.029999732971191,10.970000267028809,10.994999885559082,4562313
2025-06-25 19:30:00+00:00,11.055000305175781,11.085100173950195,10.979999542236328,11.024999618530273,6938216
2025-06-26 13:30:00+00:00,11.194999694824219,11.255000114440918,11.135000228881836,11.190299987792969,7113917
2025-06-26 14:30:00+00:00,11.175000190734863,11.255000114440918,11.15999984741211,11.190099716186523,7861574
2025-06-26 15:30:00+00:00,11.180000305175781,11.180000305175781,11.133500099182129,11.175000190734863,4194113
2025-06-26 16:30:00+00:00,11.219499588012695,11.25,11.170000076293945,11.180000305175781,4274668
2025-06-26 17:30:00+00:00,11.190099716186523,11.279999732971191,11.1899995803833,11.21500015258789,3373006
2025-06-26 18:30:00+00:00,11.164999961853027,11.229999542236328,11.15999984741211,11.19950008392334,4238701
2025-06-26 19:30:00+00:00,11.125,11.1899995803833,11.119999885559082,11.164999961853027,6383926
2025-06-27 13:30:00+00:00,11.324999809265137,11.329999923706055,11.140000343322754,11.1850004196167,7191095
2025-06-27 14:30:00+00:00,11.328800201416016,11.390000343322754,11.289999961853027,11.324999809265137,9472133
2025-06-27 15:30:00+00:00,11.375,11.460000038146973,11.319999694824219,11.324999809265137,7506003
2025-06-27 16:30:00+00:00,11.295000076293945,11.390000343322754,11.270000457763672,11.380000114440918,2085998
2025-06-27 17:30:00+00:00,11.1899995803833,11.350000381469727,11.1899995803833,11.295000076293945,4666793
2025-06-27 18:30:00+00:00,11.234999656677246,11.239999771118164,11.149999618530273,11.19480037689209,3824040
2025-06-27 19:30:00+00:00,11.270000457763672,11.34000015258789,11.1899995803833,11.234999656677246,6802045
2025-06-30 13:30:00+00:00,11.263500213623047,11.329500198364258,11.204999923706055,11.300000190734863,8412165
2025-06-30 14:30:00+00:00,11.2052001953125,11.289999961853027,11.1899995803833,11.265000343322754,6039888
2025-06-30 15:30:00+00:00,11.1899995803833,11.234999656677246,11.180000305175781,11.210000038146973,3358567
2025-06-30 16:30:00+00:00,11.210000038146973,11.229999542236328,11.180000305175781,11.190099716186523,2497906
2025-06-30 17:30:00+00:00,11.239999771118164,11.255000114440918,11.199999809265137,11.21500015258789,2746085
2025-06-30 18:30:00+00:00,11.270000457763672,11.279999732971191,11.220000267028809,11.244799613952637,2327982
2025-06-30 19:30:00+00:00,11.210000038146973,11.289999961853027,11.202500343322754,11.265000343322754,3833151
2025-07-01 13:30:00+00:00,11.354999542236328,11.375,11.15999984741211,11.170000076293945,9611200
2025-07-01 14:30:00+00:00,11.524999618530273,11.529999732971191,11.3100004196167,11.354999542236328,11441494
2025-07-01 15:30:00+00:00,11.68649959564209,11.710000038146973,11.489999771118164,11.524999618530273,8382116
2025-07-01 16:30:00+00:00,11.574999809265137,11.6850004196167,11.461199760437012,11.6850004196167,6995329
2025-07-01 17:30:00+00:00,11.545000076293945,11.619999885559082,11.545000076293945,11.574999809265137,3826918
2025-07-01 18:30:00+00:00,11.574999809265137,11.579999923706055,11.479999542236328,11.545000076293945,3482641
2025-07-01 19:30:00+00:00,11.529999732971191,11.585000038146973,11.510000228881836,11.574999809265137,4556011
2025-07-02 13:30:00+00:00,11.649999618530273,11.649999618530273,11.425000190734863,11.569899559020996,8140220
2025-07-02 14:30:00+00:00,11.765000343322754,11.789999961853027,11.569999694824219,11.645000457763672,8063839
2025-07-02 15:30:00+00:00,11.678099632263184,11.789999961853027,11.640000343322754,11.765000343322754,5370991
2025-07-02 16:30:00+00:00,11.614999771118164,11.710000038146973,11.59000015258789,11.680000305175781,3891868
2025-07-02 17:30:00+00:00,11.664999961853027,11.670000076293945,11.585000038146973,11.614999771118164,3124794
2025-07-02 18:30:00+00:00,11.609999656677246,11.699999809265137,11.609999656677246,11.65999984741211,4185080
2025-07-02 19:30:00+00:00,11.625,11.645000457763672,11.579999923706055,11.610099792480469,6104633
2025-07-03 13:30:00+00:00,11.875,11.930000305175781,11.664999961853027,11.725000381469727,8831674
2025-07-03 14:30:00+00:00,11.7253999710083,11.880000114440918,11.710000038146973,11.869999885559082,8046906
2025-07-03 15:30:00+00:00,11.710000038146973,11.779999732971191,11.699999809265137,11.721400260925293,7552849
2025-07-07 13:30:00+00:00,11.8100004196167,11.970000267028809,11.585000038146973,11.600000381469727,10030119
2025-07-07 14:30:00+00:00,11.600000381469727,11.8149995803833,11.5649995803833,11.801899909973145,13451890
2025-07-07 15:30:00+00:00,11.538200378417969,11.630000114440918,11.460000038146973,11.595000267028809,7036247
2025-07-07 16:30:00+00:00,11.510000228881836,11.549099922180176,11.489999771118164,11.530900001525879,3232863
2025-07-07 17:30:00+00:00,11.465100288391113,11.5600004196167,11.4399995803833,11.510000228881836,5006461
2025-07-07 18:30:00+00:00,11.539999961853027,11.550000190734863,11.460000038146973,11.46500015258789,5456734
2025-07-07 19:30:00+00:00,11.59000015258789,11.609999656677246,11.529999732971191,11.53499984741211,4989781
2025-07-08 13:30:00+00:00,11.694700241088867,11.899999618530273,11.670000076293945,11.739999771118164,10032559
2025-07-08 14:30:00+00:00,11.694999694824219,11.819999694824219,11.65999984741211,11.694999694824219,12991599
2025-07-08 15:30:00+00:00,11.699999809265137,11.8100004196167,11.6899995803833,11.694999694824219,8154442
2025-07-08 16:30:00+00:00,11.609999656677246,11.71500015258789,11.600000381469727,11.704999923706055,4850150
2025-07-08 17:30:00+00:00,11.664999961853027,11.680000305175781,11.59000015258789,11.609999656677246,3115091
2025-07-08 18:30:00+00:00,11.595000267028809,11.670000076293945,11.550000190734863,11.662099838256836,5223352
2025-07-08 19:30:00+00:00,11.574999809265137,11.649999618530273,11.5600004196167,11.594799995422363,5787053
2025-07-09 13:30:00+00:00,11.600000381469727,11.880000114440918,11.585000038146973,11.710000038146973,12473546
2025-07-09 14:30:00+00:00,11.470000267028809,11.630000114440918,11.40999984741211,11.595000267028809,18365550
2025-07-09 15:30:00+00:00,11.45989990234375,11.539999961853027,11.444999694824219,11.470000267028809,11059535
2025-07-09 16:30:00+00:00,11.414999961853027,11.460000038146973,11.40999984741211,11.454999923706055,5487428
2025-07-09 17:30:00+00:00,11.425000190734863,11.5,11.390000343322754,11.41469955444336,5463023
2025-07-09 18:30:00+00:00,11.454999923706055,11.5,11.414999961853027,11.425200462341309,5904467
2025-07-09 19:30:00+00:00,11.46500015258789,11.489999771118164,11.449999809265137,11.451600074768066,5452640
2025-07-10 13:30:00+00:00,12.850000381469727,12.859999656677246,12.130000114440918,12.305000305175781,48804813
2025-07-10 14:30:00+00:00,12.904999732971191,13.0600004196167,12.779999732971191,12.84000015258789,30657902
2025-07-10 15:30:00+00:00,12.954999923706055,13.029999732971191,12.859999656677246,12.899999618530273,15740276
2025-07-10 16:30:00+00:00,13.100000381469727,13.119999885559082,12.880000114440918,12.949999809265137,12845053
2025-07-10 17:30:00+00:00,13.045000076293945,13.180000305175781,12.993499755859375,13.104999542236328,10619008
2025-07-10 18:30:00+00:00,13.024999618530273,13.069999694824219,12.970000267028809,13.04010009765625,10378285
2025-07-10 19:30:00+00:00,12.949999809265137,13.140000343322754,12.9399995803833,13.029999732971191,15632834
2025-07-11 13:30:00+00:00,12.414999961853027,12.904999732971191,12.369999885559082,12.8149995803833,23868451
2025-07-11 14:30:00+00:00,12.425000190734863,12.460000038146973,12.350000381469727,12.414999961853027,12564610
2025-07-11 15:30:00+00:00,12.414999961853027,12.515000343322754,12.380000114440918,12.425000190734863,12889479
2025-07-11 16:30:00+00:00,12.3951997756958,12.470000267028809,12.390000343322754,12.414999961853027,8404148
2025-07-11 17:30:00+00:00,12.28499984741211,12.420000076293945,12.270000457763672,12.395000457763672,7389288
2025-07-11 18:30:00+00:00,12.28499984741211,12.359999656677246,12.239999771118164,12.28499984741211,8128373
2025-07-11 19:30:00+00:00,12.234999656677246,12.289999961853027,12.199999809265137,12.28499984741211,8073524
2025-07-14 13:30:00+00:00,12.149999618530273,12.369999885559082,12.140000343322754,12.24899959564209,9478467
2025-07-14 14:30:00+00:00,12.260000228881836,12.289999961853027,12.130000114440918,12.154999732971191,12941892
2025-07-14 15:30:00+00:00,12.34000015258789,12.369999885559082,12.220000267028809,12.260000228881836,10817785
2025-07-14 16:30:00+00:00,12.354999542236328,12.364999771118164,12.260000228881836,12.335100173950195,6188693
2025-07-14 17:30:00+00:00,12.339900016784668,12.354999542236328,12.265000343322754,12.350099563598633,4532699
2025-07-14 18:30:00+00:00,12.335000038146973,12.390000343322754,12.319999694824219,12.339900016784668,5747544
2025-07-14 19:30:00+00:00,12.380000114440918,12.40999984741211,12.3100004196167,12.335000038146973,5685018
2025-07-15 13:30:00+00:00,12.385000228881836,12.5,12.319999694824219,12.449999809265137,11879802
2025-07-15 14:30:00+00:00,12.28499984741211,12.390000343322754,12.239999771118164,12.380000114440918,14084760
2025-07-15 15:30:00+00:00,12.180399894714355,12.3100004196167,12.170000076293945,12.28499984741211,8364753
2025-07-15 16:30:00+00:00,12.21500015258789,12.239999771118164,12.149999618530273,12.18529987335205,7434318
2025-07-15 17:30:00+00:00,12.1850004196167,12.25,12.170000076293945,12.21500015258789,5347075
2025-07-15 18:30:00+00:00,12.1850004196167,12.239999771118164,12.170000076293945,12.185199737548828,5761663
2025-07-15 19:30:00+00:00,12.164999961853027,12.21500015258789,12.149999618530273,12.1850004196167,3916355
2025-07-16 13:30:00+00:00,12.170000076293945,12.34000015258789,12.109999656677246,12.289999961853027,11367683
2025-07-16 14:30:00+00:00,12.005000114440918,12.210000038146973,11.970000267028809,12.169400215148926,13313177
2025-07-16 15:30:00+00:00,12.074999809265137,12.079999923706055,11.90999984741211,12.00510025024414,13611124
2025-07-16 16:30:00+00:00,12.024999618530273,12.159899711608887,12.020000457763672,12.074799537658691,7181452
2025-07-16 17:30:00+00:00,12.160099983215332,12.180000305175781,12.020000457763672,12.020000457763672,5976685
2025-07-16 18:30:00+00:00,12.274999618530273,12.319999694824219,12.15999984741211,12.164999961853027,7797519
2025-07-16 19:30:00+00:00,12.289999961853027,12.300000190734863,12.220000267028809,12.274999618530273,5359337
2025-07-17 13:30:00+00:00,12.5649995803833,12.949999809265137,12.534799575805664,12.604999542236328,22043837
2025-07-17 14:30:00+00:00,12.475000381469727,12.600000381469727,12.449999809265137,12.569999694824219,18024849
2025-07-17 15:30:00+00:00,12.414999961853027,12.529999732971191,12.380000114440918,12.470000267028809,11133886
2025-07-17 16:30:00+00:00,12.444999694824219,12.489999771118164,12.350000381469727,12.414999961853027,9895789
2025-07-17 17:30:00+00:00,12.549799919128418,12.569999694824219,12.430000305175781,12.44480037689209,7849986
2025-07-17 18:30:00+00:00,12.524999618530273,12.604999542236328,12.510000228881836,12.545000076293945,7814651
2025-07-17 19:30:00+00:00,12.460000038146973,12.550000190734863,12.449999809265137,12.529999732971191,7110314
2025-07-18 13:30:00+00:00,12.239999771118164,12.59000015258789,12.199999809265137,12.520000457763672,15586143
2025-07-18 14:30:00+00:00,12.439900398254395,12.449999809265137,12.244999885559082,12.244999885559082,15788032
2025-07-18 15:30:00+00:00,12.364999771118164,12.470000267028809,12.34119987487793,12.434700012207031,12857533
2025-07-18 16:30:00+00:00,12.45009994506836,12.470000267028809,12.344799995422363,12.36989974975586,10094441
2025-07-18 17:30:00+00:00,12.440999984741211,12.5,12.40999984741211,12.454999923706055,5843492
2025-07-18 18:30:00+00:00,12.49899959564209,12.5,12.420000076293945,12.444999694824219,3837779
2025-07-18 19:30:00+00:00,12.520000457763672,12.520000457763672,12.460000038146973,12.494999885559082,4921898
2025-07-21 13:30:00+00:00,12.515000343322754,12.625300407409668,12.4399995803833,12.579999923706055,11412066
2025-07-21 14:30:00+00:00,12.41469955444336,12.569999694824219,12.359999656677246,12.510000228881836,8103124
2025-07-21 15:30:00+00:00,12.335000038146973,12.470000267028809,12.329999923706055,12.413200378417969,10435890
2025-07-21 16:30:00+00:00,12.354999542236328,12.40999984741211,12.329999923706055,12.329999923706055,5398814
2025-07-21 17:30:00+00:00,12.375,12.380000114440918,12.329999923706055,12.354999542236328,3523646
2025-07-21 18:30:00+00:00,12.335000038146973,12.420000076293945,12.319999694824219,12.3774995803833,5166939
2025-07-21 19:30:00+00:00,12.3149995803833,12.369999885559082,12.3100004196167,12.335000038146973,5109022
2025-07-22 13:30:00+00:00,12.295000076293945,12.430000305175781,12.180000305175781,12.329999923706055,10294145
2025-07-22 14:30:00+00:00,12.364999771118164,12.4399995803833,12.289999961853027,12.300000190734863,11281459
2025-07-22 15:30:00+00:00,12.369799613952637,12.4399995803833,12.359999656677246,12.364700317382812,9427382
2025-07-22 16:30:00+00:00,12.444999694824219,12.449999809265137,12.300000190734863,12.364800453186035,6402479
2025-07-22 17:30:00+00:00,12.460000038146973,12.479999542236328,12.404999732971191,12.449999809265137,4812248
2025-07-22 18:30:00+00:00,12.494999885559082,12.539999961853027,12.449999809265137,12.454999923706055,5046156
2025-07-22 19:30:00+00:00,12.505000114440918,12.550000190734863,12.470000267028809,12.489999771118164,5235174
2025-07-23 13:30:00+00:00,12.630000114440918,12.670000076293945,12.520000457763672,12.550000190734863,10261656
2025-07-23 14:30:00+00:00,12.600000381469727,12.670000076293945,12.5600004196167,12.625,12567673
2025-07-23 15:30:00+00:00,12.680000305175781,12.739999771118164,12.539999961853027,12.600000381469727,15402179
2025-07-23 16:30:00+00:00,12.739800453186035,12.760000228881836,12.65999984741211,12.680000305175781,6992790
2025-07-23 17:30:00+00:00,12.738900184631348,12.760000228881836,12.65999984741211,12.734999656677246,6635939
2025-07-23 18:30:00+00:00,12.725199699401855,12.789999961853027,12.710000038146973,12.734999656677246,7964682
2025-07-23 19:30:00+00:00,12.699899673461914,12.779999732971191,12.640000343322754,12.725000381469727,12310076
2025-07-24 13:30:00+00:00,11.699999809265137,11.800000190734863,11.329999923706055,11.800000190734863,49808874
2025-07-24 14:30:00+00:00,11.779899597167969,11.829999923706055,11.630000114440918,11.699899673461914,16669928
2025-07-24 15:30:00+00:00,11.625,11.84000015258789,11.590100288391113,11.770099639892578,9494888
2025-07-24 16:30:00+00:00,11.543399810791016,11.630000114440918,11.4399995803833,11.630000114440918,9833629
2025-07-24 17:30:00+00:00,11.625,11.720000267028809,11.539999961853027,11.545000076293945,9406205
2025-07-24 18:30:00+00:00,11.505000114440918,11.65999984741211,11.479999542236328,11.630000114440918,8990708
2025-07-24 19:30:00+00:00,11.444999694824219,11.539999961853027,11.430000305175781,11.505000114440918,12198126
2025-07-25 13:30:00+00:00,11.572999954223633,11.630000114440918,11.46500015258789,11.539999961853027,15434339
2025-07-25 14:30:00+00:00,11.654999732971191,11.670000076293945,11.560999870300293,11.574999809265137,12221617
2025-07-25 15:30:00+00:00,11.649800300598145,11.699999809265137,11.59000015258789,11.675000190734863,10655730
2025-07-25 16:30:00+00:00,11.5649995803833,11.65999984741211,11.5600004196167,11.645000457763672,4328183
2025-07-25 17:30:00+00:00,11.515000343322754,11.600000381469727,11.5,11.5649995803833,4700131
2025-07-25 18:30:00+00:00,11.524999618530273,11.550000190734863,11.479999542236328,11.515000343322754,7057157
2025-07-25 19:30:00+00:00,11.5,11.550000190734863,11.489999771118164,11.524999618530273,6549274
2025-07-28 13:30:00+00:00,11.584799766540527,11.630000114440918,11.399999618530273,11.494999885559082,16949820
2025-07-28 14:30:00+00:00,11.524999618530273,11.600000381469727,11.5,11.580100059509277,9837383
2025-07-28 15:30:00+00:00,11.523099899291992,11.5600004196167,11.5,11.524999618530273,9012570
2025-07-28 16:30:00+00:00,11.449999809265137,11.529999732971191,11.40999984741211,11.524800300598145,9368127
2025-07-28 17:30:00+00:00,11.484800338745117,11.5,11.420000076293945,11.444999694824219,5506801
2025-07-28 18:30:00+00:00,11.585000038146973,11.609999656677246,11.479999542236328,11.489899635314941,11555257
2025-07-28 19:30:00+00:00,11.569999694824219,11.609999656677246,11.5600004196167,11.585000038146973,6288003
2025-07-29 13:30:00+00:00,11.520000457763672,11.640000343322754,11.489999771118164,11.600000381469727,11214269
2025-07-29 14:30:00+00:00,11.4350004196167,11.539999961853027,11.430000305175781,11.520000457763672,13970763
2025-07-29 15:30:00+00:00,11.460000038146973,11.539999961853027,11.425000190734863,11.430000305175781,9570053
2025-07-29 16:30:00+00:00,11.585000038146973,11.639900207519531,11.4399995803833,11.46969985961914,9659257
2025-07-29 17:30:00+00:00,11.435199737548828,11.600000381469727,11.399999618530273,11.579999923706055,10932181
2025-07-29 18:30:00+00:00,11.449999809265137,11.489999771118164,11.434100151062012,11.4350004196167,6642495
2025-07-29 19:30:00+00:00,11.430000305175781,11.470000267028809,11.380000114440918,11.454999923706055,6593786
2025-07-30 13:30:00+00:00,11.414999961853027,11.460000038146973,11.3100004196167,11.430000305175781,10378476
2025-07-30 14:30:00+00:00,11.385000228881836,11.430000305175781,11.350000381469727,11.414999961853027,8893307
2025-07-30 15:30:00+00:00,11.569899559020996,11.619999885559082,11.385000228881836,11.385000228881836,17891682
2025-07-30 16:30:00+00:00,11.579999923706055,11.609999656677246,11.529999732971191,11.5649995803833,7005321
2025-07-30 17:30:00+00:00,11.5600004196167,11.625,11.529999732971191,11.579999923706055,8376956
2025-07-30 18:30:00+00:00,11.375,11.59000015258789,11.34000015258789,11.550000190734863,11092849
2025-07-30 19:30:00+00:00,11.515000343322754,11.520000457763672,11.371899604797363,11.375,7545694
2025-07-31 13:30:00+00:00,11.465200424194336,11.640000343322754,11.4399995803833,11.470000267028809,12660201
2025-07-31 14:30:00+00:00,11.414999961853027,11.568499565124512,11.390000343322754,11.46500015258789,13958873
2025-07-31 15:30:00+00:00,11.455599784851074,11.460000038146973,11.359999656677246,11.410099983215332,11318987
2025-07-31 16:30:00+00:00,11.404999732971191,11.479999542236328,11.399999618530273,11.458499908447266,9294297
2025-07-31 17:30:00+00:00,11.494999885559082,11.520000457763672,11.399999618530273,11.399999618530273,8857879
2025-07-31 18:30:00+00:00,11.545000076293945,11.600000381469727,11.479999542236328,11.498499870300293,16688993
2025-07-31 19:30:00+00:00,11.489999771118164,11.565199851989746,11.449999809265137,11.545000076293945,8070901
2025-08-01 13:30:00+00:00,11.085000038146973,11.210000038146973,10.899999618530273,11.210000038146973,16064858
2025-08-01 14:30:00+00:00,10.954999923706055,11.119999885559082,10.949999809265137,11.085000038146973,10606156
2025-08-01 15:30:00+00:00,11.121500015258789,11.170000076293945,10.930000305175781,10.960000038146973,10943196
2025-08-01 16:30:00+00:00,10.994999885559082,11.145000457763672,10.975000381469727,11.119999885559082,9499578
2025-08-01 17:30:00+00:00,11.068499565124512,11.078499794006348,10.970000267028809,10.991499900817871,6267706
2025-08-01 18:30:00+00:00,11.015000343322754,11.069999694824219,11.0,11.069999694824219,7263555
2025-08-01 19:30:00+00:00,11.024999618530273,11.039999961853027,10.970000267028809,11.015000343322754,7722702
2025-08-04 13:30:00+00:00,11.236700057983398,11.305000305175781,11.074999809265137,11.109999656677246,12448007
2025-08-04 14:30:00+00:00,11.1899995803833,11.239999771118164,11.140000343322754,11.234999656677246,13113304
2025-08-04 15:30:00+00:00,11.181500434875488,11.210000038146973,11.114999771118164,11.1899995803833,10392389
2025-08-04 16:30:00+00:00,11.244999885559082,11.285200119018555,11.170000076293945,11.18179988861084,9133686
2025-08-04 17:30:00+00:00,11.25,11.279999732971191,11.199999809265137,11.244999885559082,8262812
2025-08-04 18:30:00+00:00,11.270000457763672,11.300000190734863,11.210000038146973,11.25,8646388
2025-08-04 19:30:00+00:00,11.270000457763672,11.289999961853027,11.25,11.270000457763672,5383581
2025-08-05 13:30:00+00:00,11.204999923706055,11.3100004196167,11.180000305175781,11.300000190734863,7849234
2025-08-05 14:30:00+00:00,11.300000190734863,11.329999923706055,11.130000114440918,11.204999923706055,14595037
2025-08-05 15:30:00+00:00,11.515000343322754,11.524999618530273,11.289999961853027,11.3100004196167,12381514
2025-08-05 16:30:00+00:00,11.539999961853027,11.579999923706055,11.489999771118164,11.510000228881836,9131656
2025-08-05 17:30:00+00:00,11.524999618530273,11.630000114440918,11.520000457763672,11.541500091552734,6314316
2025-08-05 18:30:00+00:00,11.649999618530273,11.65999984741211,11.520000457763672,11.524999618530273,5238448
2025-08-05 19:30:00+00:00,11.645000457763672,11.6899995803833,11.621500015258789,11.645000457763672,6545737
2025-08-06 13:30:00+00:00,11.515000343322754,11.6899995803833,11.489999771118164,11.59000015258789,8902742
2025-08-06 14:30:00+00:00,11.529999732971191,11.579999923706055,11.479999542236328,11.512999534606934,10224339
2025-08-06 15:30:00+00:00,11.558500289916992,11.579999923706055,11.479999542236328,11.53499984741211,11673538
2025-08-06 16:30:00+00:00,11.545000076293945,11.596500396728516,11.529999732971191,11.5600004196167,6388722
2025-08-06 17:30:00+00:00,11.602100372314453,11.640000343322754,11.54010009765625,11.5423002243042,5207674
2025-08-06 18:30:00+00:00,11.71500015258789,11.75,11.569999694824219,11.600000381469727,9310384
2025-08-06 19:30:00+00:00,11.739999771118164,11.779999732971191,11.710000038146973,11.71500015258789,7031397
2025-08-07 13:30:00+00:00,11.710000038146973,11.800000190734863,11.6899995803833,11.789999961853027,8093595
2025-08-07 14:30:00+00:00,11.718500137329102,11.736499786376953,11.649999618530273,11.70930004119873,8494695
2025-08-07 15:30:00+00:00,11.680000305175781,11.739999771118164,11.649999618530273,11.720000267028809,7586815
2025-08-07 16:30:00+00:00,11.654999732971191,11.739999771118164,11.59000015258789,11.680000305175781,6734420
2025-08-07 17:30:00+00:00,11.704700469970703,11.734999656677246,11.645000457763672,11.654999732971191,4950434
2025-08-07 18:30:00+00:00,11.71500015258789,11.770000457763672,11.675000190734863,11.704999923706055,4987368
2025-08-07 19:30:00+00:00,11.744999885559082,11.75,11.699999809265137,11.71500015258789,4843049
2025-08-08 13:30:00+00:00,11.725000381469727,11.808099746704102,11.5600004196167,11.789999961853027,7965757
2025-08-08 14:30:00+00:00,11.704999923706055,11.760000228881836,11.680000305175781,11.725000381469727,6028703
2025-08-08 15:30:00+00:00,11.680000305175781,11.720000267028809,11.633500099182129,11.710000038146973,6103071
2025-08-08 16:30:00+00:00,11.690600395202637,11.739999771118164,11.630000114440918,11.680000305175781,6191857
2025-08-08 17:30:00+00:00,11.664999961853027,11.710000038146973,11.640000343322754,11.695300102233887,4421763
2025-08-08 18:30:00+00:00,11.640000343322754,11.699999809265137,11.619999885559082,11.65999984741211,5216622
2025-08-08 19:30:00+00:00,11.609999656677246,11.649999618530273,11.595000267028809,11.635000228881836,4150699
2025-08-11 13:30:00+00:00,11.648500442504883,11.760000228881836,11.600000381469727,11.609999656677246,5802140
2025-08-11 14:30:00+00:00,11.648500442504883,11.6850004196167,11.619999885559082,11.645400047302246,9702520
2025-08-11 15:30:00+00:00,11.675000190734863,11.729999542236328,11.609999656677246,11.649999618530273,7427127
2025-08-11 16:30:00+00:00,11.609999656677246,11.674500465393066,11.579999923706055,11.670000076293945,7338221
2025-08-11 17:30:00+00:00,11.618499755859375,11.640000343322754,11.5600004196167,11.614999771118164,7527443
2025-08-11 18:30:00+00:00,11.600000381469727,11.649999618530273,11.600000381469727,11.614999771118164,6452223
2025-08-11 19:30:00+00:00,11.59000015258789,11.600000381469727,11.550000190734863,11.59000015258789,4919820
2025-08-12 13:30:00+00:00,12.494999885559082,12.520000457763672,11.770000457763672,11.779999732971191,25223143
2025-08-12 14:30:00+00:00,12.635000228881836,12.729999542236328,12.399999618530273,12.494999885559082,18487791
2025-08-12 15:30:00+00:00,12.835000038146973,12.850000381469727,12.640000343322754,12.640000343322754,18436544
2025-08-12 16:30:00+00:00,12.755000114440918,12.899999618530273,12.720000267028809,12.83549976348877,12889481
2025-08-12 17:30:00+00:00,12.755000114440918,12.819999694824219,12.729999542236328,12.755000114440918,9390590
2025-08-12 18:30:00+00:00,12.864999771118164,12.880000114440918,12.734999656677246,12.755000114440918,12083840
2025-08-12 19:30:00+00:00,13.0,13.020000457763672,12.854999542236328,12.869999885559082,15192323
2025-08-13 13:30:00+00:00,12.994999885559082,13.029999732971191,12.739999771118164,12.914999961853027,12373622
2025-08-13 14:30:00+00:00,12.971199989318848,13.0,12.869999885559082,12.991499900817871,10466060
2025-08-13 15:30:00+00:00,12.989999771118164,13.069999694824219,12.951499938964844,12.97439956665039,8316843
2025-08-13 16:30:00+00:00,13.010199546813965,13.100000381469727,12.989999771118164,12.994999885559082,5679118
2025-08-13 17:30:00+00:00,13.055000305175781,13.079999923706055,12.989999771118164,13.010000228881836,5986111
2025-08-13 18:30:00+00:00,13.135000228881836,13.180000305175781,13.050000190734863,13.055000305175781,7203626
2025-08-13 19:30:00+00:00,13.109999656677246,13.220000267028809,13.100000381469727,13.140000343322754,9252132
2025-08-14 13:30:00+00:00,12.680000305175781,12.93529987335205,12.65999984741211,12.920000076293945,10663986
2025-08-14 14:30:00+00:00,12.739999771118164,12.8100004196167,12.6899995803833,12.6899995803833,11065231
2025-08-14 15:30:00+00:00,12.720000267028809,12.779999732971191,12.6850004196167,12.729999542236328,10454362
2025-08-14 16:30:00+00:00,12.684700012207031,12.739999771118164,12.65999984741211,12.704999923706055,5741826
2025-08-14 17:30:00+00:00,12.755599975585938,12.800000190734863,12.680100440979004,12.6899995803833,6388423
2025-08-14 18:30:00+00:00,12.755000114440918,12.78499984741211,12.720000267028809,12.760000228881836,5001689
2025-08-14 19:30:00+00:00,12.819999694824219,12.835599899291992,12.75,12.751700401306152,6964902
2025-08-15 13:30:00+00:00,13.021499633789062,13.09000015258789,12.854999542236328,12.890000343322754,8777353
2025-08-15 14:30:00+00:00,13.020000457763672,13.149999618530273,12.970000267028809,13.024999618530273,9795663
2025-08-15 15:30:00+00:00,13.145000457763672,13.180000305175781,13.010100364685059,13.015000343322754,9414775
2025-08-15 16:30:00+00:00,13.154999732971191,13.170000076293945,13.09000015258789,13.144700050354004,5970709
2025-08-15 17:30:00+00:00,13.135000228881836,13.1899995803833,13.109999656677246,13.154999732971191,4734473
2025-08-15 18:30:00+00:00,13.154999732971191,13.180000305175781,13.09000015258789,13.135000228881836,5238999
2025-08-15 19:30:00+00:00,13.175000190734863,13.1899995803833,13.145000457763672,13.154999732971191,4194717
2025-08-18 13:30:00+00:00,13.234999656677246,13.25,13.0600004196167,13.119999885559082,7400865
2025-08-18 14:30:00+00:00,13.279999732971191,13.329999923706055,13.199999809265137,13.234800338745117,9520468
2025-08-18 15:30:00+00:00,13.255000114440918,13.300000190734863,13.229999542236328,13.279999732971191,6680212
2025-08-18 16:30:00+00:00,13.164999961853027,13.270000457763672,13.149999618530273,13.254199981689453,4895870
2025-08-18 17:30:00+00:00,13.15999984741211,13.210000038146973,13.135000228881836,13.164999961853027,5134157
2025-08-18 18:30:00+00:00,13.164199829101562,13.1899995803833,13.130000114440918,13.164999961853027,6838073
2025-08-18 19:30:00+00:00,13.175000190734863,13.210000038146973,13.140000343322754,13.164199829101562,7370429
2025-08-19 13:30:00+00:00,13.349900245666504,13.359999656677246,13.170000076293945,13.260000228881836,9602560
2025-08-19 14:30:00+00:00,13.303500175476074,13.379899978637695,13.199999809265137,13.345000267028809,12035725
2025-08-19 15:30:00+00:00,13.234999656677246,13.33530044555664,13.210000038146973,13.309900283813477,11189211
2025-08-19 16:30:00+00:00,13.169899940490723,13.266500473022461,13.109999656677246,13.234999656677246,8773796
2025-08-19 17:30:00+00:00,13.135000228881836,13.229999542236328,13.130000114440918,13.167200088500977,4222506
2025-08-19 18:30:00+00:00,13.219900131225586,13.220000267028809,13.119999885559082,13.137299537658691,6119200
2025-08-19 19:30:00+00:00,13.220000267028809,13.260000228881836,13.180000305175781,13.21500015258789,4401134
2025-08-20 13:30:00+00:00,12.84000015258789,13.154999732971191,12.84000015258789,13.055000305175781,9891780
2025-08-20 14:30:00+00:00,12.880000114440918,12.890000343322754,12.75,12.847700119018555,13155115
2025-08-20 15:30:00+00:00,12.890000343322754,12.920000076293945,12.84000015258789,12.875800132751465,12795248
2025-08-20 16:30:00+00:00,12.845800399780273,12.90999984741211,12.84000015258789,12.899900436401367,8612465
2025-08-20 17:30:00+00:00,12.8149995803833,12.899999618530273,12.800000190734863,12.84000015258789,9967322
2025-08-20 18:30:00+00:00,12.8149995803833,12.84000015258789,12.770000457763672,12.819999694824219,5450281
2025-08-20 19:30:00+00:00,12.800000190734863,12.859999656677246,12.800000190734863,12.8149995803833,4833819
2025-08-21 13:30:00+00:00,12.569999694824219,12.734999656677246,12.520000457763672,12.729999542236328,7398134
2025-08-21 14:30:00+00:00,12.554900169372559,12.57509994506836,12.479999542236328,12.570099830627441,13753079
2025-08-21 15:30:00+00:00,12.545000076293945,12.609999656677246,12.510100364685059,12.550100326538086,11308888
2025-08-21 16:30:00+00:00,12.57349967956543,12.59000015258789,12.529999732971191,12.545000076293945,8918621
2025-08-21 17:30:00+00:00,12.574999809265137,12.609999656677246,12.5600004196167,12.574999809265137,7629445
2025-08-21 18:30:00+00:00,12.578100204467773,12.630000114440918,12.5600004196167,12.574999809265137,7085724
2025-08-21 19:30:00+00:00,12.5649995803833,12.579999923706055,12.5,12.579899787902832,5261135
2025-08-22 13:30:00+00:00,13.199999809265137,13.199999809265137,12.579999923706055,12.579999923706055,11165172
2025-08-22 14:30:00+00:00,13.340100288391113,13.380000114440918,13.190099716186523,13.194999694824219,13948527
2025-08-22 15:30:00+00:00,13.335399627685547,13.40999984741211,13.319999694824219,13.34749984741211,9821860
2025-08-22 16:30:00+00:00,13.390000343322754,13.430000305175781,13.333499908447266,13.335000038146973,6978323
2025-08-22 17:30:00+00:00,13.46500015258789,13.510000228881836,13.380000114440918,13.395000457763672,6076430
2025-08-22 18:30:00+00:00,13.510000228881836,13.550000190734863,13.4399995803833,13.46500015258789,6429546
2025-08-22 19:30:00+00:00,13.555000305175781,13.579999923706055,13.5,13.515000343322754,6602626
2025-08-25 13:30:00+00:00,13.180100440979004,13.319899559020996,13.130000114440918,13.265000343322754,12501145
2025-08-25 14:30:00+00:00,13.024999618530273,13.199999809265137,13.020000457763672,13.184700012207031,13848517
2025-08-25 15:30:00+00:00,12.995800018310547,13.050000190734863,12.984999656677246,13.027799606323242,11542299
2025-08-25 16:30:00+00:00,12.9350004196167,13.010000228881836,12.90999984741211,12.999899864196777,9957752
2025-08-25 17:30:00+00:00,12.910099983215332,12.960000038146973,12.880000114440918,12.9350004196167,8638842
2025-08-25 18:30:00+00:00,12.9399995803833,12.979900360107422,12.895000457763672,12.914999961853027,9328749
2025-08-25 19:30:00+00:00,13.005000114440918,13.039999961853027,12.90999984741211,12.945799827575684,7836915
2025-08-26 13:30:00+00:00,12.939900398254395,13.068599700927734,12.925000190734863,13.020000457763672,7728366
2025-08-26 14:30:00+00:00,12.954999923706055,13.0,12.880000114440918,12.930000305175781,11505875
2025-08-26 15:30:00+00:00,13.0600004196167,13.09000015258789,12.9399995803833,12.949999809265137,9339789
2025-08-26 16:30:00+00:00,13.0649995803833,13.100000381469727,13.020000457763672,13.050100326538086,8301949
2025-08-26 17:30:00+00:00,13.085000038146973,13.119999885559082,13.050000190734863,13.069999694824219,7266136
2025-08-26 18:30:00+00:00,13.131099700927734,13.15999984741211,13.0600004196167,13.080100059509277,7746525
2025-08-26 19:30:00+00:00,13.15999984741211,13.170000076293945,13.092499732971191,13.130200386047363,7736605
2025-08-27 13:30:00+00:00,13.15999984741211,13.359999656677246,13.114999771118164,13.130000114440918,9608854
2025-08-27 14:30:00+00:00,13.140000343322754,13.179900169372559,13.100000381469727,13.154999732971191,8926750
2025-08-27 15:30:00+00:00,13.095000267028809,13.140000343322754,13.069999694824219,13.135000228881836,8052036
2025-08-27 16:30:00+00:00,13.069999694824219,13.109999656677246,13.03499984741211,13.095000267028809,5788478
2025-08-27 17:30:00+00:00,13.114999771118164,13.130000114440918,13.055000305175781,13.0649995803833,5843973
2025-08-27 18:30:00+00:00,13.154999732971191,13.170000076293945,13.104999542236328,13.114999771118164,6885288
2025-08-27 19:30:00+00:00,13.135000228881836,13.1899995803833,13.130000114440918,13.154999732971191,5905682
2025-08-28 13:30:00+00:00,13.104999542236328,13.329999923706055,13.100000381469727,13.220000267028809,8163081
2025-08-28 14:30:00+00:00,13.125,13.139900207519531,13.0600004196167,13.109999656677246,8660816
2025-08-28 15:30:00+00:00,13.325300216674805,13.350000381469727,13.119999885559082,13.119999885559082,15803710
2025-08-28 16:30:00+00:00,13.260100364685059,13.329999923706055,13.25,13.324999809265137,13922331
2025-08-28 17:30:00+00:00,13.1850004196167,13.279999732971191,13.180000305175781,13.260100364685059,6597549
2025-08-28 18:30:00+00:00,13.255000114440918,13.270000457763672,13.1850004196167,13.1850004196167,6045217
2025-08-28 19:30:00+00:00,13.255000114440918,13.319999694824219,13.25,13.255000114440918,6335229
2025-08-29 13:30:00+00:00,13.234700202941895,13.279999732971191,13.143199920654297,13.239999771118164,8967891
2025-08-29 14:30:00+00:00,13.225000381469727,13.279999732971191,13.15999984741211,13.234999656677246,13615478
2025-08-29 15:30:00+00:00,13.255000114440918,13.279999732971191,13.210000038146973,13.225000381469727,10257877
2025-08-29 16:30:00+00:00,13.295000076293945,13.319999694824219,13.239999771118164,13.255000114440918,11526169
2025-08-29 17:30:00+00:00,13.34000015258789,13.369999885559082,13.270099639892578,13.295000076293945,7745893
2025-08-29 18:30:00+00:00,13.274999618530273,13.350000381469727,13.270000457763672,13.335000038146973,5671893
2025-08-29 19:30:00+00:00,13.375,13.390000343322754,13.270000457763672,13.275099754333496,8194485
2025-09-02 13:30:00+00:00,13.244999885559082,13.515000343322754,13.149999618530273,13.239999771118164,14797384
2025-09-02 14:30:00+00:00,13.0,13.270000457763672,12.960000038146973,13.244999885559082,14215068
2025-09-02 15:30:00+00:00,13.029999732971191,13.069999694824219,12.9399995803833,12.994999885559082,15973734
2025-09-02 16:30:00+00:00,13.170000076293945,13.1899995803833,13.029999732971191,13.03499984741211,14351299
2025-09-02 17:30:00+00:00,13.215800285339355,13.25,13.15999984741211,13.164999961853027,11493141
2025-09-02 18:30:00+00:00,13.396499633789062,13.399999618530273,13.199999809265137,13.219900131225586,11953722
2025-09-02 19:30:00+00:00,13.395000457763672,13.40999984741211,13.329999923706055,13.390000343322754,9598221
2025-09-03 13:30:00+00:00,13.800000190734863,14.010000228881836,13.4350004196167,13.449999809265137,16294782
2025-09-03 14:30:00+00:00,13.505000114440918,13.850000381469727,13.489999771118164,13.805000305175781,16559745
2025-09-03 15:30:00+00:00,13.420100212097168,13.545000076293945,13.40999984741211,13.5,11622948
2025-09-03 16:30:00+00:00,13.490099906921387,13.520000457763672,13.40999984741211,13.425000190734863,12041859
2025-09-03 17:30:00+00:00,13.444999694824219,13.5600004196167,13.399999618530273,13.494999885559082,10458761
2025-09-03 18:30:00+00:00,13.484999656677246,13.510000228881836,13.399999618530273,13.444999694824219,8085529
2025-09-03 19:30:00+00:00,13.460000038146973,13.520000457763672,13.4350004196167,13.484999656677246,6305459
2025-09-04 13:30:00+00:00,13.420100212097168,13.65999984741211,13.34000015258789,13.470000267028809,14188009
2025-09-04 14:30:00+00:00,13.355799674987793,13.430000305175781,13.279999732971191,13.421899795532227,11383673
2025-09-04 15:30:00+00:00,13.3100004196167,13.524999618530273,13.279999732971191,13.350799560546875,13732875
2025-09-04 16:30:00+00:00,13.125900268554688,13.329999923706055,13.119999885559082,13.309900283813477,10697969
2025-09-04 17:30:00+00:00,13.015000343322754,13.149999618530273,12.994400024414062,13.130000114440918,9314706
2025-09-04 18:30:00+00:00,12.885000228881836,13.020000457763672,12.869999885559082,13.015000343322754,9959525
2025-09-04 19:30:00+00:00,12.859800338745117,12.9350004196167,12.850000381469727,12.88539981842041,8075720
2025-09-05 13:30:00+00:00,13.104999542236328,13.25,12.8149995803833,12.899999618530273,14235092
2025-09-05 14:30:00+00:00,13.18649959564209,13.199999809265137,13.0,13.109999656677246,14319173
2025-09-05 15:30:00+00:00,13.179300308227539,13.220000267028809,13.130000114440918,13.1899995803833,14246178
2025-09-05 16:30:00+00:00,13.109399795532227,13.279999732971191,13.100000381469727,13.180000305175781,12498356
2025-09-05 17:30:00+00:00,13.0649995803833,13.149999618530273,13.0,13.104999542236328,12997557
2025-09-05 18:30:00+00:00,13.005000114440918,13.097999572753906,12.979999542236328,13.0600004196167,12303791
2025-09-05 19:30:00+00:00,13.09000015258789,13.09000015258789,12.994999885559082,13.005000114440918,6870630
2025-09-08 13:30:00+00:00,13.175000190734863,13.220000267028809,12.944999694824219,13.069999694824219,12961328
2025-09-08 14:30:00+00:00,13.006099700927734,13.180000305175781,12.970100402832031,13.170100212097168,19464318
2025-09-08 15:30:00+00:00,12.925000190734863,13.02649974822998,12.890000343322754,13.005000114440918,18033660
2025-09-08 16:30:00+00:00,12.989899635314941,13.029999732971191,12.90999984741211,12.925000190734863,10049006
2025-09-08 17:30:00+00:00,12.960100173950195,12.989899635314941,12.90999984741211,12.984999656677246,9898023
2025-09-08 18:30:00+00:00,12.920100212097168,12.989999771118164,12.899999618530273,12.960000038146973,9066439
2025-09-08 19:30:00+00:00,12.949999809265137,12.960000038146973,12.890000343322754,12.925000190734863,7943328
2025-09-09 13:30:00+00:00,12.845600128173828,12.989999771118164,12.8100004196167,12.9399995803833,7517440
2025-09-09 14:30:00+00:00,12.883500099182129,12.899999618530273,12.789999961853027,12.845000267028809,8873444
2025-09-09 15:30:00+00:00,12.795000076293945,12.90999984741211,12.75,12.885000228881836,10746180
2025-09-09 16:30:00+00:00,12.725000381469727,12.8100004196167,12.640000343322754,12.79990005493164,10709995
2025-09-09 17:30:00+00:00,12.78499984741211,12.800000190734863,12.6899995803833,12.725000381469727,8358201
2025-09-09 18:30:00+00:00,12.760000228881836,12.90999984741211,12.720000267028809,12.78499984741211,10788517
2025-09-09 19:30:00+00:00,12.739999771118164,12.789999961853027,12.720000267028809,12.755000114440918,6472556
2025-09-10 13:30:00+00:00,12.984999656677246,13.100000381469727,12.635000228881836,12.729999542236328,15146854
2025-09-10 14:30:00+00:00,12.820099830627441,13.0,12.765000343322754,12.984999656677246,16402844
2025-09-10 15:30:00+00:00,12.779999732971191,12.880000114440918,12.779999732971191,12.824999809265137,13282132
2025-09-10 16:30:00+00:00,12.75,12.84000015258789,12.739999771118164,12.785099983215332,11551108
2025-09-10 17:30:00+00:00,12.830100059509277,12.84000015258789,12.739999771118164,12.753600120544434,8804659
2025-09-10 18:30:00+00:00,12.8100004196167,12.859999656677246,12.789999961853027,12.835000038146973,11795540
2025-09-10 19:30:00+00:00,12.819999694824219,12.850000381469727,12.779999732971191,12.805000305175781,8937066
2025-09-11 13:30:00+00:00,12.895299911499023,13.020000457763672,12.649999618530273,12.9399995803833,14158870
2025-09-11 14:30:00+00:00,12.680000305175781,13.09000015258789,12.609999656677246,12.899999618530273,14107028
2025-09-11 15:30:00+00:00,12.680000305175781,12.739999771118164,12.609999656677246,12.683600425720215,22550117
2025-09-11 16:30:00+00:00,12.860099792480469,12.960000038146973,12.680000305175781,12.689900398254395,15674873
2025-09-11 17:30:00+00:00,12.954999923706055,13.050000190734863,12.850099563598633,12.861000061035156,14080948
2025-09-11 18:30:00+00:00,12.954899787902832,13.010000228881836,12.904999732971191,12.953499794006348,12943694
2025-09-11 19:30:00+00:00,12.96500015258789,12.989999771118164,12.880000114440918,12.954999923706055,7489452
2025-09-12 13:30:00+00:00,12.975000381469727,13.229999542236328,12.890000343322754,13.0,11494038
2025-09-12 14:30:00+00:00,13.010100364685059,13.050000190734863,12.960000038146973,12.979900360107422,9818872
2025-09-12 15:30:00+00:00,13.005999565124512,13.130000114440918,12.989999771118164,13.010100364685059,13446382
2025-09-12 16:30:00+00:00,13.038999557495117,13.0600004196167,12.949999809265137,13.003499984741211,12105979
2025-09-12 17:30:00+00:00,12.95989990234375,13.050000190734863,12.914999961853027,13.039899826049805,13330196
2025-09-12 18:30:00+00:00,12.929800033569336,12.979999542236328,12.890000343322754,12.954999923706055,11412644
2025-09-12 19:30:00+00:00,12.90999984741211,12.960000038146973,12.899999618530273,12.930000305175781,10585406
2025-09-15 13:30:00+00:00,12.854999542236328,12.960000038146973,12.720000267028809,12.9399995803833,12446619
2025-09-15 14:30:00+00:00,12.645700454711914,12.890000343322754,12.640000343322754,12.85509967803955,18902317
2025-09-15 15:30:00+00:00,12.635000228881836,12.710000038146973,12.630000114440918,12.645000457763672,14879918
2025-09-15 16:30:00+00:00,12.556300163269043,12.65999984741211,12.529999732971191,12.635000228881836,10846867
2025-09-15 17:30:00+00:00,12.595000267028809,12.640000343322754,12.550000190734863,12.555000305175781,13450116
2025-09-15 18:30:00+00:00,12.555000305175781,12.609999656677246,12.539999961853027,12.595000267028809,12503621
2025-09-15 19:30:00+00:00,12.530099868774414,12.569999694824219,12.479999542236328,12.5600004196167,13818207
2025-09-16 13:30:00+00:00,12.244500160217285,12.614999771118164,12.220000267028809,12.600000381469727,13269190
2025-09-16 14:30:00+00:00,12.1850004196167,12.289999961853027,12.163599967956543,12.244999885559082,14035245
2025-09-16 15:30:00+00:00,12.305000305175781,12.329999923706055,12.173500061035156,12.185199737548828,15937188
2025-09-16 16:30:00+00:00,12.399999618530273,12.420000076293945,12.279999732971191,12.305000305175781,15479735
2025-09-16 17:30:00+00:00,12.405099868774414,12.460000038146973,12.390000343322754,12.395000457763672,9379324
2025-09-16 18:30:00+00:00,12.380000114440918,12.430000305175781,12.359999656677246,12.404999732971191,9828716
2025-09-16 19:30:00+00:00,12.420000076293945,12.430000305175781,12.3100004196167,12.369999885559082,10252957
2025-09-17 13:30:00+00:00,12.649999618530273,12.670000076293945,12.399999618530273,12.430000305175781,12758657
2025-09-17 14:30:00+00:00,12.645099639892578,12.725000381469727,12.609999656677246,12.656999588012695,19398907
2025-09-17 15:30:00+00:00,12.595000267028809,12.670000076293945,12.579999923706055,12.649900436401367,19763268
2025-09-17 16:30:00+00:00,12.543700218200684,12.619999885559082,12.529999732971191,12.59570026397705,14563183
2025-09-17 17:30:00+00:00,12.734299659729004,12.819999694824219,12.510000228881836,12.54010009765625,15939836
2025-09-17 18:30:00+00:00,12.505000114440918,12.739399909973145,12.359999656677246,12.734999656677246,14282020
2025-09-17 19:30:00+00:00,12.475000381469727,12.54990005493164,12.4399995803833,12.5,8813585
2025-09-18 13:30:00+00:00,12.555000305175781,12.625,12.470000267028809,12.59000015258789,11935406
2025-09-18 14:30:00+00:00,12.550100326538086,12.579999923706055,12.5,12.550000190734863,17210818
2025-09-18 15:30:00+00:00,12.554800033569336,12.600000381469727,12.5,12.554300308227539,23332498
2025-09-18 16:30:00+00:00,12.571200370788574,12.619999885559082,12.520000457763672,12.554300308227539,15701629
2025-09-18 17:30:00+00:00,12.529999732971191,12.609999656677246,12.510100364685059,12.570699691772461,13281911
2025-09-18 18:30:00+00:00,12.586199760437012,12.619999885559082,12.520000457763672,12.534299850463867,15256749
2025-09-18 19:30:00+00:00,12.579999923706055,12.619999885559082,12.569999694824219,12.585000038146973,8070596
2025-09-19 13:30:00+00:00,12.375800132751465,12.670000076293945,12.369999885559082,12.649999618530273,10153740
2025-09-19 14:30:00+00:00,12.390000343322754,12.390000343322754,12.3100004196167,12.369999885559082,10464478
2025-09-19 15:30:00+00:00,12.51710033416748,12.53499984741211,12.359999656677246,12.38010025024414,15394410
2025-09-19 16:30:00+00:00,12.479999542236328,12.539999961853027,12.449999809265137,12.513199806213379,10042599
2025-09-19 17:30:00+00:00,12.46560001373291,12.550000190734863,12.430000305175781,12.470100402832031,14494459
2025-09-19 18:30:00+00:00,12.484999656677246,12.510000228881836,12.420000076293945,12.46500015258789,8957986
2025-09-19 19:30:00+00:00,12.444999694824219,12.489999771118164,12.430000305175781,12.479999542236328,6723153
2025-09-22 13:30:00+00:00,12.080100059509277,12.425000190734863,12.0600004196167,12.380000114440918,15645609
2025-09-22 14:30:00+00:00,12.154999732971191,12.1899995803833,12.0,12.079999923706055,18722923
2025-09-22 15:30:00+00:00,12.225099563598633,12.229999542236328,12.140000343322754,12.15410041809082,15607589
2025-09-22 16:30:00+00:00,12.154999732971191,12.260000228881836,12.109999656677246,12.220999717712402,13164160
2025-09-22 17:30:00+00:00,12.229999542236328,12.249899864196777,12.140000343322754,12.154999732971191,10433458
2025-09-22 18:30:00+00:00,12.340100288391113,12.350000381469727,12.220000267028809,12.234999656677246,9755268
2025-09-22 19:30:00+00:00,12.319999694824219,12.380000114440918,12.300000190734863,12.34000015258789,7067070
2025-09-23 13:30:00+00:00,12.375,12.489999771118164,12.350000381469727,12.369999885559082,9508718
2025-09-23 14:30:00+00:00,12.425000190734863,12.475000381469727,12.359999656677246,12.380000114440918,8232041
2025-09-23 15:30:00+00:00,12.37279987335205,12.449999809265137,12.369999885559082,12.425000190734863,7083072
2025-09-23 16:30:00+00:00,12.335000038146973,12.390000343322754,12.329999923706055,12.375,8855094
2025-09-23 17:30:00+00:00,12.260199546813965,12.35990047454834,12.25,12.335000038146973,13865813
2025-09-23 18:30:00+00:00,12.274999618530273,12.319999694824219,12.260000228881836,12.265000343322754,14788736
2025-09-23 19:30:00+00:00,12.199999809265137,12.289999961853027,12.1899995803833,12.274999618530273,8883703
2025-09-24 13:30:00+00:00,12.145000457763672,12.260000228881836,12.069999694824219,12.229999542236328,6953723
2025-09-24 14:30:00+00:00,12.074600219726562,12.149999618530273,12.0600004196167,12.146300315856934,9244056
2025-09-24 15:30:00+00:00,12.029899597167969,12.09000015258789,11.970000267028809,12.074999809265137,14525974
2025-09-24 16:30:00+00:00,12.03499984741211,12.0600004196167,11.970000267028809,12.020000457763672,13798484
2025-09-24 17:30:00+00:00,12.005000114440918,12.039999961853027,11.949999809265137,12.03499984741211,12101839
2025-09-24 18:30:00+00:00,11.994999885559082,12.029999732971191,11.970000267028809,12.010000228881836,10221884
2025-09-24 19:30:00+00:00,11.949999809265137,12.010000228881836,11.9399995803833,11.994999885559082,7701236
2025-09-25 13:30:00+00:00,11.625,11.800000190734863,11.555000305175781,11.795000076293945,12890449
2025-09-25 14:30:00+00:00,11.626299858093262,11.6899995803833,11.600000381469727,11.625,13635098
2025-09-25 15:30:00+00:00,11.609999656677246,11.699999809265137,11.600000381469727,11.62339973449707,16494332
2025-09-25 16:30:00+00:00,11.470000267028809,11.629899978637695,11.470000267028809,11.609999656677246,10851700
2025-09-25 17:30:00+00:00,11.46500015258789,11.489999771118164,11.39330005645752,11.477499961853027,12132589
2025-09-25 18:30:00+00:00,11.406800270080566,11.479999542236328,11.399999618530273,11.460000038146973,8268406
2025-09-25 19:30:00+00:00,11.385000228881836,11.4399995803833,11.359999656677246,11.399999618530273,7992503
2025-09-26 13:30:00+00:00,11.356499671936035,11.508600234985352,11.319999694824219,11.470000267028809,10840522
2025-09-26 14:30:00+00:00,11.344099998474121,11.359999656677246,11.28499984741211,11.350000381469727,15786811
2025-09-26 15:30:00+00:00,11.389900207519531,11.390000343322754,11.300000190734863,11.34000015258789,11904786
2025-09-26 16:30:00+00:00,11.385000228881836,11.429900169372559,11.329999923706055,11.38010025024414,8476109
2025-09-26 17:30:00+00:00,11.364999771118164,11.399999618530273,11.350000381469727,11.380000114440918,7380042
2025-09-26 18:30:00+00:00,11.324999809265137,11.380000114440918,11.3100004196167,11.364999771118164,7026049
2025-09-26 19:30:00+00:00,11.319999694824219,11.329999923706055,11.260000228881836,11.324999809265137,5969435
2025-09-29 13:30:00+00:00,11.214400291442871,11.46500015258789,11.199999809265137,11.391500473022461,12181474
2025-09-29 14:30:00+00:00,11.279999732971191,11.3100004196167,11.1899995803833,11.210000038146973,15302216
2025-09-29 15:30:00+00:00,11.319899559020996,11.329999923706055,11.25,11.289999961853027,13070415
2025-09-29 16:30:00+00:00,11.340100288391113,11.359999656677246,11.270000457763672,11.319899559020996,8845053
2025-09-29 17:30:00+00:00,11.425000190734863,11.430000305175781,11.34000015258789,11.346500396728516,5536467
2025-09-29 18:30:00+00:00,11.4173002243042,11.510000228881836,11.390000343322754,11.430000305175781,12151594
2025-09-29 19:30:00+00:00,11.390000343322754,11.449999809265137,11.380000114440918,11.414999961853027,8715809
2025-09-30 13:30:00+00:00,11.279899597167969,11.460000038146973,11.25,11.430000305175781,10119092
2025-09-30 14:30:00+00:00,11.100000381469727,11.279999732971191,11.09000015258789,11.274999618530273,21122775
2025-09-30 15:30:00+00:00,11.15719985961914,11.15999984741211,11.069999694824219,11.104999542236328,7274498
2025-09-30 16:30:00+00:00,11.09000015258789,11.170000076293945,11.069999694824219,11.15999984741211,12283360
2025-09-30 17:30:00+00:00,11.130000114440918,11.15999984741211,11.069999694824219,11.090100288391113,9310201
2025-09-30 18:30:00+00:00,11.233799934387207,11.244999885559082,11.122200012207031,11.135000228881836,9056230
2025-09-30 19:30:00+00:00,11.234999656677246,11.25,11.1899995803833,11.229999542236328,7637250
2025-10-01 13:30:00+00:00,11.189900398254395,11.377300262451172,11.15999984741211,11.239999771118164,10954117
2025-10-01 14:30:00+00:00,11.305000305175781,11.3100004196167,11.170000076293945,11.1850004196167,10050124
2025-10-01 15:30:00+00:00,11.345000267028809,11.390000343322754,11.300000190734863,11.300000190734863,12072017
2025-10-01 16:30:00+00:00,11.364999771118164,11.369999885559082,11.300000190734863,11.343500137329102,11694699
2025-10-01 17:30:00+00:00,11.354999542236328,11.369999885559082,11.289999961853027,11.359999656677246,18953476
2025-10-01 18:30:00+00:00,11.3149995803833,11.380000114440918,11.270000457763672,11.354999542236328,8197665
2025-10-01 19:30:00+00:00,11.265000343322754,11.319999694824219,11.260000228881836,11.3149995803833,7673640
2025-10-02 13:30:00+00:00,11.354999542236328,11.539999961853027,11.289999961853027,11.359999656677246,17069012
2025-10-02 14:30:00+00:00,11.354999542236328,11.380000114440918,11.3100004196167,11.355500221252441,10316622
2025-10-02 15:30:00+00:00,11.475000381469727,11.479999542236328,11.350000381469727,11.354999542236328,9840686
2025-10-02 16:30:00+00:00,11.494999885559082,11.520000457763672,11.449999809265137,11.475000381469727,12135902
2025-10-02 17:30:00+00:00,11.555100440979004,11.600000381469727,11.484999656677246,11.495100021362305,9916496
2025-10-02 18:30:00+00:00,11.529999732971191,11.569899559020996,11.510000228881836,11.555000305175781,7237392
2025-10-02 19:30:00+00:00,11.430000305175781,11.539899826049805,11.420000076293945,11.53499984741211,8859636
2025-10-03 13:30:00+00:00,11.475000381469727,11.609999656677246,11.463899612426758,11.529999732971191,8056436
2025-10-03 14:30:00+00:00,11.39009952545166,11.510000228881836,11.369999885559082,11.479100227355957,16100443
2025-10-03 15:30:00+00:00,11.485400199890137,11.5,11.390000343322754,11.393199920654297,13091748
2025-10-03 16:30:00+00:00,11.569999694824219,11.630000114440918,11.470000267028809,11.486200332641602,13217995
2025-10-03 17:30:00+00:00,11.5600004196167,11.609999656677246,11.470000267028809,11.560600280761719,9879892
2025-10-03 18:30:00+00:00,11.529999732971191,11.576499938964844,11.510000228881836,11.569999694824219,7900996
2025-10-03 19:30:00+00:00,11.579999923706055,11.579999923706055,11.520000457763672,11.524999618530273,6871052
2025-10-06 13:30:00+00:00,11.680000305175781,11.710000038146973,11.4350004196167,11.649999618530273,15835331
2025-10-06 14:30:00+00:00,11.835000038146973,11.84000015258789,11.660099983215332,11.680000305175781,26725637
2025-10-06 15:30:00+00:00,11.795000076293945,11.880000114440918,11.770000457763672,11.835000038146973,13971239
2025-10-06 16:30:00+00:00,11.824899673461914,11.84000015258789,11.770000457763672,11.796500205993652,8597659
2025-10-06 17:30:00+00:00,11.833499908447266,11.880000114440918,11.780099868774414,11.824999809265137,7716450
2025-10-06 18:30:00+00:00,11.798999786376953,11.850000381469727,11.779999732971191,11.83489990234375,9745979
2025-10-06 19:30:00+00:00,11.84000015258789,11.850000381469727,11.779999732971191,11.795000076293945,6715434
2025-10-07 13:30:00+00:00,11.688599586486816,11.970000267028809,11.680000305175781,11.920000076293945,7823417
2025-10-07 14:30:00+00:00,11.620100021362305,11.760000228881836,11.59000015258789,11.6850004196167,9846321
2025-10-07 15:30:00+00:00,11.600000381469727,11.630000114440918,11.520000457763672,11.630000114440918,11089077
2025-10-07 16:30:00+00:00,11.664999961853027,11.6899995803833,11.600000381469727,11.600000381469727,7502469
2025-10-07 17:30:00+00:00,11.664299964904785,11.720000267028809,11.630000114440918,11.664999961853027,7392363
2025-10-07 18:30:00+00:00,11.645000457763672,11.739999771118164,11.630000114440918,11.664999961853027,8469999
2025-10-07 19:30:00+00:00,11.649999618530273,11.680000305175781,11.630000114440918,11.645000457763672,6051760
2025-10-08 13:30:00+00:00,11.954999923706055,12.010000228881836,11.5600004196167,11.699999809265137,17903887
2025-10-08 14:30:00+00:00,11.885000228881836,12.029999732971191,11.859999656677246,11.954999923706055,12941472
2025-10-08 15:30:00+00:00,11.909899711608887,11.979999542236328,11.869999885559082,11.885000228881836,5601626
2025-10-08 16:30:00+00:00,11.904999732971191,11.935600280761719,11.84000015258789,11.90999984741211,5411012
2025-10-08 17:30:00+00:00,11.789999961853027,11.90999984741211,11.75,11.90999984741211,7582609
2025-10-08 18:30:00+00:00,11.861100196838379,11.880000114440918,11.75,11.78499984741211,6959983
2025-10-08 19:30:00+00:00,11.800000190734863,11.899999618530273,11.800000190734863,11.864999771118164,6239497
2025-10-09 13:30:00+00:00,11.854999542236328,12.5,11.829999923706055,12.444999694824219,29782357
2025-10-09 14:30:00+00:00,11.71500015258789,11.90999984741211,11.6899995803833,11.850000381469727,15534416
2025-10-09 15:30:00+00:00,11.579999923706055,11.71500015258789,11.569999694824219,11.71500015258789,14330551
2025-10-09 16:30:00+00:00,11.539899826049805,11.609999656677246,11.510000228881836,11.579899787902832,12623708
2025-10-09 17:30:00+00:00,11.595000267028809,11.619999885559082,11.529999732971191,11.539899826049805,9470564
2025-10-09 18:30:00+00:00,11.603500366210938,11.65999984741211,11.550000190734863,11.595000267028809,7984484
2025-10-09 19:30:00+00:00,11.614999771118164,11.640000343322754,11.5600004196167,11.604999542236328,9762447
2025-10-10 13:30:00+00:00,11.795000076293945,12.055100440979004,11.6899995803833,11.6899995803833,17399499
2025-10-10 14:30:00+00:00,11.54010009765625,11.869999885559082,11.520000457763672,11.791500091552734,11385938
2025-10-10 15:30:00+00:00,11.5649995803833,11.614999771118164,11.420000076293945,11.54640007019043,9839169
2025-10-10 16:30:00+00:00,11.573800086975098,11.638500213623047,11.489999771118164,11.560099601745605,7529514
2025-10-10 17:30:00+00:00,11.635000228881836,11.670000076293945,11.550000190734863,11.570799827575684,8558275
2025-10-10 18:30:00+00:00,11.502699851989746,11.649999618530273,11.489999771118164,11.633999824523926,8580956
2025-10-10 19:30:00+00:00,11.520000457763672,11.529999732971191,11.479999542236328,11.505000114440918,6857227
2025-10-13 13:30:00+00:00,11.725000381469727,11.85770034790039,11.649999618530273,11.65999984741211,13883649
2025-10-13 14:30:00+00:00,11.710000038146973,11.779999732971191,11.670000076293945,11.720000267028809,7454912
2025-10-13 15:30:00+00:00,11.710000038146973,11.75,11.635000228881836,11.71500015258789,4883361
2025-10-13 16:30:00+00:00,11.6899995803833,11.75,11.680000305175781,11.710800170898438,2905535
2025-10-13 17:30:00+00:00,11.762100219726562,11.770000457763672,11.670000076293945,11.699999809265137,2906133
2025-10-13 18:30:00+00:00,11.694999694824219,11.777700424194336,11.65999984741211,11.760100364685059,3870307
2025-10-13 19:30:00+00:00,11.734999656677246,11.739999771118164,11.6850004196167,11.694000244140625,5020397
2025-10-14 13:30:00+00:00,11.802900314331055,11.819999694824219,11.520000457763672,11.59000015258789,8515246
2025-10-14 14:30:00+00:00,11.824999809265137,11.895000457763672,11.789999961853027,11.805000305175781,9355413
2025-10-14 15:30:00+00:00,12.024999618530273,12.039999961853027,11.819999694824219,11.829999923706055,9816840
2025-10-14 16:30:00+00:00,12.204999923706055,12.279899597167969,12.010100364685059,12.029999732971191,13171275
2025-10-14 17:30:00+00:00,12.175000190734863,12.239899635314941,12.15999984741211,12.201499938964844,6839062
2025-10-14 18:30:00+00:00,12.263500213623047,12.270000457763672,12.149999618530273,12.175000190734863,5341806
2025-10-14 19:30:00+00:00,12.1850004196167,12.279999732971191,12.121999740600586,12.260000228881836,9485441
2025-10-15 13:30:00+00:00,12.28499984741211,12.319999694824219,12.149999618530273,12.220000267028809,8186857
2025-10-15 14:30:00+00:00,12.324999809265137,12.350000381469727,12.1899995803833,12.28499984741211,7255816
2025-10-15 15:30:00+00:00,12.349900245666504,12.380000114440918,12.279999732971191,12.319999694824219,6957637
2025-10-15 16:30:00+00:00,12.369999885559082,12.390000343322754,12.25,12.345000267028809,6466854
2025-10-15 17:30:00+00:00,12.374500274658203,12.4399995803833,12.359999656677246,12.359999656677246,6079102
2025-10-15 18:30:00+00:00,12.469900131225586,12.470000267028809,12.359999656677246,12.369999885559082,5209598
2025-10-15 19:30:00+00:00,12.510000228881836,12.520000457763672,12.454999923706055,12.46500015258789,7915998
2025-10-16 13:30:00+00:00,12.13010025024414,12.5649995803833,12.085000038146973,12.550000190734863,12267636
2025-10-16 14:30:00+00:00,12.081500053405762,12.430000305175781,12.069999694824219,12.139900207519531,11216701
2025-10-16 15:30:00+00:00,11.870100021362305,12.079999923706055,11.779999732971191,12.079999923706055,13066218
2025-10-16 16:30:00+00:00,11.904999732971191,11.90999984741211,11.75,11.869999885559082,7233365
2025-10-16 17:30:00+00:00,11.755900382995605,11.930000305175781,11.724200248718262,11.904999732971191,4961716
2025-10-16 18:30:00+00:00,11.750100135803223,11.819999694824219,11.729999542236328,11.755000114440918,5601763
2025-10-16 19:30:00+00:00,11.895000457763672,11.90999984741211,11.720000267028809,11.755000114440918,7206782
2025-10-17 13:30:00+00:00,11.925000190734863,12.020000457763672,11.84000015258789,11.850000381469727,8784045
2025-10-17 14:30:00+00:00,11.914999961853027,11.960000038146973,11.84000015258789,11.920000076293945,6730233
2025-10-17 15:30:00+00:00,11.899999618530273,11.949999809265137,11.880000114440918,11.917499542236328,4113941
2025-10-17 16:30:00+00:00,11.835000038146973,11.930000305175781,11.829999923706055,11.895000457763672,4490951
2025-10-17 17:30:00+00:00,11.889900207519531,11.90999984741211,11.829999923706055,11.835000038146973,3139805
2025-10-17 18:30:00+00:00,11.914999961853027,11.9399995803833,11.869999885559082,11.889300346374512,2324308
2025-10-17 19:30:00+00:00,11.859999656677246,11.920000076293945,11.829999923706055,11.90999984741211,3597872
2025-10-20 13:30:00+00:00,12.086000442504883,12.100000381469727,11.871199607849121,11.930000305175781,9502632
2025-10-20 14:30:00+00:00,12.138199806213379,12.1899995803833,12.053500175476074,12.085000038146973,6467835
2025-10-20 15:30:00+00:00,12.092499732971191,12.15999984741211,12.069999694824219,12.140000343322754,4543643
2025-10-20 16:30:00+00:00,12.130000114440918,12.164999961853027,12.09000015258789,12.095000267028809,4085715
2025-10-20 17:30:00+00:00,12.21679973602295,12.239999771118164,12.109999656677246,12.130000114440918,4776473
2025-10-20 18:30:00+00:00,12.229999542236328,12.239999771118164,12.170000076293945,12.215100288391113,3790418
2025-10-20 19:30:00+00:00,12.180000305175781,12.225099563598633,12.15999984741211,12.225099563598633,4518080
2025-10-21 13:30:00+00:00,12.245599746704102,12.25,12.079999923706055,12.180000305175781,6563858
2025-10-21 14:30:00+00:00,12.345000267028809,12.390000343322754,12.239999771118164,12.243000030517578,8999282
2025-10-21 15:30:00+00:00,12.385600090026855,12.399999618530273,12.3100004196167,12.345000267028809,5055530
2025-10-21 16:30:00+00:00,12.329899787902832,12.399999618530273,12.3100004196167,12.385000228881836,3933133
2025-10-21 17:30:00+00:00,12.375,12.390000343322754,12.324999809265137,12.324999809265137,2665423
2025-10-21 18:30:00+00:00,12.365500450134277,12.395000457763672,12.319999694824219,12.372599601745605,4574596
2025-10-21 19:30:00+00:00,12.350000381469727,12.399999618530273,12.350000381469727,12.364999771118164,4416823
2025-10-22 13:30:00+00:00,12.125,12.319999694824219,12.124300003051758,12.270000457763672,10121850
2025-10-22 14:30:00+00:00,12.145000457763672,12.1899995803833,12.010000228881836,12.1274995803833,9572521
2025-10-22 15:30:00+00:00,12.104999542236328,12.180000305175781,12.079999923706055,12.145000457763672,6284707
2025-10-22 16:30:00+00:00,12.050000190734863,12.140000343322754,12.015000343322754,12.104999542236328,5981083
2025-10-22 17:30:00+00:00,12.104999542236328,12.119999885559082,11.989999771118164,12.045000076293945,8383635
2025-10-22 18:30:00+00:00,12.109999656677246,12.149999618530273,12.09000015258789,12.104999542236328,6523430
2025-10-22 19:30:00+00:00,12.069999694824219,12.140000343322754,12.050000190734863,12.114999771118164,6463980
2025-10-23 13:30:00+00:00,12.525400161743164,12.850000381469727,12.350000381469727,12.755000114440918,32737592
2025-10-23 14:30:00+00:00,12.744999885559082,12.75,12.420000076293945,12.529500007629395,12243710
2025-10-23 15:30:00+00:00,12.654999732971191,12.789999961853027,12.600000381469727,12.744999885559082,9385256
2025-10-23 16:30:00+00:00,12.720000267028809,12.75,12.634400367736816,12.654999732971191,4623616
2025-10-23 17:30:00+00:00,13.005000114440918,13.039999961853027,12.710200309753418,12.710200309753418,13090847
2025-10-23 18:30:00+00:00,12.744999885559082,13.005000114440918,12.729999542236328,13.005000114440918,8056289
2025-10-23 19:30:00+00:00,12.770000457763672,12.800000190734863,12.6899995803833,12.744999885559082,7949701
2025-10-24 13:30:00+00:00,13.579999923706055,13.670000076293945,12.899999618530273,12.989999771118164,32658515
2025-10-24 14:30:00+00:00,13.744799613952637,13.84000015258789,13.550000190734863,13.574999809265137,13562291
2025-10-24 15:30:00+00:00,13.742500305175781,13.880000114440918,13.649999618530273,13.739999771118164,14836384
2025-10-24 16:30:00+00:00,13.859999656677246,13.875,13.699999809265137,13.739999771118164,9776101
2025-10-24 17:30:00+00:00,13.740099906921387,13.890000343322754,13.720000267028809,13.866499900817871,5064984
2025-10-24 18:30:00+00:00,13.704999923706055,13.75,13.675000190734863,13.744000434875488,4883261
2025-10-24 19:30:00+00:00,13.789999961853027,13.795000076293945,13.649999618530273,13.704999923706055,9137651
2025-10-27 13:30:00+00:00,13.5649995803833,13.850000381469727,13.444999694824219,13.800000190734863,15514222
2025-10-27 14:30:00+00:00,13.510000228881836,13.600000381469727,13.489999771118164,13.5649995803833,6469637
2025-10-27 15:30:00+00:00,13.46500015258789,13.545000076293945,13.385000228881836,13.510000228881836,7404336
2025-10-27 16:30:00+00:00,13.392499923706055,13.5,13.369999885559082,13.462699890136719,6525743
2025-10-27 17:30:00+00:00,13.414999961853027,13.420000076293945,13.34000015258789,13.390000343322754,4491802
2025-10-27 18:30:00+00:00,13.46500015258789,13.479999542236328,13.413399696350098,13.414999961853027,3705028
2025-10-27 19:30:00+00:00,13.404999732971191,13.479999542236328,13.390000343322754,13.46500015258789,6398931
2025-10-28 13:30:00+00:00,13.010000228881836,13.460000038146973,12.930000305175781,13.4399995803833,11224166
2025-10-28 14:30:00+00:00,13.164999961853027,13.170000076293945,12.970000267028809,13.005000114440918,7290732
2025-10-28 15:30:00+00:00,13.110199928283691,13.180000305175781,13.09000015258789,13.164999961853027,5135365
2025-10-28 16:30:00+00:00,13.089900016784668,13.170000076293945,13.069999694824219,13.11520004272461,3564067
2025-10-28 17:30:00+00:00,12.875,13.100000381469727,12.869999885559082,13.079999923706055,7048334
2025-10-28 18:30:00+00:00,12.725099563598633,12.899999618530273,12.710000038146973,12.875,7580776
2025-10-28 19:30:00+00:00,12.704999923706055,12.739999771118164,12.649999618530273,12.720100402832031,8615766
2025-10-29 13:30:00+00:00,12.735600471496582,12.829999923706055,12.640000343322754,12.710000038146973,6231795
2025-10-29 14:30:00+00:00,12.854999542236328,12.890000343322754,12.720000267028809,12.739999771118164,5960309
2025-10-29 15:30:00+00:00,12.96500015258789,13.0,12.814200401306152,12.850000381469727,7171599
2025-10-29 16:30:00+00:00,12.895000457763672,12.989999771118164,12.884099960327148,12.960100173950195,4085536
2025-10-29 17:30:00+00:00,12.904999732971191,12.989999771118164,12.859999656677246,12.895000457763672,4406860
2025-10-29 18:30:00+00:00,12.920000076293945,12.989999771118164,12.819999694824219,12.904999732971191,7313983
2025-10-29 19:30:00+00:00,12.989999771118164,12.989999771118164,12.829999923706055,12.920000076293945,5923386
2025-10-30 13:30:00+00:00,12.880000114440918,12.960000038146973,12.779999732971191,12.779999732971191,4228214
2025-10-30 14:30:00+00:00,13.050000190734863,13.069999694824219,12.864800453186035,12.875800132751465,6765500
2025-10-30 15:30:00+00:00,13.06029987335205,13.100000381469727,13.020099639892578,13.050000190734863,6901981
2025-10-30 16:30:00+00:00,13.104999542236328,13.119999885559082,13.029999732971191,13.063799858093262,3760824
2025-10-30 17:30:00+00:00,12.994999885559082,13.154999732971191,12.964200019836426,13.104999542236328,3887204
2025-10-30 18:30:00+00:00,12.835000038146973,13.010000228881836,12.699999809265137,12.994999885559082,7771929
2025-10-30 19:30:00+00:00,12.78499984741211,12.859999656677246,12.75,12.830100059509277,4679714
2025-10-31 13:30:00+00:00,12.864999771118164,12.898500442504883,12.640000343322754,12.699999809265137,4951750
2025-10-31 14:30:00+00:00,12.925000190734863,12.949999809265137,12.829999923706055,12.869999885559082,4124167
2025-10-31 15:30:00+00:00,13.03499984741211,13.055800437927246,12.899999618530273,12.925000190734863,7288437
2025-10-31 16:30:00+00:00,12.994999885559082,13.050000190734863,12.9399995803833,13.039999961853027,5315659
2025-10-31 17:30:00+00:00,13.035200119018555,13.069999694824219,12.974200248718262,12.994099617004395,5683871
2025-10-31 18:30:00+00:00,13.095000267028809,13.109999656677246,13.010000228881836,13.039999961853027,3406933
2025-10-31 19:30:00+00:00,13.135000228881836,13.140000343322754,13.069999694824219,13.09589958190918,3446979
2025-11-03 14:30:00+00:00,13.170000076293945,13.430000305175781,12.979999542236328,13.09000015258789,8581619
2025-11-03 15:30:00+00:00,13.425000190734863,13.430000305175781,13.15999984741211,13.180000305175781,8394709
2025-11-03 16:30:00+00:00,13.444999694824219,13.5,13.410099983215332,13.425000190734863,6708721
2025-11-03 17:30:00+00:00,13.3149995803833,13.479999542236328,13.300000190734863,13.444999694824219,4943146
2025-11-03 18:30:00+00:00,13.444999694824219,13.449999809265137,13.3149995803833,13.3149995803833,4644300
2025-11-03 19:30:00+00:00,13.335000038146973,13.446499824523926,13.329999923706055,13.4443998336792,4248547
2025-11-03 20:30:00+00:00,13.350000381469727,13.350000381469727,13.229999542236328,13.335000038146973,4136011
2025-11-04 14:30:00+00:00,13.079899787902832,13.204999923706055,12.944999694824219,13.08899974822998,8806247
2025-11-04 15:30:00+00:00,13.029999732971191,13.100000381469727,12.989999771118164,13.079999923706055,6381676
2025-11-04 16:30:00+00:00,12.955499649047852,13.069999694824219,12.930000305175781,13.031900405883789,6331313
2025-11-04 17:30:00+00:00,12.775500297546387,12.960000038146973,12.75,12.954999923706055,4503997
2025-11-04 18:30:00+00:00,12.640000343322754,12.800000190734863,12.529999732971191,12.774999618530273,8033875
2025-11-04 19:30:00+00:00,12.645000457763672,12.65999984741211,12.550000190734863,12.635000228881836,4527388
2025-11-04 20:30:00+00:00,12.640000343322754,12.6875,12.609999656677246,12.645000457763672,4986782
2025-11-05 14:30:00+00:00,13.114999771118164,13.1899995803833,12.75,12.755000114440918,9008948
2025-11-05 15:30:00+00:00,13.244999885559082,13.25,13.100000381469727,13.119999885559082,4512392
2025-11-05 16:30:00+00:00,13.455499649047852,13.470000267028809,13.199999809265137,13.244099617004395,7602363
2025-11-05 17:30:00+00:00,13.479999542236328,13.5,13.335000038146973,13.454999923706055,4918585
2025-11-05 18:30:00+00:00,13.494999885559082,13.539999961853027,13.460000038146973,13.474900245666504,4931470
2025-11-05 19:30:00+00:00,13.46500015258789,13.53499984741211,13.449999809265137,13.494999885559082,5867325
2025-11-05 20:30:00+00:00,13.425000190734863,13.510000228881836,13.399999618530273,13.46500015258789,4085165
2025-11-06 14:30:00+00:00,13.1899995803833,13.550000190734863,13.1899995803833,13.350000381469727,5942367
2025-11-06 15:30:00+00:00,12.991499900817871,13.206700325012207,12.949999809265137,13.194999694824219,7845532
2025-11-06 16:30:00+00:00,13.095000267028809,13.199899673461914,12.970000267028809,12.984999656677246,9322970
2025-11-06 17:30:00+00:00,13.1850004196167,13.244999885559082,13.0600004196167,13.090100288391113,7508504
2025-11-06 18:30:00+00:00,13.25,13.319899559020996,13.149999618530273,13.1899995803833,7956600
2025-11-06 19:30:00+00:00,13.295000076293945,13.359999656677246,13.229999542236328,13.255000114440918,10185759
2025-11-06 20:30:00+00:00,13.145000457763672,13.29990005493164,13.135000228881836,13.289999961853027,4310484
2025-11-07 14:30:00+00:00,13.401900291442871,13.468299865722656,12.750100135803223,12.791000366210938,9639203
2025-11-07 15:30:00+00:00,13.204500198364258,13.430000305175781,13.190099716186523,13.404999732971191,6761824
2025-11-07 16:30:00+00:00,13.338600158691406,13.3858003616333,13.19480037689209,13.204999923706055,13868852
2025-11-07 17:30:00+00:00,13.385000228881836,13.420000076293945,13.321999549865723,13.330100059509277,0
2025-11-07 18:30:00+00:00,13.364999771118164,13.435700416564941,13.279999732971191,13.383099555969238,6267511
2025-11-07 19:30:00+00:00,13.5649995803833,13.770000457763672,13.350000381469727,13.364999771118164,11102924
2025-11-07 20:30:00+00:00,13.664999961853027,13.670000076293945,13.539999961853027,13.5600004196167,6114959
2025-11-10 14:30:00+00:00,13.585000038146973,14.045000076293945,13.530099868774414,13.869999885559082,11401291
2025-11-10 15:30:00+00:00,13.395000457763672,13.625,13.329999923706055,13.585000038146973,6647253
2025-11-10 16:30:00+00:00,13.363900184631348,13.460000038146973,13.329999923706055,13.395000457763672,6066933
2025-11-10 17:30:00+00:00,13.40999984741211,13.449999809265137,13.329999923706055,13.359999656677246,3754830
2025-11-10 18:30:00+00:00,13.399999618530273,13.444999694824219,13.300000190734863,13.419899940490723,4002920
2025-11-10 19:30:00+00:00,13.399999618530273,13.420000076293945,13.34000015258789,13.40999984741211,3131941
2025-11-10 20:30:00+00:00,13.3100004196167,13.404800415039062,13.270000457763672,13.404800415039062,3574472
2025-11-11 14:30:00+00:00,13.115400314331055,13.354999542236328,13.029999732971191,13.300000190734863,4618465
2025-11-11 15:30:00+00:00,13.014900207519531,13.117899894714355,12.994999885559082,13.114999771118164,5732370
2025-11-11 16:30:00+00:00,13.1850004196167,13.194999694824219,12.979999542236328,13.015000343322754,3823436
2025-11-11 17:30:00+00:00,13.260000228881836,13.289899826049805,13.145000457763672,13.189900398254395,3945855
2025-11-11 18:30:00+00:00,13.168000221252441,13.26990032196045,13.145000457763672,13.259900093078613,4313426
2025-11-11 19:30:00+00:00,12.994999885559082,13.180000305175781,12.979999542236328,13.164999961853027,3547316
2025-11-11 20:30:00+00:00,12.984999656677246,13.058300018310547,12.949999809265137,12.994999885559082,5087388
2025-11-12 14:30:00+00:00,13.3100004196167,13.470000267028809,13.020000457763672,13.100000381469727,7647168
2025-11-12 15:30:00+00:00,13.348999977111816,13.449999809265137,13.270000457763672,13.300000190734863,6249456
2025-11-12 16:30:00+00:00,13.378199577331543,13.4399995803833,13.319999694824219,13.34000015258789,5040354
2025-11-12 17:30:00+00:00,13.395000457763672,13.460000038146973,13.350000381469727,13.375,3702618
2025-11-12 18:30:00+00:00,13.454999923706055,13.520000457763672,13.375,13.39009952545166,10524848
2025-11-12 19:30:00+00:00,13.504500389099121,13.529999732971191,13.430000305175781,13.454999923706055,0
2025-11-12 20:30:00+00:00,13.454999923706055,13.510000228881836,13.40999984741211,13.510000228881836,3872111
2025-11-13 14:30:00+00:00,13.260000228881836,13.5024995803833,13.220000267028809,13.319999694824219,4167001
2025-11-13 15:30:00+00:00,13.140000343322754,13.26990032196045,13.130000114440918,13.25,4360663
2025-11-13 16:30:00+00:00,13.225000381469727,13.25,13.140000343322754,13.140000343322754,3774654
2025-11-13 17:30:00+00:00,13.15999984741211,13.300000190734863,13.130000114440918,13.229999542236328,3854776
2025-11-13 18:30:00+00:00,13.135000228881836,13.1899995803833,13.069999694824219,13.164999961853027,4253961
2025-11-13 19:30:00+00:00,13.039400100708008,13.145000457763672,13.0,13.139900207519531,4252612
2025-11-13 20:30:00+00:00,13.0600004196167,13.119999885559082,13.029999732971191,13.039999961853027,3790021
2025-11-14 14:30:00+00:00,12.855899810791016,12.9399995803833,12.699999809265137,12.789999961853027,4656973
2025-11-14 15:30:00+00:00,12.925000190734863,12.970000267028809,12.845000267028809,12.850000381469727,2761976
2025-11-14 16:30:00+00:00,12.890000343322754,12.949999809265137,12.869999885559082,12.925000190734863,2705188
2025-11-14 17:30:00+00:00,12.835000038146973,12.899999618530273,12.760000228881836,12.890000343322754,2729300
2025-11-14 18:30:00+00:00,12.805000305175781,12.859999656677246,12.774299621582031,12.835000038146973,3573945
2025-11-14 19:30:00+00:00,12.770000457763672,12.850000381469727,12.729999542236328,12.801799774169922,3776464
2025-11-14 20:30:00+00:00,12.755000114440918,12.8100004196167,12.710000038146973,12.760000228881836,3435064
2025-11-17 14:30:00+00:00,12.600000381469727,12.779999732971191,12.579999923706055,12.75,2635129
2025-11-17 15:30:00+00:00,12.5649995803833,12.609999656677246,12.479999542236328,12.60569953918457,3324784
2025-11-17 16:30:00+00:00,12.704999923706055,12.739999771118164,12.550000190734863,12.5649995803833,5178785
2025-11-17 17:30:00+00:00,12.590100288391113,12.725000381469727,12.579999923706055,12.710000038146973,3954293
2025-11-17 18:30:00+00:00,12.46500015258789,12.640000343322754,12.420000076293945,12.593700408935547,5958190
2025-11-17 19:30:00+00:00,12.289899826049805,12.478099822998047,12.25,12.46500015258789,7977419
2025-11-17 20:30:00+00:00,12.335000038146973,12.378199577331543,12.279999732971191,12.289999961853027,4893846
2025-11-18 14:30:00+00:00,12.144800186157227,12.449999809265137,12.140000343322754,12.220000267028809,3706870
2025-11-18 15:30:00+00:00,12.244999885559082,12.25,12.109999656677246,12.145000457763672,5469382
2025-11-18 16:30:00+00:00,12.199700355529785,12.289999961853027,12.15999984741211,12.241800308227539,5322035
2025-11-18 17:30:00+00:00,12.418499946594238,12.460000038146973,12.175000190734863,12.199999809265137,6808065
2025-11-18 18:30:00+00:00,12.374799728393555,12.439000129699707,12.350000381469727,12.414999961853027,5859571
2025-11-18 19:30:00+00:00,12.380000114440918,12.4399995803833,12.350000381469727,12.369999885559082,5372756
2025-11-18 20:30:00+00:00,12.359999656677246,12.40999984741211,12.341500282287598,12.380000114440918,3257462
2025-11-19 14:30:00+00:00,12.344400405883789,12.654999732971191,12.29010009765625,12.569999694824219,3565217
2025-11-19 15:30:00+00:00,12.276700019836426,12.364999771118164,12.225000381469727,12.344099998474121,5652662
2025-11-19 16:30:00+00:00,12.265000343322754,12.350000381469727,12.220000267028809,12.274999618530273,8573317
2025-11-19 17:30:00+00:00,12.293600082397461,12.34000015258789,12.180000305175781,12.26990032196045,7055260
2025-11-19 18:30:00+00:00,12.164999961853027,12.34000015258789,12.145000457763672,12.289999961853027,5420658
2025-11-19 19:30:00+00:00,12.352700233459473,12.369999885559082,12.149999618530273,12.170000076293945,7886491
2025-11-19 20:30:00+00:00,12.305000305175781,12.380000114440918,12.305000305175781,12.354700088500977,4594566
2025-11-20 14:30:00+00:00,12.734999656677246,12.739999771118164,12.460000038146973,12.5,3731965
2025-11-20 15:30:00+00:00,12.520000457763672,12.819999694824219,12.510000228881836,12.736800193786621,7424048
2025-11-20 16:30:00+00:00,12.315999984741211,12.539999961853027,12.270099639892578,12.515000343322754,8165390
2025-11-20 17:30:00+00:00,12.454999923706055,12.489999771118164,12.229999542236328,12.315099716186523,6205438
2025-11-20 18:30:00+00:00,12.385000228881836,12.470000267028809,12.291799545288086,12.454999923706055,5709315
2025-11-20 19:30:00+00:00,12.389900207519531,12.475600242614746,12.354999542236328,12.385000228881836,8939964
2025-11-20 20:30:00+00:00,12.239999771118164,12.390000343322754,12.229999542236328,12.385000228881836,8212754
2025-11-21 14:30:00+00:00,12.635000228881836,12.680000305175781,12.319999694824219,12.34000015258789,5438132
2025-11-21 15:30:00+00:00,12.70009994506836,12.720000267028809,12.493800163269043,12.630000114440918,9972794
2025-11-21 16:30:00+00:00,12.980199813842773,13.0600004196167,12.678199768066406,12.704999923706055,10685821
2025-11-21 17:30:00+00:00,12.914999961853027,13.045000076293945,12.869999885559082,12.984999656677246,6616431
2025-11-21 18:30:00+00:00,13.013400077819824,13.020000457763672,12.895000457763672,12.90999984741211,6333885
2025-11-21 19:30:00+00:00,12.885000228881836,13.029999732971191,12.880000114440918,13.015000343322754,6006028
2025-11-21 20:30:00+00:00,12.880000114440918,12.920000076293945,12.829999923706055,12.880000114440918,5126825
2025-11-24 14:30:00+00:00,12.994999885559082,13.029999732971191,12.805000305175781,13.0,3901642
2025-11-24 15:30:00+00:00,13.109800338745117,13.119999885559082,12.974800109863281,12.989999771118164,4826703
2025-11-24 16:30:00+00:00,13.13700008392334,13.180000305175781,13.069999694824219,13.100000381469727,8705026
2025-11-24 17:30:00+00:00,13.095000267028809,13.156700134277344,13.069999694824219,13.138500213623047,5276532
2025-11-24 18:30:00+00:00,13.095000267028809,13.130000114440918,13.069999694824219,13.09000015258789,3977198
2025-11-24 19:30:00+00:00,13.139900207519531,13.149999618530273,13.000100135803223,13.095000267028809,7768379
2025-11-24 20:30:00+00:00,13.109999656677246,13.204999923706055,13.0649995803833,13.133399963378906,6025654
2025-11-25 14:30:00+00:00,13.614999771118164,13.654999732971191,13.100000381469727,13.140000343322754,9027670
2025-11-25 15:30:00+00:00,13.688199996948242,13.729999542236328,13.609999656677246,13.614999771118164,10913788
2025-11-25 16:30:00+00:00,13.744999885559082,13.789999961853027,13.65999984741211,13.6850004196167,9836190
2025-11-25 17:30:00+00:00,13.545000076293945,13.760000228881836,13.5,13.75,7353328
2025-11-25 18:30:00+00:00,13.515000343322754,13.604999542236328,13.5,13.545000076293945,3881448
2025-11-25 19:30:00+00:00,13.53499984741211,13.57610034942627,13.510000228881836,13.515000343322754,5502127
2025-11-25 20:30:00+00:00,13.470000267028809,13.569999694824219,13.424099922180176,13.539899826049805,5427527
2025-11-26 14:30:00+00:00,13.765000343322754,13.829999923706055,13.449999809265137,13.5,4677518
2025-11-26 15:30:00+00:00,13.940299987792969,13.960000038146973,13.760000228881836,13.765000343322754,8200713
2025-11-26 16:30:00+00:00,13.954999923706055,13.970000267028809,13.875,13.944999694824219,7338247
2025-11-26 17:30:00+00:00,13.982099533081055,14.039999961853027,13.930100440979004,13.960000038146973,7623567
2025-11-26 18:30:00+00:00,14.015000343322754,14.029999732971191,13.944999694824219,13.979999542236328,6076083
2025-11-26 19:30:00+00:00,14.074999809265137,14.105999946594238,14.0,14.015000343322754,8760593
2025-11-26 20:30:00+00:00,13.925000190734863,14.09000015258789,13.914999961853027,14.074999809265137,7091168
2025-11-28 14:30:00+00:00,14.03499984741211,14.045499801635742,13.869999885559082,13.994999885559082,4847539
2025-11-28 15:30:00+00:00,14.005000114440918,14.09000015258789,13.979999542236328,14.03499984741211,7944208
2025-11-28 16:30:00+00:00,14.015000343322754,14.09000015258789,13.989999771118164,14.005000114440918,9769881
2025-12-01 14:30:00+00:00,13.875,13.994999885559082,13.5600004196167,13.765000343322754,9264429
2025-12-01 15:30:00+00:00,14.024999618530273,14.100000381469727,13.850000381469727,13.87030029296875,12758654
2025-12-01 16:30:00+00:00,14.064900398254395,14.119999885559082,14.024999618530273,14.024999618530273,10591976
2025-12-01 17:30:00+00:00,14.045000076293945,14.109999656677246,13.994500160217285,14.065199851989746,8596009
2025-12-01 18:30:00+00:00,13.960100173950195,14.09000015258789,13.949999809265137,14.045000076293945,7396767
2025-12-01 19:30:00+00:00,13.954999923706055,13.970000267028809,13.904999732971191,13.96500015258789,6115506
2025-12-01 20:30:00+00:00,13.954999923706055,13.989999771118164,13.899999618530273,13.954999923706055,6282289
2025-12-02 14:30:00+00:00,13.960000038146973,14.09000015258789,13.819999694824219,14.050000190734863,7304102
2025-12-02 15:30:00+00:00,14.069999694824219,14.199999809265137,13.949999809265137,13.96500015258789,8520138
2025-12-02 16:30:00+00:00,14.174699783325195,14.218000411987305,14.0649995803833,14.068499565124512,8013931
2025-12-02 17:30:00+00:00,14.175000190734863,14.234999656677246,14.119999885559082,14.170000076293945,5951855
2025-12-02 18:30:00+00:00,14.289799690246582,14.289999961853027,14.15999984741211,14.175000190734863,7147135
2025-12-02 19:30:00+00:00,14.250900268554688,14.329999923706055,14.25,14.2878999710083,9567186
2025-12-02 20:30:00+00:00,14.229999542236328,14.289999961853027,14.220000267028809,14.25,5532335
2025-12-03 14:30:00+00:00,14.46500015258789,14.579999923706055,14.25,14.260000228881836,7766922
2025-12-03 15:30:00+00:00,14.324999809265137,14.470000267028809,14.274999618530273,14.469900131225586,6863927
2025-12-03 16:30:00+00:00,14.375,14.385000228881836,14.28499984741211,14.329999923706055,8124534
2025-12-03 17:30:00+00:00,14.475000381469727,14.539999961853027,14.359999656677246,14.369999885559082,8306405
2025-12-03 18:30:00+00:00,14.509900093078613,14.579999923706055,14.460000038146973,14.475000381469727,7662271
2025-12-03 19:30:00+00:00,14.595000267028809,14.600000381469727,14.48009967803955,14.510000228881836,5226172
2025-12-03 20:30:00+00:00,14.5600004196167,14.609999656677246,14.520099639892578,14.600000381469727,5374580
2025-12-04 14:30:00+00:00,14.515000343322754,14.65999984741211,14.220000267028809,14.649999618530273,7291756
2025-12-04 15:30:00+00:00,14.484999656677246,14.550000190734863,14.414999961853027,14.510000228881836,5766562
2025-12-04 16:30:00+00:00,14.473299980163574,14.5600004196167,14.4350004196167,14.479999542236328,3848611
2025-12-04 17:30:00+00:00,14.449999809265137,14.510000228881836,14.399999618530273,14.478300094604492,4297541
2025-12-04 18:30:00+00:00,14.399999618530273,14.529999732971191,14.3100004196167,14.444999694824219,7046181
2025-12-04 19:30:00+00:00,14.354999542236328,14.414999961853027,14.239999771118164,14.395000457763672,6520858
2025-12-04 20:30:00+00:00,14.329999923706055,14.399999618530273,14.3100004196167,14.357799530029297,4698899
2025-12-05 14:30:00+00:00,14.619999885559082,14.640000343322754,14.255000114440918,14.390000343322754,5127822
2025-12-05 15:30:00+00:00,14.635000228881836,14.649999618530273,14.569999694824219,14.626099586486816,4229702
2025-12-05 16:30:00+00:00,14.5,14.670000076293945,14.5,14.635000228881836,6276377
2025-12-05 17:30:00+00:00,14.569999694824219,14.579999923706055,14.460000038146973,14.505000114440918,6650311
2025-12-05 18:30:00+00:00,14.654999732971191,14.65999984741211,14.534600257873535,14.5649995803833,4489508
2025-12-05 19:30:00+00:00,14.866700172424316,14.890000343322754,14.640000343322754,14.654999732971191,9987112
2025-12-05 20:30:00+00:00,14.819999694824219,14.890000343322754,14.770000457763672,14.859999656677246,6549359
2025-12-08 14:30:00+00:00,14.82409954071045,14.875,14.635000228881836,14.805000305175781,5003759
2025-12-08 15:30:00+00:00,14.845000267028809,14.850000381469727,14.73009967803955,14.824999809265137,4767503
2025-12-08 16:30:00+00:00,14.755000114440918,14.869999885559082,14.725000381469727,14.845000267028809,4508541
2025-12-08 17:30:00+00:00,14.744999885559082,14.8100004196167,14.725000381469727,14.755000114440918,2991949
2025-12-08 18:30:00+00:00,14.885000228881836,14.899999618530273,14.729999542236328,14.7475004196167,3842639
2025-12-08 19:30:00+00:00,14.940099716186523,14.979999542236328,14.880000114440918,14.885000228881836,4591396
2025-12-08 20:30:00+00:00,14.859999656677246,14.949999809265137,14.819999694824219,14.944999694824219,4227984
2025-12-09 14:30:00+00:00,14.920000076293945,14.9399995803833,14.57129955291748,14.859999656677246,6351441
2025-12-09 15:30:00+00:00,15.004400253295898,15.069999694824219,14.870699882507324,14.920000076293945,7522759
2025-12-09 16:30:00+00:00,15.029899597167969,15.069999694824219,14.989999771118164,15.004400253295898,6861693
2025-12-09 17:30:00+00:00,15.03499984741211,15.079999923706055,14.989999771118164,15.024999618530273,5340943
2025-12-09 18:30:00+00:00,15.154999732971191,15.199999809265137,15.03499984741211,15.03499984741211,7118118
2025-12-09 19:30:00+00:00,15.03499984741211,15.170000076293945,15.005000114440918,15.154999732971191,9169946
2025-12-09 20:30:00+00:00,15.039999961853027,15.15999984741211,14.859999656677246,15.03499984741211,8860206
2025-12-10 14:30:00+00:00,15.1048002243042,15.199999809265137,14.990099906921387,15.0,3982279
2025-12-10 15:30:00+00:00,15.039999961853027,15.119999885559082,15.010000228881836,15.10420036315918,3594807
2025-12-10 16:30:00+00:00,14.830100059509277,15.045000076293945,14.8100004196167,15.039999961853027,4182755
2025-12-10 17:30:00+00:00,14.819999694824219,14.880000114440918,14.779999732971191,14.829999923706055,5282460
2025-12-10 18:30:00+00:00,14.954999923706055,14.979999542236328,14.789999961853027,14.815899848937988,7618636
2025-12-10 19:30:00+00:00,15.135000228881836,15.210000038146973,14.944999694824219,14.954999923706055,6319625
2025-12-10 20:30:00+00:00,15.140000343322754,15.175000190734863,15.09000015258789,15.139300346374512,5131158
2025-12-11 14:30:00+00:00,15.069899559020996,15.350000381469727,15.0649995803833,15.170000076293945,5421413
2025-12-11 15:30:00+00:00,14.864999771118164,15.09000015258789,14.859999656677246,15.0649995803833,5114892
2025-12-11 16:30:00+00:00,14.970000267028809,15.0,14.699999809265137,14.869999885559082,6469854
2025-12-11 17:30:00+00:00,14.914999961853027,15.005000114440918,14.890000343322754,14.970100402832031,2668057
2025-12-11 18:30:00+00:00,14.925000190734863,14.989999771118164,14.890000343322754,14.914999961853027,4360617
2025-12-11 19:30:00+00:00,14.914999961853027,14.949999809265137,14.829999923706055,14.925000190734863,6156582
2025-12-11 20:30:00+00:00,14.960000038146973,15.0,14.90999984741211,14.920000076293945,4196131
2025-12-12 14:30:00+00:00,15.194999694824219,15.33650016784668,15.140000343322754,15.180000305175781,5222451
2025-12-12 15:30:00+00:00,15.119999885559082,15.25,15.079999923706055,15.194999694824219,4337907
2025-12-12 16:30:00+00:00,15.055500030517578,15.137100219726562,14.979999542236328,15.114999771118164,4442034
2025-12-12 17:30:00+00:00,15.054499626159668,15.119999885559082,15.050000190734863,15.055000305175781,4977121
2025-12-12 18:30:00+00:00,15.095000267028809,15.100000381469727,15.0,15.055000305175781,4670411
2025-12-12 19:30:00+00:00,15.0649995803833,15.170000076293945,15.051400184631348,15.095000267028809,6011019
2025-12-12 20:30:00+00:00,14.9399995803833,15.069999694824219,14.9399995803833,15.0649995803833,5811694
2025-12-15 14:30:00+00:00,14.945599555969238,15.28499984741211,14.864999771118164,15.135000228881836,5115828
2025-12-15 15:30:00+00:00,15.005000114440918,15.020000457763672,14.880000114440918,14.944999694824219,6476996
2025-12-15 16:30:00+00:00,15.010100364685059,15.039899826049805,14.934800148010254,15.004799842834473,11481332
2025-12-15 17:30:00+00:00,15.0649995803833,15.079999923706055,14.953800201416016,15.015000343322754,12341450
2025-12-15 18:30:00+00:00,15.135000228881836,15.139900207519531,14.989999771118164,15.063899993896484,10650415
2025-12-15 19:30:00+00:00,15.259900093078613,15.300000190734863,15.119999885559082,15.134400367736816,13322900
2025-12-15 20:30:00+00:00,15.319999694824219,15.345000267028809,15.25,15.256400108337402,6432741
2025-12-16 14:30:00+00:00,15.604999542236328,15.710000038146973,15.277099609375,15.329999923706055,7590174
2025-12-16 15:30:00+00:00,15.914999961853027,16.0,15.595000267028809,15.604999542236328,14531217
2025-12-16 16:30:00+00:00,15.851200103759766,15.979999542236328,15.829999923706055,15.914999961853027,16032961
2025-12-16 17:30:00+00:00,15.65999984741211,15.90999984741211,15.640000343322754,15.854999542236328,7211826
2025-12-16 18:30:00+00:00,15.845000267028809,15.854999542236328,15.663200378417969,15.663200378417969,9734924
2025-12-16 19:30:00+00:00,15.970000267028809,15.998499870300293,15.84000015258789,15.84000015258789,12583251
2025-12-16 20:30:00+00:00,15.994999885559082,16.079999923706055,15.970000267028809,15.972000122070312,9807260
2025-12-17 14:30:00+00:00,15.904999732971191,16.0,15.680000305175781,15.914999961853027,7347562
2025-12-17 15:30:00+00:00,15.875,15.965100288391113,15.789999961853027,15.904999732971191,7115401
2025-12-17 16:30:00+00:00,15.84000015258789,15.944999694824219,15.779999732971191,15.875,5915266
2025-12-17 17:30:00+00:00,15.797499656677246,15.850000381469727,15.770000457763672,15.835000038146973,5559244
2025-12-17 18:30:00+00:00,15.885000228881836,15.890000343322754,15.760100364685059,15.795000076293945,4656385
2025-12-17 19:30:00+00:00,15.726099967956543,15.920000076293945,15.712900161743164,15.890000343322754,6342013
2025-12-17 20:30:00+00:00,15.510000228881836,15.729999542236328,15.4399995803833,15.724800109863281,7482116
2025-12-18 14:30:00+00:00,15.614999771118164,15.779999732971191,15.550000190734863,15.65999984741211,4717914
2025-12-18 15:30:00+00:00,15.583100318908691,15.720000267028809,15.539999961853027,15.614999771118164,6365375
2025-12-18 16:30:00+00:00,15.434399604797363,15.625,15.38010025024414,15.584699630737305,6565572
2025-12-18 17:30:00+00:00,15.53320026397705,15.550000190734863,15.399999618530273,15.4350004196167,6340944
2025-12-18 18:30:00+00:00,15.56410026550293,15.569999694824219,15.390000343322754,15.533499717712402,6015782
2025-12-18 19:30:00+00:00,15.5600004196167,15.595000267028809,15.4399995803833,15.5649995803833,5825646
2025-12-18 20:30:00+00:00,15.595000267028809,15.645000457763672,15.550000190734863,15.5649995803833,11997128
2025-12-19 14:30:00+00:00,15.680000305175781,15.739999771118164,15.510000228881836,15.59000015258789,3899183
2025-12-19 15:30:00+00:00,15.675000190734863,15.707500457763672,15.614999771118164,15.675000190734863,2666659
2025-12-19 16:30:00+00:00,15.71500015258789,15.720000267028809,15.630000114440918,15.680000305175781,3385982
2025-12-19 17:30:00+00:00,15.791500091552734,15.800000190734863,15.680000305175781,15.710100173950195,3343880
2025-12-19 18:30:00+00:00,15.819999694824219,15.875,15.760499954223633,15.793999671936035,4575110
2025-12-19 19:30:00+00:00,15.765000343322754,15.829899787902832,15.75,15.820300102233887,3238069
2025-12-19 20:30:00+00:00,15.770000457763672,15.854999542236328,15.710000038146973,15.765000343322754,4113951
2025-12-22 14:30:00+00:00,15.989999771118164,16.0,15.789999961853027,15.824999809265137,3784705
2025-12-22 15:30:00+00:00,15.954999923706055,16.0,15.920000076293945,15.98639965057373,3617772
2025-12-22 16:30:00+00:00,15.994999885559082,16.049999237060547,15.930000305175781,15.960000038146973,6530321
2025-12-22 17:30:00+00:00,16.145000457763672,16.15999984741211,15.989999771118164,15.994999885559082,6843533
2025-12-22 18:30:00+00:00,16.21430015563965,16.219999313354492,16.100000381469727,16.145000457763672,7914090
2025-12-22 19:30:00+00:00,16.231000900268555,16.350000381469727,16.18000030517578,16.21500015258789,9360215
2025-12-22 20:30:00+00:00,16.2549991607666,16.280000686645508,16.174999237060547,16.23200035095215,10033756
2025-12-23 14:30:00+00:00,15.84000015258789,16.239999771118164,15.829999923706055,16.18000030517578,4771164
2025-12-23 15:30:00+00:00,15.926400184631348,15.95989990234375,15.845000267028809,15.845000267028809,9367874
2025-12-23 16:30:00+00:00,15.86359977722168,15.946399688720703,15.770000457763672,15.92650032043457,7441332
2025-12-23 17:30:00+00:00,15.800000190734863,15.891200065612793,15.789999961853027,15.860099792480469,8219723
2025-12-23 18:30:00+00:00,15.843000411987305,15.850000381469727,15.654999732971191,15.800000190734863,7667987
2025-12-23 19:30:00+00:00,15.795000076293945,15.850000381469727,15.770000457763672,15.840100288391113,7450732
2025-12-23 20:30:00+00:00,15.609999656677246,15.809800148010254,15.579999923706055,15.795000076293945,8789232
2025-12-24 14:30:00+00:00,15.679800033569336,15.686200141906738,15.489999771118164,15.609999656677246,3199615
2025-12-24 15:30:00+00:00,15.6850004196167,15.739999771118164,15.621500015258789,15.675000190734863,7789132
2025-12-24 16:30:00+00:00,15.6850004196167,15.704999923706055,15.620100021362305,15.68850040435791,4227057
2025-12-26 14:30:00+00:00,15.420000076293945,15.61989974975586,15.364399909973145,15.600000381469727,4312823
2025-12-26 15:30:00+00:00,15.311400413513184,15.425000190734863,15.3100004196167,15.410099983215332,3081724
2025-12-26 16:30:00+00:00,15.40999984741211,15.420000076293945,15.3149995803833,15.317700386047363,4144921
2025-12-26 17:30:00+00:00,15.393799781799316,15.420000076293945,15.380000114440918,15.409899711608887,3996418
2025-12-26 18:30:00+00:00,15.375,15.399999618530273,15.369999885559082,15.395000457763672,2128667
2025-12-26 19:30:00+00:00,15.545000076293945,15.556300163269043,15.373100280761719,15.37559986114502,6529263
2025-12-26 20:30:00+00:00,15.430000305175781,15.550000190734863,15.430000305175781,15.545000076293945,6256687
2025-12-29 14:30:00+00:00,15.1899995803833,15.390000343322754,15.149999618530273,15.350000381469727,3460455
2025-12-29 15:30:00+00:00,15.154999732971191,15.239899635314941,15.015000343322754,15.194999694824219,7984755
2025-12-29 16:30:00+00:00,15.199999809265137,15.229999542236328,15.130000114440918,15.149999618530273,5993018
2025-12-29 17:30:00+00:00,15.175000190734863,15.210000038146973,15.154899597167969,15.194999694824219,4789800
2025-12-29 18:30:00+00:00,15.154999732971191,15.199999809265137,15.109999656677246,15.180000305175781,4161321
2025-12-29 19:30:00+00:00,15.170000076293945,15.194999694824219,15.119999885559082,15.152000427246094,5008871
2025-12-29 20:30:00+00:00,15.130000114440918,15.220000267028809,15.119999885559082,15.175000190734863,5306921
2025-12-30 14:30:00+00:00,15.244999885559082,15.300000190734863,15.100000381469727,15.135000228881836,3515224
2025-12-30 15:30:00+00:00,15.339200019836426,15.350000381469727,15.220000267028809,15.25,6671192
2025-12-30 16:30:00+00:00,15.395000457763672,15.399999618530273,15.3100004196167,15.34000015258789,5238834
2025-12-30 17:30:00+00:00,15.409600257873535,15.4399995803833,15.350000381469727,15.394700050354004,7155016
2025-12-30 18:30:00+00:00,15.305000305175781,15.420000076293945,15.279999732971191,15.409899711608887,4014786
2025-12-30 19:30:00+00:00,15.3149995803833,15.319999694824219,15.225000381469727,15.3100004196167,4944692
2025-12-30 20:30:00+00:00,15.324999809265137,15.34000015258789,15.289999961853027,15.318099975585938,3801060
2025-12-31 14:30:00+00:00,15.349900245666504,15.409299850463867,15.25,15.300000190734863,4743151
2025-12-31 15:30:00+00:00,15.369999885559082,15.420000076293945,15.319999694824219,15.345000267028809,5367787
2025-12-31 16:30:00+00:00,15.375,15.40999984741211,15.359999656677246,15.375,1564353
2025-12-31 17:30:00+00:00,15.345000267028809,15.407299995422363,15.319999694824219,15.375,1739851
2025-12-31 18:30:00+00:00,15.319999694824219,15.365599632263184,15.300000190734863,15.345000267028809,1648975
2025-12-31 19:30:00+00:00,15.287699699401855,15.34749984741211,15.220000267028809,15.319999694824219,3089446
2025-12-31 20:30:00+00:00,15.324999809265137,15.350000381469727,15.281499862670898,15.286100387573242,3626092
2026-01-02 14:30:00+00:00,15.204999923706055,15.414999961853027,15.149999618530273,15.369999885559082,7012985
2026-01-02 15:30:00+00:00,15.706700325012207,15.739999771118164,15.199999809265137,15.204999923706055,6293721
2026-01-02 16:30:00+00:00,15.626700401306152,15.75,15.604299545288086,15.710000038146973,5167149
2026-01-02 17:30:00+00:00,15.609999656677246,15.654999732971191,15.564399719238281,15.630000114440918,2914660
2026-01-02 18:30:00+00:00,15.640000343322754,15.725000381469727,15.600000381469727,15.604999542236328,3713548
2026-01-02 19:30:00+00:00,15.53499984741211,15.65999984741211,15.524999618530273,15.649999618530273,4353000
2026-01-02 20:30:00+00:00,15.494999885559082,15.5600004196167,15.46500015258789,15.53499984741211,3648961
2026-01-05 14:30:00+00:00,15.875,16.0,15.40999984741211,15.430000305175781,7310793
2026-01-05 15:30:00+00:00,15.755000114440918,15.875,15.744999885559082,15.875,3426797
2026-01-05 16:30:00+00:00,15.984999656677246,15.984999656677246,15.755000114440918,15.760000228881836,5838610
2026-01-05 17:30:00+00:00,15.902400016784668,16.0,15.880000114440918,15.989999771118164,4584057
2026-01-05 18:30:00+00:00,15.967300415039062,16.02680015563965,15.850000381469727,15.899999618530273,5484945
2026-01-05 19:30:00+00:00,15.835000038146973,15.975000381469727,15.774999618530273,15.968600273132324,7747410
2026-01-05 20:30:00+00:00,15.819999694824219,15.865500450134277,15.75,15.835000038146973,6542597
2026-01-06 14:30:00+00:00,16.030000686645508,16.06999969482422,15.635000228881836,15.829999923706055,8483968
2026-01-06 15:30:00+00:00,16.045000076293945,16.15999984741211,15.890000343322754,16.030000686645508,20391628
2026-01-06 16:30:00+00:00,15.9399995803833,16.049999237060547,15.910099983215332,16.045000076293945,7755603
2026-01-06 17:30:00+00:00,15.825400352478027,15.989999771118164,15.8100004196167,15.9399995803833,6318207
2026-01-06 18:30:00+00:00,15.795000076293945,15.880000114440918,15.78499984741211,15.836199760437012,6035231
2026-01-06 19:30:00+00:00,15.824999809265137,15.890000343322754,15.779999732971191,15.805000305175781,8595214
2026-01-06 20:30:00+00:00,15.679900169372559,15.845000267028809,15.649999618530273,15.824999809265137,7867157
2026-01-07 14:30:00+00:00,16.040000915527344,16.09000015258789,15.649999618530273,15.739999771118164,7776847
2026-01-07 15:30:00+00:00,16.084999084472656,16.1200008392334,16.000099182128906,16.03499984741211,8639660
2026-01-07 16:30:00+00:00,16.414600372314453,16.5,16.08009910583496,16.084999084472656,20280731
2026-01-07 17:30:00+00:00,16.151199340820312,16.43000030517578,16.149999618530273,16.41029930114746,9190572
2026-01-07 18:30:00+00:00,16.114999771118164,16.235000610351562,16.079999923706055,16.155000686645508,8067051
2026-01-07 19:30:00+00:00,16.024700164794922,16.15570068359375,15.994999885559082,16.118999481201172,7461888
2026-01-07 20:30:00+00:00,15.979999542236328,16.024999618530273,15.960000038146973,16.024999618530273,4843479
2026-01-08 14:30:00+00:00,16.020000457763672,16.079999923706055,15.739899635314941,15.875,6890664
2026-01-08 15:30:00+00:00,15.989999771118164,16.02989959716797,15.920000076293945,16.024999618530273,5172117
2026-01-08 16:30:00+00:00,15.954999923706055,16.019899368286133,15.914999961853027,15.984999656677246,3674642
2026-01-08 17:30:00+00:00,16.020099639892578,16.06999969482422,15.9399995803833,15.954999923706055,4261331
2026-01-08 18:30:00+00:00,15.875,16.059999465942383,15.859999656677246,16.02989959716797,3923333
2026-01-08 19:30:00+00:00,15.725000381469727,15.925100326538086,15.720000267028809,15.875,7029943
2026-01-08 20:30:00+00:00,15.729999542236328,15.75,15.680000305175781,15.725000381469727,4245246
2026-01-09 14:30:00+00:00,15.880000114440918,16.450000762939453,15.65999984741211,16.065000534057617,8668031
2026-01-09 15:30:00+00:00,16.024999618530273,16.049999237060547,15.699999809265137,15.872300148010254,6668922
2026-01-09 16:30:00+00:00,15.881400108337402,16.030000686645508,15.845000267028809,16.023700714111328,5897720
2026-01-09 17:30:00+00:00,15.864999771118164,15.970000267028809,15.850000381469727,15.885000228881836,4386634
2026-01-09 18:30:00+00:00,15.895000457763672,15.989999771118164,15.833200454711914,15.864999771118164,5697580
2026-01-09 19:30:00+00:00,15.994999885559082,16.0,15.875,15.897899627685547,4934312
2026-01-09 20:30:00+00:00,16.0,16.02989959716797,15.910599708557129,15.994999885559082,3737811
2026-01-12 14:30:00+00:00,15.524999618530273,15.710000038146973,15.399999618530273,15.6899995803833,8386987
2026-01-12 15:30:00+00:00,15.635000228881836,15.729999542236328,15.510000228881836,15.524999618530273,7979311
2026-01-12 16:30:00+00:00,15.710000038146973,15.729999542236328,15.623800277709961,15.63010025024414,7559282
2026-01-12 17:30:00+00:00,15.78499984741211,15.800000190734863,15.6899995803833,15.710599899291992,8122933
2026-01-12 18:30:00+00:00,15.838600158691406,15.880000114440918,15.779999732971191,15.780099868774414,15568053
2026-01-12 19:30:00+00:00,16.084699630737305,16.0851993560791,15.770000457763672,15.839400291442871,7614895
2026-01-12 20:30:00+00:00,16.0,16.260000228881836,15.994999885559082,16.083200454711914,33446923
2026-01-13 14:30:00+00:00,15.78499984741211,15.949999809265137,15.399999618530273,15.65999984741211,9504906
2026-01-13 15:30:00+00:00,15.555000305175781,16.0,15.5,15.78499984741211,8297845
2026-01-13 16:30:00+00:00,15.505000114440918,15.5600004196167,15.329999923706055,15.550000190734863,12225289
2026-01-13 17:30:00+00:00,15.494999885559082,15.585000038146973,15.460000038146973,15.510000228881836,6190188
2026-01-13 18:30:00+00:00,15.44219970703125,15.607500076293945,15.373200416564941,15.491000175476074,11314043
2026-01-13 19:30:00+00:00,15.327500343322754,15.45989990234375,15.319999694824219,15.444999694824219,8770102
2026-01-13 20:30:00+00:00,15.335000038146973,15.369999885559082,15.220000267028809,15.319999694824219,8343150
2026-01-14 14:30:00+00:00,15.055000305175781,15.420000076293945,15.04010009765625,15.3302001953125,5997735
2026-01-14 15:30:00+00:00,15.100000381469727,15.140000343322754,14.949999809265137,15.054800033569336,8418692
2026-01-14 16:30:00+00:00,15.045000076293945,15.130000114440918,14.949999809265137,15.100099563598633,8341444
2026-01-14 17:30:00+00:00,15.029999732971191,15.0600004196167,14.949999809265137,15.045000076293945,4127508
2026-01-14 18:30:00+00:00,15.010000228881836,15.074999809265137,14.9350004196167,15.03499984741211,6732502
2026-01-14 19:30:00+00:00,15.055000305175781,15.210000038146973,14.930000305175781,15.005000114440918,9417426
2026-01-14 20:30:00+00:00,15.135000228881836,15.1899995803833,15.03499984741211,15.056500434875488,6512055
2026-01-15 14:30:00+00:00,15.734999656677246,15.779999732971191,15.3100004196167,15.329700469970703,9237890
2026-01-15 15:30:00+00:00,15.725000381469727,15.774999618530273,15.654999732971191,15.729999542236328,9663186
2026-01-15 16:30:00+00:00,15.704999923706055,15.789999961853027,15.670000076293945,15.725000381469727,6299007
2026-01-15 17:30:00+00:00,15.71500015258789,15.765399932861328,15.614999771118164,15.699999809265137,7059991
2026-01-15 18:30:00+00:00,15.664999961853027,15.770000457763672,15.65999984741211,15.71500015258789,7659873
2026-01-15 19:30:00+00:00,15.6850004196167,15.720000267028809,15.649999618530273,15.664999961853027,9903512
2026-01-15 20:30:00+00:00,15.704999923706055,15.71500015258789,15.635000228881836,15.6850004196167,5882385
2026-01-16 14:30:00+00:00,15.460000038146973,15.6899995803833,15.420000076293945,15.65999984741211,5211438
2026-01-16 15:30:00+00:00,15.48069953918457,15.556500434875488,15.375,15.470000267028809,5338340
2026-01-16 16:30:00+00:00,15.454999923706055,15.515000343322754,15.430000305175781,15.479999542236328,4265334
2026-01-16 17:30:00+00:00,15.420000076293945,15.489999771118164,15.38010025024414,15.454999923706055,2956462
2026-01-16 18:30:00+00:00,15.364100456237793,15.454999923706055,15.350000381469727,15.429100036621094,5923511
2026-01-16 19:30:00+00:00,15.401599884033203,15.430000305175781,15.34000015258789,15.362600326538086,5201251
2026-01-16 20:30:00+00:00,15.364999771118164,15.399999618530273,15.3100004196167,15.399999618530273,5450978
