Datetime,Close,High,Low,Open,Volume
2025-01-17 14:30:00+00:00,230.38499450683594,232.2899932861328,229.72000122070312,231.30999755859375,25704386
2025-01-17 15:30:00+00:00,231.2812957763672,231.64999389648438,230.35000610351562,230.39999389648438,6641037
2025-01-17 16:30:00+00:00,230.25909423828125,231.32000732421875,229.49000549316406,231.2899932861328,5636022
2025-01-17 17:30:00+00:00,229.91000366210938,230.44000244140625,229.88999938964844,230.26499938964844,3639355
2025-01-17 18:30:00+00:00,229.17999267578125,229.9499969482422,228.47999572753906,229.9102020263672,4996598
2025-01-17 19:30:00+00:00,229.44009399414062,229.77000427246094,229.0800018310547,229.17999267578125,4408697
2025-01-17 20:30:00+00:00,229.99000549316406,230.02000427246094,229.22999572753906,229.44000244140625,5430152
2025-01-21 14:30:00+00:00,221.77029418945312,224.4199981689453,220.8000030517578,224.0,25254424
2025-01-21 15:30:00+00:00,220.10780334472656,222.08999633789062,219.6999969482422,221.77499389648438,13429826
2025-01-21 16:30:00+00:00,220.36000061035156,220.77000427246094,219.3800048828125,220.08999633789062,9451785
2025-01-21 17:30:00+00:00,220.40499877929688,221.07000732421875,220.00999450683594,220.36000061035156,6315018
2025-01-21 18:30:00+00:00,221.60989379882812,221.69000244140625,220.3699951171875,220.40469360351562,6914968
2025-01-21 19:30:00+00:00,221.64990234375,221.6699981689453,220.30999755859375,221.60499572753906,7105466
2025-01-21 20:30:00+00:00,222.66000366210938,222.77999877929688,221.33999633789062,221.63999938964844,7242328
2025-01-22 14:30:00+00:00,221.63099670410156,223.35279846191406,219.8000030517578,219.94000244140625,16298662
2025-01-22 15:30:00+00:00,222.85980224609375,223.0800018310547,221.5500030517578,221.63499450683594,6740287
2025-01-22 16:30:00+00:00,222.56500244140625,222.92799377441406,221.6999969482422,222.85789489746094,5094747
2025-01-22 17:30:00+00:00,222.11570739746094,222.85000610351562,222.01499938964844,222.56500244140625,3954228
2025-01-22 18:30:00+00:00,222.74600219726562,222.86500549316406,221.91000366210938,222.1300048828125,3384532
2025-01-22 19:30:00+00:00,223.35000610351562,223.60000610351562,222.4199981689453,222.75,5606510
2025-01-22 20:30:00+00:00,223.77000427246094,223.97999572753906,223.05999755859375,223.36500549316406,5027611
2025-01-23 14:30:00+00:00,225.97000122070312,227.02999877929688,224.38949584960938,224.72999572753906,14316012
2025-01-23 15:30:00+00:00,225.1750030517578,226.3699951171875,224.3800048828125,225.96499633789062,6661602
2025-01-23 16:30:00+00:00,223.57000732421875,225.19500732421875,223.3856964111328,225.16000366210938,5267365
2025-01-23 17:30:00+00:00,223.5500030517578,223.77999877929688,223.19000244140625,223.56500244140625,5083443
2025-01-23 18:30:00+00:00,222.8000030517578,223.63499450683594,222.42999267578125,223.55999755859375,4117821
2025-01-23 19:30:00+00:00,222.8800048828125,223.1699981689453,222.5749969482422,222.80999755859375,4096781
2025-01-23 20:30:00+00:00,223.64999389648438,223.64999389648438,222.3000030517578,222.86500549316406,6903829
2025-01-24 14:30:00+00:00,222.72999572753906,225.6300048828125,222.5301055908203,224.97500610351562,15246196
2025-01-24 15:30:00+00:00,222.75999450683594,223.3699951171875,222.35009765625,222.73500061035156,6090500
2025-01-24 16:30:00+00:00,222.27999877929688,223.49000549316406,222.13999938964844,222.77000427246094,5067407
2025-01-24 17:30:00+00:00,222.16000366210938,222.72450256347656,221.9499969482422,222.27999877929688,3586687
2025-01-24 18:30:00+00:00,222.3699951171875,222.5500030517578,221.9199981689453,222.13999938964844,2912495
2025-01-24 19:30:00+00:00,222.32000732421875,222.92999267578125,221.41000366210938,222.35000610351562,4686564
2025-01-24 20:30:00+00:00,222.7899932861328,223.0449981689453,222.1999969482422,222.31500244140625,5237044
2025-01-27 14:30:00+00:00,227.29229736328125,227.6999969482422,224.0,224.02999877929688,22895716
2025-01-27 15:30:00+00:00,228.49380493164062,228.8300018310547,227.08999633789062,227.3000030517578,9565070
2025-01-27 16:30:00+00:00,230.08999633789062,230.13999938964844,228.17999267578125,228.47000122070312,8523755
2025-01-27 17:30:00+00:00,231.32000732421875,231.3800048828125,229.8105010986328,230.08999633789062,6766052
2025-01-27 18:30:00+00:00,232.02999877929688,232.14999389648438,230.99000549316406,231.3000030517578,7080439
2025-01-27 19:30:00+00:00,230.67999267578125,232.02999877929688,230.13999938964844,232.02999877929688,9415488
2025-01-27 20:30:00+00:00,229.94000244140625,231.3800048828125,228.47999572753906,230.6999969482422,10815158
2025-01-28 14:30:00+00:00,237.63999938964844,237.7899932861328,230.8800048828125,230.8800048828125,21113721
2025-01-28 15:30:00+00:00,239.0800018310547,239.4499969482422,237.6300048828125,237.64999389648438,12275716
2025-01-28 16:30:00+00:00,238.5500030517578,240.19000244140625,238.20010375976562,239.05999755859375,8384418
2025-01-28 17:30:00+00:00,238.74420166015625,239.24989318847656,238.23500061035156,238.5500030517578,3770424
2025-01-28 18:30:00+00:00,238.82000732421875,239.10000610351562,238.58999633789062,238.76800537109375,3369693
2025-01-28 19:30:00+00:00,238.83999633789062,239.47999572753906,238.30999755859375,238.82220458984375,4877201
2025-01-28 20:30:00+00:00,238.24000549316406,238.97999572753906,237.75999450683594,238.8800048828125,5143611
2025-01-29 14:30:00+00:00,236.8300018310547,237.1300048828125,234.52000427246094,235.0,11611110
2025-01-29 15:30:00+00:00,236.5157012939453,238.0,236.42999267578125,236.80999755859375,4857419
2025-01-29 16:30:00+00:00,236.86900329589844,237.22000122070312,236.1300048828125,236.52999877929688,4055486
2025-01-29 17:30:00+00:00,237.42999267578125,237.43499755859375,235.4600067138672,236.8699951171875,3400271
2025-01-29 18:30:00+00:00,236.44500732421875,237.66000366210938,236.30999755859375,237.4499969482422,2765958
2025-01-29 19:30:00+00:00,239.0500030517578,239.24000549316406,236.34500122070312,236.44000244140625,4886187
2025-01-29 20:30:00+00:00,239.35000610351562,239.85499572753906,238.72000122070312,239.05999755859375,5064524
2025-01-30 14:30:00+00:00,238.4600067138672,240.7899932861328,238.08999633789062,238.6649932861328,8800925
2025-01-30 15:30:00+00:00,238.16000366210938,239.02999877929688,237.2100067138672,238.4600067138672,6211686
2025-01-30 16:30:00+00:00,238.02999877929688,238.8800048828125,237.80999755859375,238.1844024658203,3222220
2025-01-30 17:30:00+00:00,238.4499969482422,238.7686004638672,237.90499877929688,238.02999877929688,2683972
2025-01-30 18:30:00+00:00,239.25,239.6699981689453,238.44000244140625,238.44000244140625,3360211
2025-01-30 19:30:00+00:00,239.5800018310547,240.0500030517578,239.2100067138672,239.25,4799123
2025-01-30 20:30:00+00:00,237.55999755859375,239.85499572753906,237.24000549316406,239.5800018310547,6836079
2025-01-31 14:30:00+00:00,240.943603515625,247.19000244140625,240.5500030517578,247.0399932861328,27334395
2025-01-31 15:30:00+00:00,238.94900512695312,241.42930603027344,238.58999633789062,240.90499877929688,10162823
2025-01-31 16:30:00+00:00,239.74000549316406,240.0500030517578,238.74000549316406,238.97000122070312,6222938
2025-01-31 17:30:00+00:00,236.4250030517578,239.80099487304688,236.22000122070312,239.75,7822078
2025-01-31 18:30:00+00:00,235.13499450683594,236.86000061035156,234.47000122070312,236.42999267578125,7380314
2025-01-31 19:30:00+00:00,234.2899932861328,235.2799072265625,233.44000244140625,235.15499877929688,7945570
2025-01-31 20:30:00+00:00,235.86000061035156,236.5,233.74000549316406,234.30999755859375,8379858
2025-02-03 14:30:00+00:00,229.25999450683594,231.8300018310547,226.63499450683594,229.44000244140625,21198249
2025-02-03 15:30:00+00:00,226.4199981689453,229.8199005126953,226.0800018310547,229.25999450683594,10347971
2025-02-03 16:30:00+00:00,226.36990356445312,227.1300048828125,225.7100067138672,226.41000366210938,7067637
2025-02-03 17:30:00+00:00,226.89999389648438,227.07000732421875,225.9499969482422,226.36000061035156,4952072
2025-02-03 18:30:00+00:00,228.47000122070312,228.8477020263672,226.88999938964844,226.91000366210938,5283668
2025-02-03 19:30:00+00:00,228.5500946044922,229.2100067138672,228.32000732421875,228.47999572753906,4499030
2025-02-03 20:30:00+00:00,227.97999572753906,228.9698944091797,227.6300048828125,228.57000732421875,5648751
2025-02-04 14:30:00+00:00,230.3699951171875,230.41180419921875,226.64999389648438,227.1999969482422,11635605
2025-02-04 15:30:00+00:00,231.0500030517578,231.54879760742188,230.1199951171875,230.3800048828125,5363016
2025-02-04 16:30:00+00:00,231.77999877929688,232.7899932861328,231.0500030517578,231.05999755859375,5207796
2025-02-04 17:30:00+00:00,232.22000122070312,232.3800048828125,231.38999938964844,231.7899932861328,3095970
2025-02-04 18:30:00+00:00,232.13999938964844,232.36000061035156,231.3800048828125,232.22569274902344,2286596
2025-02-04 19:30:00+00:00,232.3090057373047,232.9499969482422,232.13499450683594,232.13999938964844,3344618
2025-02-04 20:30:00+00:00,232.7899932861328,233.1300048828125,232.02999877929688,232.2899932861328,3490884
2025-02-05 14:30:00+00:00,229.5,230.60000610351562,228.3000030517578,228.49000549316406,9950114
2025-02-05 15:30:00+00:00,230.08999633789062,230.19749450683594,228.8513946533203,229.50999450683594,3447904
2025-02-05 16:30:00+00:00,230.69000244140625,231.27999877929688,229.99000549316406,230.08999633789062,2916112
2025-02-05 17:30:00+00:00,229.91000366210938,230.75,229.6300048828125,230.67999267578125,2376195
2025-02-05 18:30:00+00:00,230.64869689941406,231.52999877929688,229.7100067138672,229.89999389648438,3043271
2025-02-05 19:30:00+00:00,231.7949981689453,231.8699951171875,230.5,230.63999938964844,2871834
2025-02-05 20:30:00+00:00,232.4600067138672,232.6699981689453,231.110107421875,231.77999877929688,3443025
2025-02-06 14:30:00+00:00,231.5399932861328,233.8000030517578,230.779296875,231.33999633789062,6919081
2025-02-06 15:30:00+00:00,231.51499938964844,232.3256072998047,230.4250030517578,231.5850067138672,3599406
2025-02-06 16:30:00+00:00,231.3300018310547,231.63499450683594,230.89999389648438,231.50999450683594,2213517
2025-02-06 17:30:00+00:00,232.19000244140625,232.33999633789062,231.02999877929688,231.34500122070312,2393555
2025-02-06 18:30:00+00:00,232.8699951171875,233.11000061035156,232.0800018310547,232.19000244140625,1818718
2025-02-06 19:30:00+00:00,232.27999877929688,232.88999938964844,231.89500427246094,232.88999938964844,2205672
2025-02-06 20:30:00+00:00,233.22000122070312,233.27999877929688,231.92999267578125,232.2899932861328,3111368
2025-02-07 14:30:00+00:00,230.38999938964844,234.0,229.8800048828125,232.51499938964844,7814805
2025-02-07 15:30:00+00:00,229.05499267578125,231.26800537109375,228.89999389648438,230.33999633789062,5664232
2025-02-07 16:30:00+00:00,228.40060424804688,229.4199981689453,228.19500732421875,229.0850067138672,3763438
2025-02-07 17:30:00+00:00,229.2989044189453,229.44000244140625,228.36329650878906,228.38999938964844,3721234
2025-02-07 18:30:00+00:00,227.8800048828125,229.5,227.8300018310547,229.2899932861328,2602577
2025-02-07 19:30:00+00:00,228.0,228.5800018310547,227.7899932861328,227.88999938964844,2965606
2025-02-07 20:30:00+00:00,227.7100067138672,228.14999389648438,227.25999450683594,227.99000549316406,5030649
2025-02-10 14:30:00+00:00,229.86619567871094,230.5850067138672,228.8000030517578,229.57000732421875,6362641
2025-02-10 15:30:00+00:00,229.36000061035156,229.91160583496094,228.74000549316406,229.88999938964844,3755966
2025-02-10 16:30:00+00:00,228.470703125,229.38499450683594,228.23919677734375,229.3708038330078,2474012
2025-02-10 17:30:00+00:00,228.47000122070312,228.8800048828125,228.3699951171875,228.47000122070312,2457578
2025-02-10 18:30:00+00:00,228.6999053955078,229.03500366210938,228.40499877929688,228.48500061035156,1724663
2025-02-10 19:30:00+00:00,227.69000244140625,228.83999633789062,227.60000610351562,228.6999969482422,2971076
2025-02-10 20:30:00+00:00,227.63999938964844,227.8800048828125,227.1999969482422,227.69500732421875,3507517
2025-02-11 14:30:00+00:00,233.33999633789062,233.49000549316406,228.1300048828125,228.1999969482422,16450165
2025-02-11 15:30:00+00:00,234.64999389648438,234.7178955078125,232.82009887695312,233.32000732421875,7044159
2025-02-11 16:30:00+00:00,234.57229614257812,235.22999572753906,233.72169494628906,234.66000366210938,5739199
2025-02-11 17:30:00+00:00,233.5449981689453,234.625,233.25,234.58999633789062,3044227
2025-02-11 18:30:00+00:00,233.3699951171875,234.1898956298828,233.1300048828125,233.59609985351562,2813907
2025-02-11 19:30:00+00:00,233.1107940673828,233.9250030517578,232.89999389648438,233.3621063232422,3713179
2025-02-11 20:30:00+00:00,232.77000427246094,233.3000030517578,232.1699981689453,233.11000061035156,4614482
2025-02-12 14:30:00+00:00,233.60499572753906,234.0500030517578,230.67999267578125,231.27499389648438,11363398
2025-02-12 15:30:00+00:00,235.07000732421875,235.13999938964844,233.5800018310547,233.58120727539062,5460408
2025-02-12 16:30:00+00:00,235.2899932861328,235.66000366210938,234.72999572753906,235.07000732421875,3522413
2025-02-12 17:30:00+00:00,235.47999572753906,235.88999938964844,234.86000061035156,235.27330017089844,2818998
2025-02-12 18:30:00+00:00,236.2100067138672,236.4199981689453,235.32000732421875,235.47320556640625,3035921
2025-02-12 19:30:00+00:00,236.46499633789062,236.66000366210938,236.07000732421875,236.2100067138672,3343068
2025-02-12 20:30:00+00:00,236.88999938964844,236.9600067138672,235.91000366210938,236.4600067138672,4493778
2025-02-13 14:30:00+00:00,237.8800048828125,239.0,235.57000732421875,236.97500610351562,9839880
2025-02-13 15:30:00+00:00,240.47999572753906,241.61000061035156,237.72999572753906,237.89599609375,8943032
2025-02-13 16:30:00+00:00,240.34500122070312,240.83999633789062,239.82000732421875,240.49029541015625,3794251
2025-02-13 17:30:00+00:00,241.02999877929688,241.35000610351562,240.19000244140625,240.3498992919922,3188980
2025-02-13 18:30:00+00:00,241.7698974609375,242.07000732421875,240.52999877929688,241.0399932861328,3761997
2025-02-13 19:30:00+00:00,241.5449981689453,242.33990478515625,241.25999450683594,241.75010681152344,3704786
2025-02-13 20:30:00+00:00,241.52000427246094,241.7689971923828,241.00999450683594,241.5449981689453,4257382
2025-02-14 14:30:00+00:00,244.3800048828125,245.0500030517578,241.0,241.07000732421875,11286651
2025-02-14 15:30:00+00:00,243.94500732421875,244.3800048828125,243.16000366210938,244.3800048828125,4923421
2025-02-14 16:30:00+00:00,243.81520080566406,244.52999877929688,243.69000244140625,243.94000244140625,4178251
2025-02-14 17:30:00+00:00,243.99989318847656,244.30999755859375,243.33999633789062,243.8249969482422,2425988
2025-02-14 18:30:00+00:00,244.14999389648438,244.5399932861328,243.94000244140625,243.97999572753906,1978801
2025-02-14 19:30:00+00:00,244.10000610351562,244.3699951171875,243.91009521484375,244.139892578125,2427820
2025-02-14 20:30:00+00:00,244.57000732421875,245.41000366210938,243.91000366210938,244.0800018310547,4882408
2025-02-18 14:30:00+00:00,244.0904998779297,245.17999267578125,242.860107421875,243.91000366210938,10825110
2025-02-18 15:30:00+00:00,244.72999572753906,244.9698944091797,243.94000244140625,244.0800018310547,3159856
2025-02-18 16:30:00+00:00,244.42999267578125,245.0500030517578,244.17999267578125,244.72000122070312,3072601
2025-02-18 17:30:00+00:00,243.43499755859375,244.5,243.25,244.4499969482422,2653024
2025-02-18 18:30:00+00:00,243.05499267578125,243.48330688476562,241.83999633789062,243.42999267578125,3303217
2025-02-18 19:30:00+00:00,243.52000427246094,243.8350067138672,242.97999572753906,243.05499267578125,2923310
2025-02-18 20:30:00+00:00,244.47000122070312,244.60000610351562,243.14999389648438,243.52999877929688,4972578
2025-02-19 14:30:00+00:00,243.9398956298828,246.00999450683594,243.7899932861328,244.61000061035156,7953912
2025-02-19 15:30:00+00:00,244.3957061767578,244.49000549316406,243.160400390625,243.92999267578125,3875842
2025-02-19 16:30:00+00:00,245.14999389648438,245.65139770507812,244.02999877929688,244.38999938964844,3328518
2025-02-19 17:30:00+00:00,244.7100067138672,245.27999877929688,244.22999572753906,245.13999938964844,1965036
2025-02-19 18:30:00+00:00,244.9001007080078,245.1898956298828,244.22000122070312,244.71499633789062,2025071
2025-02-19 19:30:00+00:00,244.8800048828125,245.1699981689453,244.45010375976562,244.89999389648438,2676277
2025-02-19 20:30:00+00:00,244.8800048828125,245.089599609375,244.53500366210938,244.8800048828125,2963614
2025-02-20 14:30:00+00:00,244.7449951171875,246.77999877929688,244.2899932861328,244.97000122070312,7059474
2025-02-20 15:30:00+00:00,246.13059997558594,246.6999969482422,244.58999633789062,244.74000549316406,4286584
2025-02-20 16:30:00+00:00,246.3800048828125,246.4600067138672,245.02999877929688,246.125,4072175
2025-02-20 17:30:00+00:00,245.44500732421875,246.41000366210938,245.16000366210938,246.3699951171875,2248069
2025-02-20 18:30:00+00:00,245.2550048828125,245.5800018310547,245.02000427246094,245.44000244140625,1791583
2025-02-20 19:30:00+00:00,245.6199951171875,245.75,244.85000610351562,245.25,2339026
2025-02-20 20:30:00+00:00,245.86000061035156,246.0,245.36000061035156,245.61000061035156,3152476
2025-02-21 14:30:00+00:00,245.7899932861328,246.94000244140625,245.22000122070312,245.96499633789062,8207297
2025-02-21 15:30:00+00:00,247.1300048828125,247.4499969482422,245.22000122070312,245.77499389648438,5440754
2025-02-21 16:30:00+00:00,247.3699951171875,247.64999389648438,246.64999389648438,247.14500427246094,4700950
2025-02-21 17:30:00+00:00,247.44119262695312,248.69000244140625,247.10000610351562,247.3800048828125,6864397
2025-02-21 18:30:00+00:00,246.49000549316406,248.0767059326172,246.42999267578125,247.44509887695312,4986285
2025-02-21 19:30:00+00:00,245.8000030517578,246.82000732421875,245.39010620117188,246.5050048828125,7827784
2025-02-21 20:30:00+00:00,245.58999633789062,246.08999633789062,245.3300018310547,245.81500244140625,5597978
2025-02-24 14:30:00+00:00,247.85000610351562,248.86000061035156,244.58999633789062,246.11500549316406,13193734
2025-02-24 15:30:00+00:00,247.11019897460938,247.9541015625,246.00999450683594,247.85000610351562,6815696
2025-02-24 16:30:00+00:00,247.7949981689453,248.32000732421875,247.1199951171875,247.1199951171875,3637316
2025-02-24 17:30:00+00:00,248.0500030517578,248.13999938964844,247.22000122070312,247.82000732421875,2550281
2025-02-24 18:30:00+00:00,248.66000366210938,248.8000030517578,247.6699981689453,248.0500030517578,4364229
2025-02-24 19:30:00+00:00,247.61000061035156,248.75,247.42999267578125,248.66000366210938,3655325
2025-02-24 20:30:00+00:00,247.22999572753906,247.7899932861328,246.82000732421875,247.59500122070312,4975763
2025-02-25 14:30:00+00:00,245.11000061035156,249.52000427246094,244.91000366210938,248.0,12543414
2025-02-25 15:30:00+00:00,246.52499389648438,246.8699951171875,244.91000366210938,245.1300048828125,4912736
2025-02-25 16:30:00+00:00,249.5800018310547,249.97999572753906,246.4300994873047,246.53500366210938,6711698
2025-02-25 17:30:00+00:00,247.97999572753906,249.6199951171875,247.72999572753906,249.5800018310547,3191684
2025-02-25 18:30:00+00:00,247.66810607910156,248.6199951171875,247.16000366210938,247.97000122070312,3236285
2025-02-25 19:30:00+00:00,247.72000122070312,248.58999633789062,247.5500030517578,247.63999938964844,3408426
2025-02-25 20:30:00+00:00,247.0500030517578,247.77000427246094,246.0449981689453,247.72500610351562,4291190
2025-02-26 14:30:00+00:00,243.47999572753906,244.97999572753906,241.4199981689453,244.3300018310547,11922325
2025-02-26 15:30:00+00:00,241.80999755859375,243.72000122070312,241.5800018310547,243.4949951171875,4844532
2025-02-26 16:30:00+00:00,243.1300048828125,243.88999938964844,241.75,241.8000030517578,3260739
2025-02-26 17:30:00+00:00,240.34030151367188,243.2899932861328,240.24000549316406,243.13999938964844,4011307
2025-02-26 18:30:00+00:00,239.82000732421875,240.38999938964844,239.1300048828125,240.33999633789062,4096351
2025-02-26 19:30:00+00:00,239.9499969482422,240.4499969482422,239.52999877929688,239.80999755859375,3160834
2025-02-26 20:30:00+00:00,240.30999755859375,240.7100067138672,239.68499755859375,239.9600067138672,4066395
2025-02-27 14:30:00+00:00,241.375,242.27999877929688,238.47000122070312,239.34500122070312,11860928
2025-02-27 15:30:00+00:00,241.52000427246094,242.4600067138672,240.63999938964844,241.36000061035156,3314596
2025-02-27 16:30:00+00:00,241.05799865722656,241.78480529785156,239.5850067138672,241.52000427246094,2483584
2025-02-27 17:30:00+00:00,241.89999389648438,242.17999267578125,240.36000061035156,241.12969970703125,2123940
2025-02-27 18:30:00+00:00,240.6300048828125,242.0500030517578,240.52000427246094,241.92999267578125,2376630
2025-02-27 19:30:00+00:00,238.9199981689453,240.66000366210938,238.77029418945312,240.64500427246094,4411625
2025-02-27 20:30:00+00:00,237.3800048828125,239.3695068359375,237.10000610351562,238.9550018310547,5981830
2025-02-28 14:30:00+00:00,237.59500122070312,237.8000030517578,234.50999450683594,236.9499969482422,9707088
2025-02-28 15:30:00+00:00,236.9199981689453,237.8300018310547,236.49000549316406,237.5800018310547,3856963
2025-02-28 16:30:00+00:00,237.60499572753906,237.75,236.5500030517578,236.8699951171875,2652791
2025-02-28 17:30:00+00:00,237.41000366210938,237.89999389648438,236.22999572753906,237.69000244140625,3253563
2025-02-28 18:30:00+00:00,237.9199981689453,238.3083038330078,237.00999450683594,237.40499877929688,3040911
2025-02-28 19:30:00+00:00,239.7100067138672,239.77999877929688,237.7003936767578,237.8800048828125,4607390
2025-02-28 20:30:00+00:00,241.83999633789062,242.08999633789062,238.80999755859375,239.69000244140625,7654870
2025-03-03 14:30:00+00:00,241.48500061035156,244.02720642089844,239.8249969482422,241.7220001220703,10137001
2025-03-03 15:30:00+00:00,241.19000244140625,242.6300048828125,241.12669372558594,241.5,3962348
2025-03-03 16:30:00+00:00,242.5399932861328,242.5500030517578,240.6649932861328,241.22999572753906,2726862
2025-03-03 17:30:00+00:00,240.96499633789062,242.98680114746094,240.74000549316406,242.5399932861328,2892774
2025-03-03 18:30:00+00:00,241.15179443359375,241.8699951171875,240.44000244140625,241.02000427246094,3716220
2025-03-03 19:30:00+00:00,236.8892059326172,242.0,236.64999389648438,241.16000366210938,5255129
2025-03-03 20:30:00+00:00,238.13999938964844,238.55999755859375,236.11199951171875,236.8800048828125,6362960
2025-03-04 14:30:00+00:00,238.39999389648438,239.38999938964844,236.35000610351562,237.7050018310547,12574876
2025-03-04 15:30:00+00:00,238.6300048828125,239.80999755859375,237.64999389648438,238.39999389648438,6419558
2025-03-04 16:30:00+00:00,238.1649932861328,240.07000732421875,238.12890625,238.58999633789062,4617834
2025-03-04 17:30:00+00:00,236.75,238.17990112304688,236.16000366210938,238.11000061035156,4297681
2025-03-04 18:30:00+00:00,238.2888946533203,238.55999755859375,236.42999267578125,236.75,3524557
2025-03-04 19:30:00+00:00,238.69000244140625,239.24989318847656,237.9822998046875,238.2899932861328,4105168
2025-03-04 20:30:00+00:00,236.07000732421875,238.75,234.6999969482422,238.67999267578125,6470426
2025-03-05 14:30:00+00:00,230.9199981689453,235.9499969482422,230.5500030517578,235.4949951171875,11396281
2025-03-05 15:30:00+00:00,230.6490020751953,233.1999969482422,230.13999938964844,230.94000244140625,4757085
2025-03-05 16:30:00+00:00,234.53990173339844,234.64999389648438,229.22999572753906,230.6199951171875,5831367
2025-03-05 17:30:00+00:00,234.67999267578125,235.5399932861328,234.0,234.5399932861328,3887648
2025-03-05 18:30:00+00:00,235.74749755859375,236.5500030517578,234.10000610351562,234.66529846191406,2837195
2025-03-05 19:30:00+00:00,236.0399932861328,236.47999572753906,235.14999389648438,235.8000030517578,3103634
2025-03-05 20:30:00+00:00,235.77000427246094,236.35000610351562,235.05999755859375,236.00999450683594,3864004
2025-03-06 14:30:00+00:00,236.47000122070312,237.16000366210938,233.5399932861328,234.43499755859375,8965074
2025-03-06 15:30:00+00:00,236.77999877929688,237.86000061035156,236.2449951171875,236.47000122070312,4326344
2025-03-06 16:30:00+00:00,234.4149932861328,237.33999633789062,234.0404052734375,236.74000549316406,4246957
2025-03-06 17:30:00+00:00,234.2949981689453,235.42999267578125,234.05999755859375,234.39999389648438,3660287
2025-03-06 18:30:00+00:00,233.69000244140625,235.1699981689453,233.39999389648438,234.30499267578125,4333970
2025-03-06 19:30:00+00:00,235.17999267578125,236.00999450683594,233.3300018310547,233.65499877929688,4926584
2025-03-06 20:30:00+00:00,235.32000732421875,235.75999450683594,234.4499969482422,235.1699981689453,4800803
2025-03-07 14:30:00+00:00,238.30999755859375,239.42999267578125,234.75999450683594,235.10499572753906,8540305
2025-03-07 15:30:00+00:00,239.02000427246094,240.16000366210938,237.0301055908203,238.31500244140625,6445384
2025-03-07 16:30:00+00:00,239.2899932861328,239.69749450683594,237.86000061035156,239.0399932861328,6229746
2025-03-07 17:30:00+00:00,240.41439819335938,241.3699951171875,238.8000030517578,239.25999450683594,6264766
2025-03-07 18:30:00+00:00,239.64999389648438,240.91000366210938,238.57000732421875,240.4250030517578,4109056
2025-03-07 19:30:00+00:00,238.8114013671875,239.86000061035156,238.0800018310547,239.6649932861328,3265326
2025-03-07 20:30:00+00:00,239.07000732421875,239.77000427246094,237.94000244140625,238.8000030517578,4811911
2025-03-10 13:30:00+00:00,228.5500030517578,236.16000366210938,228.52000427246094,235.47999572753906,15210592
2025-03-10 14:30:00+00:00,226.50869750976562,229.5,225.2899932861328,228.55499267578125,11879291
2025-03-10 15:30:00+00:00,225.47999572753906,227.2899932861328,224.22000122070312,226.52999877929688,6728298
2025-03-10 16:30:00+00:00,225.2100067138672,226.69000244140625,224.3249969482422,225.5399932861328,5441202
2025-03-10 17:30:00+00:00,226.5800018310547,226.97999572753906,224.8699951171875,225.24000549316406,5343177
2025-03-10 18:30:00+00:00,226.9761962890625,227.51499938964844,224.4208984375,226.58999633789062,7127512
2025-03-10 19:30:00+00:00,227.54100036621094,228.64999389648438,226.5,226.99000549316406,8057482
2025-03-11 13:30:00+00:00,222.52000427246094,225.83990478515625,220.00999450683594,223.8000030517578,17705238
2025-03-11 14:30:00+00:00,221.00320434570312,222.9499969482422,220.58999633789062,222.49000549316406,7838273
2025-03-11 15:30:00+00:00,218.5500030517578,221.74000549316406,218.5,220.97999572753906,8314282
2025-03-11 16:30:00+00:00,217.7550048828125,219.8800048828125,217.4499969482422,218.5399932861328,7268661
2025-03-11 17:30:00+00:00,220.5449981689453,220.97999572753906,217.67999267578125,217.72999572753906,6404020
2025-03-11 18:30:00+00:00,221.82020568847656,223.27999877929688,220.09019470214844,220.5500030517578,7110964
2025-03-11 19:30:00+00:00,220.72999572753906,222.0500030517578,220.5800018310547,221.82000732421875,6574063
2025-03-12 13:30:00+00:00,218.9499969482422,221.75,218.8300018310547,220.17999267578125,13585830
2025-03-12 14:30:00+00:00,216.44500732421875,219.39999389648438,214.91000366210938,218.9499969482422,10732384
2025-03-12 15:30:00+00:00,218.3603973388672,218.61000061035156,216.3300018310547,216.47000122070312,5950460
2025-03-12 16:30:00+00:00,218.18980407714844,218.60000610351562,216.8800048828125,218.44500732421875,4501805
2025-03-12 17:30:00+00:00,216.11000061035156,218.22000122070312,215.92999267578125,218.1300048828125,5341362
2025-03-12 18:30:00+00:00,215.639892578125,217.08990478515625,215.0500030517578,216.1199951171875,6048770
2025-03-12 19:30:00+00:00,216.94000244140625,217.27000427246094,215.27999877929688,215.64999389648438,7314758
2025-03-13 13:30:00+00:00,214.27999877929688,216.8394012451172,214.22000122070312,215.94000244140625,11543428
2025-03-13 14:30:00+00:00,214.0402069091797,214.82000732421875,213.6300048828125,214.3000030517578,6000675
2025-03-13 15:30:00+00:00,211.94000244140625,214.35000610351562,211.5500030517578,214.0449981689453,8062598
2025-03-13 16:30:00+00:00,211.15499877929688,212.92999267578125,210.69000244140625,211.93380737304688,5949778
2025-03-13 17:30:00+00:00,212.2899932861328,212.47000122070312,210.50010681152344,211.13999938964844,5034049
2025-03-13 18:30:00+00:00,210.6300048828125,212.4698944091797,210.36000061035156,212.28599548339844,5897570
2025-03-13 19:30:00+00:00,209.7100067138672,210.7100067138672,208.4199981689453,210.6699981689453,9508816
2025-03-14 13:30:00+00:00,210.3780975341797,213.42999267578125,209.5800018310547,211.25,14448242
2025-03-14 14:30:00+00:00,211.92999267578125,212.3800048828125,209.97999572753906,210.3800048828125,7229106
2025-03-14 15:30:00+00:00,212.23069763183594,213.94000244140625,211.91000366210938,211.92999267578125,5804814
2025-03-14 16:30:00+00:00,212.31500244140625,213.5,212.07229614257812,212.23500061035156,3579047
2025-03-14 17:30:00+00:00,211.2449951171875,212.6898956298828,210.75999450683594,212.30259704589844,6007354
2025-03-14 18:30:00+00:00,212.90530395507812,213.41099548339844,211.25,211.25,4621820
2025-03-14 19:30:00+00:00,213.3800048828125,213.89999389648438,212.7100067138672,212.8946075439453,6350358
2025-03-17 13:30:00+00:00,213.22470092773438,214.97000122070312,212.1699981689453,213.36000061035156,9570854
2025-03-17 14:30:00+00:00,210.75469970703125,213.25999450683594,210.46969604492188,213.22500610351562,5939423
2025-03-17 15:30:00+00:00,211.1999969482422,211.8000030517578,209.97999572753906,210.7550048828125,4387530
2025-03-17 16:30:00+00:00,212.33030700683594,212.3699951171875,211.08999633789062,211.2100067138672,3083388
2025-03-17 17:30:00+00:00,214.4550018310547,214.73019409179688,212.27999877929688,212.35499572753906,4126373
2025-03-17 18:30:00+00:00,214.68499755859375,214.7967987060547,214.07000732421875,214.4499969482422,3623892
2025-03-17 19:30:00+00:00,214.19000244140625,215.22000122070312,213.6699981689453,214.67999267578125,6930829
2025-03-18 13:30:00+00:00,214.55140686035156,215.14999389648438,212.9499969482422,214.13999938964844,10203982
2025-03-18 14:30:00+00:00,213.3300018310547,214.88999938964844,212.64999389648438,214.5500030517578,4477342
2025-03-18 15:30:00+00:00,213.72000122070312,213.97999572753906,212.7899932861328,213.25,3176514
2025-03-18 16:30:00+00:00,212.2834014892578,213.7736053466797,211.49000549316406,213.6999969482422,4535545
2025-03-18 17:30:00+00:00,211.9949951171875,212.32000732421875,211.55979919433594,212.3000030517578,3006313
2025-03-18 18:30:00+00:00,212.34500122070312,212.65499877929688,211.810302734375,212.0,3435188
2025-03-18 19:30:00+00:00,212.7899932861328,213.25999450683594,212.30999755859375,212.34500122070312,4396249
2025-03-19 13:30:00+00:00,217.14500427246094,218.75999450683594,213.91009521484375,214.22000122070312,11385869
2025-03-19 14:30:00+00:00,215.66900634765625,217.2198028564453,214.9600067138672,217.2100067138672,5115267
2025-03-19 15:30:00+00:00,215.3000030517578,216.75,215.17999267578125,215.69000244140625,3249560
2025-03-19 16:30:00+00:00,214.3800048828125,215.3300018310547,214.2899932861328,215.2899932861328,2801294
2025-03-19 17:30:00+00:00,214.27000427246094,215.04969787597656,213.75,214.39199829101562,4823378
2025-03-19 18:30:00+00:00,215.50990295410156,217.0590057373047,214.25,214.27000427246094,6058928
2025-03-19 19:30:00+00:00,215.3000030517578,215.67999267578125,214.47999572753906,215.5,5255712
2025-03-20 13:30:00+00:00,216.9904022216797,217.48989868164062,212.89999389648438,213.99000549316406,7527757
2025-03-20 14:30:00+00:00,215.91900634765625,217.2949981689453,215.78759765625,216.97999572753906,4644755
2025-03-20 15:30:00+00:00,214.13999938964844,216.4600067138672,214.02000427246094,215.89999389648438,4337539
2025-03-20 16:30:00+00:00,213.22999572753906,214.50999450683594,213.0,214.13999938964844,5149763
2025-03-20 17:30:00+00:00,212.75999450683594,213.88999938964844,212.72999572753906,213.25999450683594,3180049
2025-03-20 18:30:00+00:00,212.68350219726562,213.39999389648438,212.22000122070312,212.77000427246094,4531064
2025-03-20 19:30:00+00:00,214.14999389648438,214.75999450683594,212.69000244140625,212.69000244140625,5352998
2025-03-21 13:30:00+00:00,213.74000549316406,214.41000366210938,211.47000122070312,211.51499938964844,21249328
2025-03-21 14:30:00+00:00,213.44349670410156,214.83999633789062,213.2606964111328,213.7100067138672,7372592
2025-03-21 15:30:00+00:00,214.65499877929688,215.39999389648438,212.63999938964844,213.44000244140625,3813985
2025-03-21 16:30:00+00:00,214.6199951171875,215.47999572753906,214.48480224609375,214.6699981689453,3366634
2025-03-21 17:30:00+00:00,214.6699981689453,215.03900146484375,214.26010131835938,214.61000061035156,3091390
2025-03-21 18:30:00+00:00,215.30999755859375,215.3699951171875,214.63999938964844,214.6699981689453,4189003
2025-03-21 19:30:00+00:00,218.36000061035156,218.83999633789062,215.00999450683594,215.30999755859375,10148885
2025-03-24 13:30:00+00:00,219.77000427246094,221.02099609375,218.5800018310547,221.0,9344812
2025-03-24 14:30:00+00:00,219.15750122070312,220.69000244140625,219.02920532226562,219.80999755859375,4668518
2025-03-24 15:30:00+00:00,219.0,220.0500030517578,218.9600067138672,219.15499877929688,3264720
2025-03-24 16:30:00+00:00,219.2899932861328,219.5,218.82000732421875,219.01499938964844,3057015
2025-03-24 17:30:00+00:00,219.75999450683594,219.85000610351562,219.08999633789062,219.32000732421875,2530901
2025-03-24 18:30:00+00:00,219.77000427246094,220.47000122070312,219.46580505371094,219.77499389648438,4139018
2025-03-24 19:30:00+00:00,220.42999267578125,221.00999450683594,219.66000366210938,219.7899932861328,6001386
2025-03-25 13:30:00+00:00,223.3699951171875,223.38999938964844,220.0800018310547,220.80999755859375,8242408
2025-03-25 14:30:00+00:00,223.52999877929688,223.89999389648438,222.3000030517578,223.3800048828125,4010970
2025-03-25 15:30:00+00:00,223.11000061035156,223.6999969482422,223.00999450683594,223.5399932861328,2236176
2025-03-25 16:30:00+00:00,222.80999755859375,223.6300048828125,220.72999572753906,223.10000610351562,2317900
2025-03-25 17:30:00+00:00,223.49000549316406,223.94900512695312,222.60000610351562,222.82699584960938,2529710
2025-03-25 18:30:00+00:00,223.4199981689453,223.7100067138672,222.78500366210938,223.5,3423322
2025-03-25 19:30:00+00:00,223.72999572753906,224.10000610351562,223.2899932861328,223.41000366210938,4310099
2025-03-26 13:30:00+00:00,224.07449340820312,225.02000427246094,222.83999633789062,223.50999450683594,8205828
2025-03-26 14:30:00+00:00,223.72000122070312,224.3155975341797,223.11000061035156,224.0850067138672,3253126
2025-03-26 15:30:00+00:00,223.6750030517578,223.89999389648438,222.1199951171875,223.7200927734375,3220107
2025-03-26 16:30:00+00:00,222.0800018310547,223.7899932861328,221.6300048828125,223.6750030517578,2855124
2025-03-26 17:30:00+00:00,221.8350067138672,222.22000122070312,221.4001007080078,222.0800018310547,2219567
2025-03-26 18:30:00+00:00,220.60000610351562,221.88499450683594,220.60000610351562,221.81500244140625,3054676
2025-03-26 19:30:00+00:00,221.39999389648438,221.8800048828125,220.47000122070312,220.61500549316406,4140037
2025-03-27 13:30:00+00:00,221.64999389648438,222.10000610351562,220.5601043701172,221.3300018310547,5508724
2025-03-27 14:30:00+00:00,222.8000946044922,223.24000549316406,221.39999389648438,221.64999389648438,3784484
2025-03-27 15:30:00+00:00,223.19500732421875,223.75999450683594,222.56500244140625,222.8000030517578,2866958
2025-03-27 16:30:00+00:00,223.10499572753906,223.97999572753906,222.72000122070312,223.17999267578125,3509193
2025-03-27 17:30:00+00:00,224.3699951171875,224.55999755859375,223.0500030517578,223.0800018310547,3521517
2025-03-27 18:30:00+00:00,224.7899932861328,224.99000549316406,223.94500732421875,224.35000610351562,3376619
2025-03-27 19:30:00+00:00,223.92999267578125,224.99000549316406,223.6999969482422,224.8000030517578,5491814
2025-03-28 13:30:00+00:00,219.91000366210938,223.8000030517578,219.69500732421875,221.6490020751953,8900229
2025-03-28 14:30:00+00:00,219.97999572753906,220.64999389648438,219.1699981689453,219.88999938964844,4819013
2025-03-28 15:30:00+00:00,218.69000244140625,220.22000122070312,218.35000610351562,219.89109802246094,3075097
2025-03-28 16:30:00+00:00,218.49000549316406,219.1199951171875,218.2100067138672,218.6699981689453,3059478
2025-03-28 17:30:00+00:00,219.0500030517578,219.16650390625,218.17999267578125,218.5,2307054
2025-03-28 18:30:00+00:00,218.50999450683594,219.14999389648438,218.1103973388672,219.0399932861328,3188030
2025-03-28 19:30:00+00:00,217.8800048828125,218.75,217.67999267578125,218.5,5319689
2025-03-31 13:30:00+00:00,218.57000732421875,219.30999755859375,216.24000549316406,217.22000122070312,13611371
2025-03-31 14:30:00+00:00,219.1300048828125,220.0800018310547,218.3256072998047,218.61000061035156,5127759
2025-03-31 15:30:00+00:00,220.9199981689453,220.92999267578125,218.88519287109375,219.10000610351562,3710448
2025-03-31 16:30:00+00:00,219.8699951171875,221.02000427246094,219.38999938964844,220.89999389648438,2845575
2025-03-31 17:30:00+00:00,220.7949981689453,220.8800048828125,219.24169921875,219.85000610351562,2764885
2025-03-31 18:30:00+00:00,221.22500610351562,221.73500061035156,220.38999938964844,220.8000030517578,4172283
2025-03-31 19:30:00+00:00,221.9949951171875,224.97000122070312,220.99009704589844,221.2100067138672,11487559
2025-04-01 13:30:00+00:00,221.5198974609375,223.38999938964844,218.89999389648438,219.80499267578125,9630525
2025-04-01 14:30:00+00:00,222.87989807128906,223.42999267578125,221.36000061035156,221.49000549316406,4197037
2025-04-01 15:30:00+00:00,222.52999877929688,223.13999938964844,222.14999389648438,222.86500549316406,2944555
2025-04-01 16:30:00+00:00,222.3385009765625,223.0800018310547,222.19000244140625,222.55499267578125,2079835
2025-04-01 17:30:00+00:00,221.5,222.77499389648438,221.4499969482422,222.3000030517578,2283252
2025-04-01 18:30:00+00:00,221.72999572753906,222.1199951171875,221.14999389648438,221.49000549316406,2520811
2025-04-01 19:30:00+00:00,223.13999938964844,223.49000549316406,221.57000732421875,221.7100067138672,4133846
2025-04-02 13:30:00+00:00,224.0399932861328,224.10850524902344,221.0500030517578,221.19000244140625,5984058
2025-04-02 14:30:00+00:00,224.47999572753906,224.71539306640625,223.4499969482422,224.02000427246094,3704510
2025-04-02 15:30:00+00:00,224.1300048828125,224.60000610351562,223.11000061035156,224.4499969482422,2694881
2025-04-02 16:30:00+00:00,224.72000122070312,225.19000244140625,223.19000244140625,224.1300048828125,3616264
2025-04-02 17:30:00+00:00,222.92999267578125,224.80999755859375,222.9199981689453,224.72000122070312,2445540
2025-04-02 18:30:00+00:00,223.66009521484375,223.9409942626953,222.8614044189453,222.9199981689453,2653899
2025-04-02 19:30:00+00:00,223.7899932861328,224.4600067138672,223.5,223.6699981689453,4054405
2025-04-03 13:30:00+00:00,205.63499450683594,207.48989868164062,202.52000427246094,205.52000427246094,32868028
2025-04-03 14:30:00+00:00,204.0500030517578,206.47000122070312,203.3699951171875,205.63499450683594,11492280
2025-04-03 15:30:00+00:00,206.05999755859375,207.0399932861328,203.7042999267578,204.0500030517578,8453124
2025-04-03 16:30:00+00:00,204.0050048828125,206.3000030517578,203.84010314941406,206.10000610351562,5727160
2025-04-03 17:30:00+00:00,203.0,204.6051025390625,202.6999969482422,203.99000549316406,6326946
2025-04-03 18:30:00+00:00,202.1999969482422,203.52000427246094,202.13999938964844,202.98280334472656,9806166
2025-04-03 19:30:00+00:00,203.05999755859375,203.86000061035156,201.25,202.1999969482422,14152077
2025-04-04 13:30:00+00:00,195.27999877929688,199.8800048828125,192.8000030517578,193.9250030517578,32115307
2025-04-04 14:30:00+00:00,194.49000549316406,197.21170043945312,191.05999755859375,195.2949981689453,19673653
2025-04-04 15:30:00+00:00,192.80999755859375,196.0,192.25999450683594,194.46499633789062,9394432
2025-04-04 16:30:00+00:00,190.99000549316406,193.9761962890625,190.89999389648438,192.77999877929688,8256831
2025-04-04 17:30:00+00:00,188.8800048828125,192.57000732421875,188.83099365234375,190.97999572753906,12240537
2025-04-04 18:30:00+00:00,190.22999572753906,190.86880493164062,187.34500122070312,188.89999389648438,13768216
2025-04-04 19:30:00+00:00,188.3800048828125,191.72999572753906,188.05999755859375,190.2100067138672,14314697
2025-04-07 13:30:00+00:00,181.77000427246094,194.13999938964844,174.6199951171875,177.0,60689672
2025-04-07 14:30:00+00:00,176.36000061035156,185.93980407714844,175.6999969482422,181.67999267578125,21664542
2025-04-07 15:30:00+00:00,178.13999938964844,180.3300018310547,175.75,176.41000366210938,12923106
2025-04-07 16:30:00+00:00,181.5399932861328,181.72000122070312,177.10000610351562,178.10000610351562,10820708
2025-04-07 17:30:00+00:00,180.3350067138672,183.88999938964844,179.5,181.55499267578125,12360402
2025-04-07 18:30:00+00:00,178.42129516601562,182.3000030517578,178.2801055908203,180.33999633789062,12053848
2025-04-07 19:30:00+00:00,181.58999633789062,182.0,178.43499755859375,178.44000244140625,11790019
2025-04-08 13:30:00+00:00,189.3300018310547,190.3350067138672,185.10000610351562,186.72999572753906,25336677
2025-04-08 14:30:00+00:00,184.08999633789062,189.92999267578125,184.05999755859375,189.32000732421875,11822751
2025-04-08 15:30:00+00:00,183.3300018310547,185.5399932861328,182.2899932861328,184.07000732421875,7825256
2025-04-08 16:30:00+00:00,175.02999877929688,183.51499938964844,175.0,183.32000732421875,15712598
2025-04-08 17:30:00+00:00,175.3300018310547,178.60989379882812,174.85000610351562,175.02000427246094,11562913
2025-04-08 18:30:00+00:00,172.88999938964844,177.22999572753906,171.6300048828125,175.31219482421875,15040705
2025-04-08 19:30:00+00:00,172.77000427246094,173.44000244140625,169.21009826660156,172.8699951171875,16156814
2025-04-09 13:30:00+00:00,178.41180419921875,179.4199981689453,171.88999938964844,172.1790008544922,32288949
2025-04-09 14:30:00+00:00,179.7550048828125,180.4199981689453,176.8300018310547,178.50999450683594,15996521
2025-04-09 15:30:00+00:00,179.58999633789062,181.07000732421875,177.75,179.75,11721052
2025-04-09 16:30:00+00:00,188.52499389648438,194.49000549316406,179.24000549316406,179.57989501953125,19036631
2025-04-09 17:30:00+00:00,190.8000030517578,194.86990356445312,188.1300048828125,188.50999450683594,27276269
2025-04-09 18:30:00+00:00,196.05999755859375,198.97999572753906,183.8699951171875,190.7899932861328,30349699
2025-04-09 19:30:00+00:00,198.85000610351562,200.61000061035156,195.91000366210938,196.0,20947383
2025-04-10 13:30:00+00:00,192.14500427246094,194.7799072265625,189.0,189.1649932861328,25783702
2025-04-10 14:30:00+00:00,188.8592071533203,193.57000732421875,188.69000244140625,192.22000122070312,10331960
2025-04-10 15:30:00+00:00,184.27000427246094,189.22999572753906,183.0,188.85499572753906,16399003
2025-04-10 16:30:00+00:00,188.00999450683594,189.89999389648438,184.1750030517578,184.26499938964844,13927222
2025-04-10 17:30:00+00:00,191.75999450683594,192.0,186.0,187.97000122070312,14336457
2025-04-10 18:30:00+00:00,189.98500061035156,192.8000030517578,189.02000427246094,191.75,10246898
2025-04-10 19:30:00+00:00,190.44000244140625,192.43499755859375,187.8300018310547,190.0,10417028
2025-04-11 13:30:00+00:00,189.92999267578125,193.25,186.05999755859375,186.17999267578125,17210427
2025-04-11 14:30:00+00:00,193.32000732421875,194.1999969482422,189.63999938964844,189.94000244140625,9778670
2025-04-11 15:30:00+00:00,195.80099487304688,197.6699981689453,192.87860107421875,193.2899932861328,11426289
2025-04-11 16:30:00+00:00,196.83070373535156,199.35000610351562,195.80999755859375,195.82000732421875,10272519
2025-04-11 17:30:00+00:00,197.5800018310547,199.5399932861328,196.03790283203125,196.8524932861328,8204023
2025-04-11 18:30:00+00:00,198.3419952392578,198.9438934326172,197.40179443359375,197.60000610351562,6229743
2025-04-11 19:30:00+00:00,198.02000427246094,199.0,197.54139709472656,198.35000610351562,9619486
2025-04-14 13:30:00+00:00,204.75,212.94000244140625,204.61000061035156,211.44000244140625,38852582
2025-04-14 14:30:00+00:00,203.60000610351562,206.1999053955078,203.41000366210938,204.8000030517578,11826668
2025-04-14 15:30:00+00:00,201.75,204.3800048828125,201.16209411621094,203.64999389648438,11801459
2025-04-14 16:30:00+00:00,203.86399841308594,204.97850036621094,201.5850067138672,201.72999572753906,8024983
2025-04-14 17:30:00+00:00,205.7899932861328,205.80999755859375,203.42999267578125,203.88499450683594,6209694
2025-04-14 18:30:00+00:00,205.7100067138672,206.66000366210938,205.38999938964844,205.7899932861328,6862210
2025-04-14 19:30:00+00:00,202.58999633789062,205.89999389648438,202.32000732421875,205.72000122070312,8409251
2025-04-15 13:30:00+00:00,200.8000030517578,203.5050048828125,199.82000732421875,201.85499572753906,13453371
2025-04-15 14:30:00+00:00,202.11500549316406,203.08999633789062,200.68600463867188,200.7899932861328,6103100
2025-04-15 15:30:00+00:00,203.0399932861328,203.35000610351562,201.9600067138672,202.13999938964844,3730153
2025-04-15 16:30:00+00:00,201.60440063476562,203.28399658203125,201.11500549316406,203.0500030517578,3893654
2025-04-15 17:30:00+00:00,201.76499938964844,202.7769012451172,201.30499267578125,201.5850067138672,4045655
2025-04-15 18:30:00+00:00,202.8000030517578,203.2899932861328,201.63999938964844,201.71499633789062,4048783
2025-04-15 19:30:00+00:00,202.1300048828125,202.95899963378906,201.9199981689453,202.8300018310547,4398627
2025-04-16 13:30:00+00:00,197.07000732421875,200.6999969482422,196.02000427246094,198.36000061035156,13937138
2025-04-16 14:30:00+00:00,198.35009765625,198.98849487304688,196.80999755859375,197.05999755859375,6372057
2025-04-16 15:30:00+00:00,196.91000366210938,198.39999389648438,196.3905029296875,198.375,4368116
2025-04-16 16:30:00+00:00,197.75999450683594,197.9199981689453,196.64999389648438,196.91000366210938,3351617
2025-04-16 17:30:00+00:00,194.55499267578125,197.80999755859375,193.9199981689453,197.75999450683594,7922500
2025-04-16 18:30:00+00:00,192.57000732421875,194.64370727539062,192.3699951171875,194.5399932861328,5831097
2025-04-16 19:30:00+00:00,194.3000030517578,194.86349487304688,192.57000732421875,192.5800018310547,7049437
2025-04-17 13:30:00+00:00,195.63999938964844,197.1999969482422,194.63999938964844,197.14999389648438,11995068
2025-04-17 14:30:00+00:00,196.0399932861328,197.09500122070312,194.4199981689453,195.69000244140625,6835084
2025-04-17 15:30:00+00:00,197.80499267578125,198.0500030517578,195.9886932373047,196.02999877929688,4703332
2025-04-17 16:30:00+00:00,196.6999969482422,198.57000732421875,196.67999267578125,197.8260040283203,4953563
2025-04-17 17:30:00+00:00,198.27999877929688,198.83349609375,196.6699981689453,196.7100067138672,3858649
2025-04-17 18:30:00+00:00,197.24220275878906,198.66000366210938,196.8699951171875,198.2899932861328,4857368
2025-04-17 19:30:00+00:00,196.8699951171875,197.6999969482422,195.82000732421875,197.25,4510991
2025-04-21 13:30:00+00:00,192.1199951171875,193.75999450683594,191.36000061035156,193.35000610351562,8862849
2025-04-21 14:30:00+00:00,190.73500061035156,192.49000549316406,190.60499572753906,192.11000061035156,4480370
2025-04-21 15:30:00+00:00,191.1300048828125,191.32000732421875,189.8112030029297,190.72000122070312,4469110
2025-04-21 16:30:00+00:00,190.61399841308594,191.75,190.13999938964844,191.1199951171875,3331629
2025-04-21 17:30:00+00:00,190.82000732421875,191.0,190.24000549316406,190.58999633789062,2848270
2025-04-21 18:30:00+00:00,191.10499572753906,191.3800048828125,190.1999969482422,190.81500244140625,3470291
2025-04-21 19:30:00+00:00,193.08999633789062,193.4199981689453,191.0500030517578,191.08999633789062,5337999
2025-04-22 13:30:00+00:00,198.11000061035156,198.94000244140625,196.0,196.07000732421875,8343567
2025-04-22 14:30:00+00:00,198.8300018310547,199.5500030517578,197.6699981689453,198.1199951171875,5200594
2025-04-22 15:30:00+00:00,201.3800048828125,201.5500030517578,197.86000061035156,198.8300018310547,6986542
2025-04-22 16:30:00+00:00,198.5399932861328,201.52999877929688,198.32029724121094,201.4001007080078,6210265
2025-04-22 17:30:00+00:00,199.8917999267578,200.00999450683594,198.10240173339844,198.51620483398438,3865378
2025-04-22 18:30:00+00:00,198.6201934814453,200.5,198.55999755859375,199.8800048828125,6982874
2025-04-22 19:30:00+00:00,199.66000366210938,199.88999938964844,198.0,198.625,5543168
2025-04-23 13:30:00+00:00,206.80499267578125,208.0,204.63009643554688,206.0,15154970
2025-04-23 14:30:00+00:00,204.6300048828125,207.9499969482422,204.05999755859375,206.80999755859375,7451699
2025-04-23 15:30:00+00:00,204.11000061035156,205.41000366210938,202.7989959716797,204.625,5789475
2025-04-23 16:30:00+00:00,204.9499969482422,205.44000244140625,203.51840209960938,204.13999938964844,3150358
2025-04-23 17:30:00+00:00,204.48240661621094,205.64999389648438,204.22000122070312,205.0,3056243
2025-04-23 18:30:00+00:00,204.00999450683594,205.1699981689453,203.6566925048828,204.47000122070312,3587154
2025-04-23 19:30:00+00:00,204.36000061035156,205.75,203.61000061035156,204.03089904785156,5424069
2025-04-24 13:30:00+00:00,206.32000732421875,206.35000610351562,202.94000244140625,204.88499450683594,8437662
2025-04-24 14:30:00+00:00,205.9250030517578,206.66000366210938,205.2200927734375,206.2899932861328,4262818
2025-04-24 15:30:00+00:00,206.2899932861328,206.75,205.58009338378906,205.88499450683594,4462199
2025-04-24 16:30:00+00:00,206.90499877929688,207.02999877929688,205.82000732421875,206.2899932861328,2541750
2025-04-24 17:30:00+00:00,207.28900146484375,207.7899932861328,206.5500030517578,206.9199981689453,2687289
2025-04-24 18:30:00+00:00,207.09010314941406,208.10000610351562,207.02999877929688,207.3000030517578,3837311
2025-04-24 19:30:00+00:00,208.1999969482422,208.82989501953125,207.08999633789062,207.11000061035156,5785557
2025-04-25 13:30:00+00:00,206.63479614257812,209.24989318847656,206.1999969482422,206.42999267578125,8557840
2025-04-25 14:30:00+00:00,207.10000610351562,207.7628936767578,206.51499938964844,206.63999938964844,3766130
2025-04-25 15:30:00+00:00,208.59129333496094,208.89999389648438,206.66000366210938,207.11000061035156,3799231
2025-04-25 16:30:00+00:00,209.3701934814453,209.41000366210938,208.2899932861328,208.60000610351562,3714961
2025-04-25 17:30:00+00:00,208.50450134277344,209.4149932861328,207.3699951171875,209.38999938964844,3053055
2025-04-25 18:30:00+00:00,208.22000122070312,208.8699951171875,208.13999938964844,208.50999450683594,2357459
2025-04-25 19:30:00+00:00,209.22999572753906,209.42999267578125,207.8699951171875,208.2100067138672,4418187
2025-04-28 13:30:00+00:00,208.92999267578125,211.5,208.74000549316406,210.05999755859375,9371395
2025-04-28 14:30:00+00:00,207.9499969482422,209.82000732421875,207.83999633789062,208.875,4027500
2025-04-28 15:30:00+00:00,207.86000061035156,208.39999389648438,207.4600067138672,207.98590087890625,2434302
2025-04-28 16:30:00+00:00,208.13999938964844,208.72999572753906,207.85000610351562,207.85000610351562,2227932
2025-04-28 17:30:00+00:00,209.8699951171875,210.0500030517578,208.0800018310547,208.13499450683594,3099461
2025-04-28 18:30:00+00:00,210.5399932861328,210.94000244140625,209.7613983154297,209.8699951171875,2610842
2025-04-28 19:30:00+00:00,210.08999633789062,211.4998016357422,210.0399932861328,210.52999877929688,3584738
2025-04-29 13:30:00+00:00,210.9499969482422,212.24000549316406,208.3699951171875,208.6929931640625,9190515
2025-04-29 14:30:00+00:00,211.0399932861328,212.07000732421875,210.6699981689453,210.9600067138672,3218454
2025-04-29 15:30:00+00:00,210.48800659179688,211.32530212402344,210.39999389648438,211.0399932861328,2669695
2025-04-29 16:30:00+00:00,210.36000061035156,210.69000244140625,209.35000610351562,210.49000549316406,2562388
2025-04-29 17:30:00+00:00,211.7227020263672,211.85000610351562,210.22000122070312,210.3699951171875,2467158
2025-04-29 18:30:00+00:00,211.3000030517578,211.96060180664062,211.10009765625,211.72000122070312,2519310
2025-04-29 19:30:00+00:00,211.24000549316406,211.77000427246094,210.9499969482422,211.30999755859375,3222132
2025-04-30 13:30:00+00:00,209.32119750976562,209.72000122070312,206.67050170898438,209.3000030517578,7770541
2025-04-30 14:30:00+00:00,210.5449981689453,210.86000061035156,208.71009826660156,209.34950256347656,3782710
2025-04-30 15:30:00+00:00,210.58999633789062,211.27999877929688,209.9499969482422,210.55999755859375,2740535
2025-04-30 16:30:00+00:00,211.0800018310547,211.36000061035156,209.8000030517578,210.58999633789062,2462208
2025-04-30 17:30:00+00:00,210.71499633789062,212.97000122070312,210.31500244140625,211.07000732421875,3447792
2025-04-30 18:30:00+00:00,210.3446044921875,211.30999755859375,210.27999877929688,210.6999969482422,2871370
2025-04-30 19:30:00+00:00,212.49000549316406,213.5399932861328,210.0500030517578,210.375,7076663
2025-05-01 13:30:00+00:00,211.74000549316406,212.5,208.89999389648438,209.00999450683594,11460361
2025-05-01 14:30:00+00:00,212.8966064453125,214.22000122070312,211.31500244140625,211.75,5794472
2025-05-01 15:30:00+00:00,212.77999877929688,213.1199951171875,211.4149932861328,212.89500427246094,4005190
2025-05-01 16:30:00+00:00,212.50999450683594,212.87759399414062,211.85000610351562,212.77999877929688,4133080
2025-05-01 17:30:00+00:00,212.77999877929688,213.0,212.06500244140625,212.50999450683594,2827555
2025-05-01 18:30:00+00:00,212.94000244140625,213.1999969482422,212.3000030517578,212.7899932861328,3941988
2025-05-01 19:30:00+00:00,212.8300018310547,214.5500030517578,212.47000122070312,212.94000244140625,7135104
2025-05-02 13:30:00+00:00,206.72000122070312,206.8199005126953,202.16000366210938,206.08999633789062,30704404
2025-05-02 14:30:00+00:00,204.9008026123047,206.99000549316406,204.60000610351562,206.72000122070312,9323215
2025-05-02 15:30:00+00:00,205.0,206.5800018310547,204.860595703125,204.9199981689453,8718007
2025-05-02 16:30:00+00:00,204.69900512695312,205.88999938964844,204.14999389648438,205.0,7635353
2025-05-02 17:30:00+00:00,204.8800048828125,205.8300018310547,204.6999969482422,204.6999969482422,7087245
2025-05-02 18:30:00+00:00,204.75999450683594,205.42999267578125,203.66000366210938,204.8699951171875,8882491
2025-05-02 19:30:00+00:00,205.3000030517578,205.5,203.88999938964844,204.75999450683594,9990065
2025-05-05 13:30:00+00:00,198.77999877929688,204.10000610351562,198.6199951171875,203.125,17363317
2025-05-05 14:30:00+00:00,199.19960021972656,199.64999389648438,198.2100067138672,198.78700256347656,8474385
2025-05-05 15:30:00+00:00,199.9739990234375,200.0399932861328,198.66000366210938,199.19000244140625,5978364
2025-05-05 16:30:00+00:00,200.41000366210938,200.63999938964844,199.67010498046875,199.9600067138672,4884446
2025-05-05 17:30:00+00:00,200.9600067138672,201.08999633789062,200.16000366210938,200.41000366210938,3841975
2025-05-05 18:30:00+00:00,199.39999389648438,201.16000366210938,199.39999389648438,200.9499969482422,5400812
2025-05-05 19:30:00+00:00,198.77000427246094,199.5998992919922,198.5196990966797,199.39999389648438,6786984
2025-05-06 13:30:00+00:00,198.91000366210938,199.8800048828125,197.02000427246094,198.125,16561562
2025-05-06 14:30:00+00:00,199.03500366210938,199.1300048828125,197.85000610351562,198.89999389648438,5182787
2025-05-06 15:30:00+00:00,198.97999572753906,200.6490020751953,198.66000366210938,199.03500366210938,4709429
2025-05-06 16:30:00+00:00,199.4250030517578,200.02000427246094,198.9600067138672,198.97500610351562,3055441
2025-05-06 17:30:00+00:00,199.30499267578125,199.82000732421875,198.69000244140625,199.4499969482422,2836848
2025-05-06 18:30:00+00:00,199.70840454101562,199.85000610351562,199.02000427246094,199.2949981689453,3342061
2025-05-06 19:30:00+00:00,198.41000366210938,200.1699981689453,198.3800048828125,199.72999572753906,4603113
2025-05-07 13:30:00+00:00,199.22000122070312,199.44000244140625,197.35000610351562,198.19000244140625,9871911
2025-05-07 14:30:00+00:00,194.35069274902344,199.39999389648438,193.80999755859375,199.2270050048828,11182870
2025-05-07 15:30:00+00:00,194.8699951171875,195.3699951171875,193.25,194.36000061035156,7971845
2025-05-07 16:30:00+00:00,195.3000030517578,195.77999877929688,194.5749969482422,194.85000610351562,4049885
2025-05-07 17:30:00+00:00,194.00999450683594,195.36000061035156,193.3000030517578,195.32000732421875,5113387
2025-05-07 18:30:00+00:00,194.32000732421875,195.7100067138672,193.83140563964844,193.9969940185547,4886414
2025-05-07 19:30:00+00:00,196.25,197.4698944091797,194.2899932861328,194.33999633789062,6299703
2025-05-08 13:30:00+00:00,195.82000732421875,198.1300048828125,194.67959594726562,197.74000549316406,10449699
2025-05-08 14:30:00+00:00,197.5399932861328,197.8300018310547,195.51499938964844,195.8300018310547,5629546
2025-05-08 15:30:00+00:00,199.24000549316406,200.0498046875,197.30999755859375,197.52999877929688,6698875
2025-05-08 16:30:00+00:00,199.13999938964844,199.99000549316406,199.01010131835938,199.23570251464844,3093141
2025-05-08 17:30:00+00:00,198.63999938964844,199.21200561523438,198.08999633789062,199.13999938964844,3307947
2025-05-08 18:30:00+00:00,199.55999755859375,199.68800354003906,198.4499969482422,198.63999938964844,3714346
2025-05-08 19:30:00+00:00,197.39999389648438,199.6199951171875,197.16400146484375,199.57000732421875,5279543
2025-05-09 13:30:00+00:00,198.360107421875,200.53990173339844,198.1199951171875,199.0050048828125,9737491
2025-05-09 14:30:00+00:00,198.42999267578125,199.17999267578125,197.53500366210938,198.38499450683594,4551929
2025-05-09 15:30:00+00:00,198.13499450683594,199.00999450683594,197.92999267578125,198.4199981689453,2891812
2025-05-09 16:30:00+00:00,198.13999938964844,198.4499969482422,197.60000610351562,198.1300048828125,3054224
2025-05-09 17:30:00+00:00,198.91000366210938,199.0998992919922,197.91000366210938,198.14500427246094,2470206
2025-05-09 18:30:00+00:00,198.77999877929688,199.42999267578125,198.7100067138672,198.94000244140625,2945367
2025-05-09 19:30:00+00:00,198.5399932861328,198.92990112304688,198.34010314941406,198.8000030517578,3474290
2025-05-12 13:30:00+00:00,209.16000366210938,211.26649475097656,206.75,210.97000122070312,23789646
2025-05-12 14:30:00+00:00,208.75999450683594,210.22999572753906,208.1199951171875,209.1699981689453,6318334
2025-05-12 15:30:00+00:00,208.72999572753906,208.9864959716797,208.25,208.77999877929688,3944326
2025-05-12 16:30:00+00:00,209.93499755859375,209.99000549316406,208.70919799804688,208.80990600585938,4323467
2025-05-12 17:30:00+00:00,210.77000427246094,210.9600067138672,209.93499755859375,209.94000244140625,4651025
2025-05-12 18:30:00+00:00,210.0500030517578,211.14999389648438,209.9199981689453,210.77999877929688,4909377
2025-05-12 19:30:00+00:00,210.8300018310547,210.85000610351562,209.9600067138672,210.05999755859375,5815190
2025-05-13 13:30:00+00:00,211.4499969482422,211.6656951904297,209.0800018310547,210.42999267578125,15261368
2025-05-13 14:30:00+00:00,211.38499450683594,211.8800048828125,211.0800018310547,211.44500732421875,4791824
2025-05-13 15:30:00+00:00,211.27999877929688,211.61000061035156,210.47999572753906,211.3975067138672,4186585
2025-05-13 16:30:00+00:00,211.7100067138672,211.94000244140625,210.90980529785156,211.27999877929688,3331068
2025-05-13 17:30:00+00:00,212.4600067138672,212.97000122070312,211.70989990234375,211.7100067138672,4232828
2025-05-13 18:30:00+00:00,213.22999572753906,213.39999389648438,212.0399932861328,212.47520446777344,4652431
2025-05-13 19:30:00+00:00,212.83999633789062,213.36000061035156,212.60499572753906,213.19000244140625,4596157
2025-05-14 13:30:00+00:00,213.2899932861328,213.94000244140625,211.8699951171875,212.4250030517578,12096435
2025-05-14 14:30:00+00:00,212.6199951171875,213.71640014648438,211.88980102539062,213.30499267578125,4921349
2025-05-14 15:30:00+00:00,212.2899932861328,212.8800048828125,211.99000549316406,212.6179962158203,3092741
2025-05-14 16:30:00+00:00,210.9600067138672,212.60000610351562,210.58009338378906,212.2949981689453,4235129
2025-05-14 17:30:00+00:00,211.3699951171875,211.94520568847656,210.9600067138672,210.97000122070312,3051755
2025-05-14 18:30:00+00:00,211.3594970703125,212.0500030517578,210.99000549316406,211.3800048828125,3801274
2025-05-14 19:30:00+00:00,212.41000366210938,212.60000610351562,211.24000549316406,211.33999633789062,6352084
2025-05-15 13:30:00+00:00,210.27499389648438,212.52999877929688,209.5399932861328,210.9949951171875,9925447
2025-05-15 14:30:00+00:00,212.49639892578125,212.8000030517578,210.19000244140625,210.32000732421875,5111525
2025-05-15 15:30:00+00:00,211.64169311523438,212.9600067138672,211.41009521484375,212.5,4296380
2025-05-15 16:30:00+00:00,212.12010192871094,212.27999877929688,211.2100067138672,211.6300048828125,2927204
2025-05-15 17:30:00+00:00,210.6300048828125,212.1300048828125,210.25999450683594,212.1300048828125,3649292
2025-05-15 18:30:00+00:00,210.36000061035156,211.2100067138672,210.3249969482422,210.6300048828125,3629914
2025-05-15 19:30:00+00:00,211.45799255371094,211.4600067138672,210.14999389648438,210.35000610351562,5877104
2025-05-16 13:30:00+00:00,210.60000610351562,212.57000732421875,210.55999755859375,212.32000732421875,15838181
2025-05-16 14:30:00+00:00,210.0800018310547,210.66000366210938,209.77000427246094,210.58999633789062,6777501
2025-05-16 15:30:00+00:00,210.9550018310547,211.14990234375,210.08999633789062,210.08999633789062,3654109
2025-05-16 16:30:00+00:00,211.11000061035156,211.4199981689453,210.6999969482422,210.9600067138672,3241029
2025-05-16 17:30:00+00:00,211.6199951171875,211.74000549316406,210.72999572753906,211.11000061035156,3898429
2025-05-16 18:30:00+00:00,211.72500610351562,211.92999267578125,211.42999267578125,211.6300048828125,3274956
2025-05-16 19:30:00+00:00,211.19000244140625,211.72999572753906,211.11000061035156,211.7100067138672,3920156
2025-05-19 13:30:00+00:00,206.61990356445312,208.27000427246094,204.25999450683594,208.02499389648438,15175611
2025-05-19 14:30:00+00:00,207.3300018310547,208.0399932861328,206.24000549316406,206.61000061035156,5318353
2025-05-19 15:30:00+00:00,208.48260498046875,208.5800018310547,207.27999877929688,207.32000732421875,3033717
2025-05-19 16:30:00+00:00,208.92999267578125,209.47999572753906,208.07000732421875,208.49000549316406,3363890
2025-05-19 17:30:00+00:00,208.02999877929688,209.1999969482422,207.77999877929688,208.92999267578125,3106651
2025-05-19 18:30:00+00:00,208.1273956298828,208.8000030517578,207.9600067138672,208.0500030517578,2702881
2025-05-19 19:30:00+00:00,208.75999450683594,208.92999267578125,208.10000610351562,208.1199951171875,4045825
2025-05-20 13:30:00+00:00,207.84500122070312,208.1436004638672,206.47000122070312,208.0449981689453,9911111
2025-05-20 14:30:00+00:00,207.63429260253906,208.47000122070312,207.22000122070312,207.8300018310547,3762244
2025-05-20 15:30:00+00:00,207.80999755859375,208.42999267578125,207.0500030517578,207.64999389648438,4102805
2025-05-20 16:30:00+00:00,207.3800048828125,208.01539611816406,207.11000061035156,207.80999755859375,2803301
2025-05-20 17:30:00+00:00,205.58999633789062,207.40499877929688,205.47000122070312,207.3699951171875,4199913
2025-05-20 18:30:00+00:00,206.27000427246094,206.41000366210938,205.02999877929688,205.5800018310547,4844502
2025-05-20 19:30:00+00:00,206.8699951171875,206.94000244140625,205.92999267578125,206.27000427246094,3731510
2025-05-21 13:30:00+00:00,205.80999755859375,206.7799072265625,204.05999755859375,205.1199951171875,8941675
2025-05-21 14:30:00+00:00,206.5800018310547,207.0399932861328,205.4761962890625,205.85000610351562,4273571
2025-05-21 15:30:00+00:00,205.63999938964844,206.8699951171875,205.5200958251953,206.57000732421875,3570453
2025-05-21 16:30:00+00:00,202.10000610351562,206.08999633789062,202.02000427246094,205.64999389648438,12405386
2025-05-21 17:30:00+00:00,202.3415069580078,203.34500122070312,201.75999450683594,202.08999633789062,7684596
2025-05-21 18:30:00+00:00,201.0301055908203,202.61000061035156,200.72000122070312,202.32000732421875,7028968
2025-05-21 19:30:00+00:00,202.05999755859375,202.49000549316406,201.0500030517578,201.05999755859375,6085411
2025-05-22 13:30:00+00:00,200.36000061035156,201.63999938964844,199.6999969482422,200.71499633789062,13339867
2025-05-22 14:30:00+00:00,200.9499969482422,201.36000061035156,200.35360717773438,200.3699951171875,5239551
2025-05-22 15:30:00+00:00,201.9499969482422,202.40989685058594,200.86000061035156,200.9499969482422,4473843
2025-05-22 16:30:00+00:00,201.88999938964844,202.0699005126953,201.16000366210938,201.94500732421875,3223269
2025-05-22 17:30:00+00:00,201.97000122070312,202.22000122070312,201.6699981689453,201.8800048828125,3552562
2025-05-22 18:30:00+00:00,202.61000061035156,202.72000122070312,201.64999389648438,201.9600067138672,5071372
2025-05-22 19:30:00+00:00,201.3699951171875,202.64999389648438,201.0,202.6199951171875,5705738
2025-05-23 13:30:00+00:00,197.1699981689453,197.6999969482422,193.4600067138672,193.6649932861328,27970489
2025-05-23 14:30:00+00:00,196.5850067138672,197.3699951171875,195.69000244140625,197.14999389648438,7789566
2025-05-23 15:30:00+00:00,196.05020141601562,197.1199951171875,195.71499633789062,196.58999633789062,6693085
2025-05-23 16:30:00+00:00,196.6199951171875,196.67239379882812,195.63499450683594,196.05079650878906,6093930
2025-05-23 17:30:00+00:00,195.75,196.60000610351562,195.08999633789062,196.60000610351562,7300789
2025-05-23 18:30:00+00:00,195.46240234375,195.89999389648438,195.02999877929688,195.72000122070312,6291505
2025-05-23 19:30:00+00:00,195.33999633789062,195.97000122070312,195.02999877929688,195.4600067138672,8128777
2025-05-27 13:30:00+00:00,198.35000610351562,199.1699981689453,197.42999267578125,198.3000030517578,13343197
2025-05-27 14:30:00+00:00,199.36500549316406,199.3699951171875,198.00999450683594,198.36000061035156,6877187
2025-05-27 15:30:00+00:00,199.9949951171875,200.5800018310547,199.0,199.36000061035156,6493372
2025-05-27 16:30:00+00:00,199.95989990234375,200.64999389648438,199.6699981689453,199.99000549316406,4788957
2025-05-27 17:30:00+00:00,200.3699951171875,200.74000549316406,199.80999755859375,199.9550018310547,4199118
2025-05-27 18:30:00+00:00,200.29440307617188,200.5500030517578,200.19000244140625,200.3800048828125,4344607
2025-05-27 19:30:00+00:00,200.1999969482422,200.47000122070312,199.92999267578125,200.3000030517578,6028688
2025-05-28 13:30:00+00:00,200.75,202.72999572753906,199.89999389648438,200.67999267578125,11384135
2025-05-28 14:30:00+00:00,201.0449981689453,201.30999755859375,200.2100067138672,200.74000549316406,4989502
2025-05-28 15:30:00+00:00,201.10000610351562,201.2899932861328,200.86199951171875,201.0500030517578,2681810
2025-05-28 16:30:00+00:00,201.11000061035156,201.52000427246094,200.8249969482422,201.08999633789062,2692955
2025-05-28 17:30:00+00:00,200.85000610351562,201.25,200.72999572753906,201.1199951171875,2564636
2025-05-28 18:30:00+00:00,201.12860107421875,201.52110290527344,200.32000732421875,200.83999633789062,3702217
2025-05-28 19:30:00+00:00,200.4199981689453,201.39500427246094,200.19500732421875,201.08999633789062,4638874
2025-05-29 13:30:00+00:00,201.13999938964844,203.77999877929688,200.75999450683594,203.27000427246094,13269413
2025-05-29 14:30:00+00:00,200.74000549316406,201.64999389648438,200.5500030517578,201.11000061035156,4965675
2025-05-29 15:30:00+00:00,199.4199981689453,200.8000030517578,198.50999450683594,200.74000549316406,6137020
2025-05-29 16:30:00+00:00,199.97500610351562,200.44960021972656,199.39999389648438,199.39999389648438,3935142
2025-05-29 17:30:00+00:00,199.0399932861328,200.1699981689453,199.0399932861328,199.9600067138672,3863280
2025-05-29 18:30:00+00:00,199.13929748535156,199.57000732421875,198.57000732421875,199.0399932861328,4850814
2025-05-29 19:30:00+00:00,199.9499969482422,200.2480010986328,199.0800018310547,199.125,5888522
2025-05-30 13:30:00+00:00,199.24000549316406,199.57000732421875,197.97000122070312,199.40499877929688,8945068
2025-05-30 14:30:00+00:00,199.30999755859375,199.48500061035156,198.80999755859375,199.22999572753906,3302545
2025-05-30 15:30:00+00:00,197.71499633789062,199.3699951171875,197.55039978027344,199.3000030517578,3638495
2025-05-30 16:30:00+00:00,198.0850067138672,198.1699981689453,196.77999877929688,197.72000122070312,5105841
2025-05-30 17:30:00+00:00,199.1199951171875,199.17999267578125,197.9499969482422,198.0800018310547,3188808
2025-05-30 18:30:00+00:00,200.05059814453125,200.22999572753906,198.9199981689453,199.1199951171875,4653738
2025-05-30 19:30:00+00:00,200.66000366210938,201.9499969482422,199.74009704589844,200.07000732421875,12325548
2025-06-02 13:30:00+00:00,200.52999877929688,202.1300048828125,200.1199951171875,201.625,8866907
2025-06-02 14:30:00+00:00,200.7100067138672,201.99000549316406,200.35000610351562,200.52000427246094,4886322
2025-06-02 15:30:00+00:00,201.02999877929688,201.1186981201172,200.3000030517578,200.72000122070312,3147865
2025-06-02 16:30:00+00:00,200.860107421875,201.16799926757812,200.57000732421875,201.02999877929688,2227466
2025-06-02 17:30:00+00:00,201.45399475097656,201.52999877929688,200.58009338378906,200.86000061035156,2804759
2025-06-02 18:30:00+00:00,201.66000366210938,201.7799072265625,201.13999938964844,201.4499969482422,2805599
2025-06-02 19:30:00+00:00,201.8000030517578,201.80990600585938,201.3000030517578,201.64999389648438,3972829
2025-06-03 13:30:00+00:00,201.74000549316406,203.24000549316406,200.9550018310547,202.13499450683594,10305758
2025-06-03 14:30:00+00:00,202.5,202.69000244140625,201.52020263671875,201.74000549316406,4748287
2025-06-03 15:30:00+00:00,203.05499267578125,203.33999633789062,202.05999755859375,202.52000427246094,4217975
2025-06-03 16:30:00+00:00,203.31460571289062,203.74000549316406,202.72000122070312,203.05999755859375,3820571
2025-06-03 17:30:00+00:00,203.09170532226562,203.77000427246094,202.5,203.3350067138672,3339508
2025-06-03 18:30:00+00:00,203.17999267578125,203.4398956298828,202.99000549316406,203.0800018310547,2991230
2025-06-03 19:30:00+00:00,203.33999633789062,203.4698944091797,202.97999572753906,203.17999267578125,4035108
2025-06-04 13:30:00+00:00,205.13999938964844,206.24000549316406,202.6508026123047,203.4499969482422,12614073
2025-06-04 14:30:00+00:00,204.08999633789062,205.17999267578125,203.99009704589844,205.1199951171875,4439145
2025-06-04 15:30:00+00:00,202.8300018310547,204.60000610351562,202.14999389648438,204.08999633789062,7130175
2025-06-04 16:30:00+00:00,203.4149932861328,203.58999633789062,202.61500549316406,202.82000732421875,2639222
2025-06-04 17:30:00+00:00,203.1199951171875,203.47000122070312,202.85000610351562,203.41200256347656,2609590
2025-06-04 18:30:00+00:00,203.19000244140625,203.25,202.75999450683594,203.11000061035156,3114173
2025-06-04 19:30:00+00:00,202.88699340820312,203.44769287109375,202.75999450683594,203.19000244140625,3543324
2025-06-05 13:30:00+00:00,202.4499969482422,203.83999633789062,201.27000427246094,203.59500122070312,9756368
2025-06-05 14:30:00+00:00,204.54379272460938,204.58999633789062,201.6772003173828,202.4499969482422,6631520
2025-06-05 15:30:00+00:00,203.13999938964844,204.75,202.47999572753906,204.53500366210938,4785035
2025-06-05 16:30:00+00:00,202.60009765625,203.25,201.5500030517578,203.13999938964844,3948935
2025-06-05 17:30:00+00:00,202.2104034423828,202.89999389648438,201.14999389648438,202.60000610351562,3145886
2025-06-05 18:30:00+00:00,200.72999572753906,202.72000122070312,200.1999969482422,202.2100067138672,4825395
2025-06-05 19:30:00+00:00,200.5500030517578,201.77000427246094,200.15960693359375,200.74000549316406,6191418
2025-06-06 13:30:00+00:00,203.66000366210938,205.6999969482422,202.98309326171875,202.9949951171875,11106322
2025-06-06 14:30:00+00:00,203.0399932861328,204.05999755859375,202.860107421875,203.5399932861328,5013154
2025-06-06 15:30:00+00:00,202.625,203.60000610351562,202.61000061035156,203.02000427246094,3205114
2025-06-06 16:30:00+00:00,203.58999633789062,203.77999877929688,202.0500030517578,202.66220092773438,4406812
2025-06-06 17:30:00+00:00,204.98500061035156,205.2100067138672,203.58999633789062,203.60000610351562,4157003
2025-06-06 18:30:00+00:00,204.6999969482422,205.47000122070312,204.68499755859375,204.99000549316406,4253859
2025-06-06 19:30:00+00:00,203.92999267578125,205.22000122070312,203.89500427246094,204.69000244140625,5842274
2025-06-09 13:30:00+00:00,205.32000732421875,206.0,203.97999572753906,204.39999389648438,10204602
2025-06-09 14:30:00+00:00,204.52999877929688,205.74000549316406,204.50999450683594,205.3000030517578,4646532
2025-06-09 15:30:00+00:00,203.92880249023438,204.91000366210938,203.72999572753906,204.5301055908203,4660532
2025-06-09 16:30:00+00:00,200.72000122070312,205.29989624023438,200.02000427246094,203.92999267578125,14949524
2025-06-09 17:30:00+00:00,201.4600067138672,202.66769409179688,200.02999877929688,200.7100067138672,13053525
2025-06-09 18:30:00+00:00,201.25,201.6999969482422,200.6300048828125,201.42999267578125,8620350
2025-06-09 19:30:00+00:00,201.44000244140625,202.35499572753906,200.88999938964844,201.2100067138672,7398849
2025-06-10 13:30:00+00:00,202.8699951171875,203.35690307617188,200.57000732421875,200.60000610351562,13200692
2025-06-10 14:30:00+00:00,203.31500244140625,204.35000610351562,202.72999572753906,202.86000061035156,6624997
2025-06-10 15:30:00+00:00,202.53880310058594,203.32000732421875,202.3000946044922,203.32000732421875,4294134
2025-06-10 16:30:00+00:00,201.75999450683594,202.76300048828125,201.75,202.52999877929688,4163222
2025-06-10 17:30:00+00:00,201.6999969482422,202.10000610351562,201.30999755859375,201.77499389648438,5126577
2025-06-10 18:30:00+00:00,202.82000732421875,203.22500610351562,201.60000610351562,201.69000244140625,4955808
2025-06-10 19:30:00+00:00,202.75,202.97500610351562,202.3300018310547,202.82110595703125,4081286
2025-06-11 13:30:00+00:00,202.76010131835938,204.5,202.3300018310547,203.47000122070312,10386969
2025-06-11 14:30:00+00:00,200.94000244140625,202.77000427246094,200.91000366210938,202.75999450683594,7233304
2025-06-11 15:30:00+00:00,200.2071075439453,201.1699981689453,199.65960693359375,200.89500427246094,10232286
2025-06-11 16:30:00+00:00,200.91000366210938,201.2364959716797,200.18499755859375,200.19070434570312,5829259
2025-06-11 17:30:00+00:00,199.23919677734375,200.98500061035156,198.7100067138672,200.90499877929688,6328313
2025-06-11 18:30:00+00:00,198.97999572753906,199.60000610351562,198.6199951171875,199.22000122070312,6509313
2025-06-11 19:30:00+00:00,198.85000610351562,199.125,198.41000366210938,198.9499969482422,6085149
2025-06-12 13:30:00+00:00,198.0666961669922,199.38999938964844,197.360107421875,199.0800018310547,10588317
2025-06-12 14:30:00+00:00,198.14999389648438,198.9250030517578,197.86270141601562,198.0800018310547,5324558
2025-06-12 15:30:00+00:00,198.58999633789062,198.63999938964844,197.7550048828125,198.13369750976562,3767271
2025-06-12 16:30:00+00:00,199.25999450683594,199.44000244140625,198.2100067138672,198.5800018310547,4180542
2025-06-12 17:30:00+00:00,198.75,199.67990112304688,198.6696014404297,199.25999450683594,3327745
2025-06-12 18:30:00+00:00,198.88499450683594,199.0500030517578,198.5449981689453,198.75999450683594,3064478
2025-06-12 19:30:00+00:00,199.1999969482422,199.1999969482422,198.39999389648438,198.8800048828125,3810648
2025-06-13 13:30:00+00:00,196.15499877929688,200.3699951171875,195.91000366210938,199.50999450683594,14838318
2025-06-13 14:30:00+00:00,197.50999450683594,197.63999938964844,195.97999572753906,196.13999938964844,5870070
2025-06-13 15:30:00+00:00,197.27000427246094,198.04750061035156,197.2100067138672,197.52000427246094,4078021
2025-06-13 16:30:00+00:00,197.27000427246094,197.57000732421875,196.9199981689453,197.2899932861328,3611125
2025-06-13 17:30:00+00:00,196.2779998779297,197.7100067138672,196.22000122070312,197.25,4012087
2025-06-13 18:30:00+00:00,196.22000122070312,196.63999938964844,195.80999755859375,196.25999450683594,5166232
2025-06-13 19:30:00+00:00,196.4499969482422,196.69000244140625,195.77000427246094,196.24000549316406,5657582
2025-06-16 13:30:00+00:00,198.42999267578125,198.68499755859375,196.5635986328125,197.2899932861328,10592906
2025-06-16 14:30:00+00:00,197.31500244140625,198.66000366210938,197.1649932861328,198.43499755859375,5091014
2025-06-16 15:30:00+00:00,197.0800018310547,197.6300048828125,196.875,197.30999755859375,4269679
2025-06-16 16:30:00+00:00,197.875,197.9550018310547,197.02000427246094,197.10000610351562,2678380
2025-06-16 17:30:00+00:00,197.9886932373047,198.19000244140625,197.77000427246094,197.88499450683594,3200825
2025-06-16 18:30:00+00:00,198.2449951171875,198.39999389648438,197.66000366210938,197.99000549316406,3569146
2025-06-16 19:30:00+00:00,198.3699951171875,198.49000549316406,197.92999267578125,198.2449951171875,4718967
2025-06-17 13:30:00+00:00,197.5800018310547,197.92999267578125,196.2550048828125,197.25,7902396
2025-06-17 14:30:00+00:00,197.5800018310547,197.7899932861328,197.3249969482422,197.58299255371094,3367583
2025-06-17 15:30:00+00:00,197.61500549316406,198.38890075683594,197.4600067138672,197.58999633789062,3514424
2025-06-17 16:30:00+00:00,196.52000427246094,197.845703125,196.46499633789062,197.61000061035156,4473741
2025-06-17 17:30:00+00:00,195.4600067138672,196.82000732421875,195.2100067138672,196.50999450683594,4011630
2025-06-17 18:30:00+00:00,195.83999633789062,195.94000244140625,195.42030334472656,195.47999572753906,3616427
2025-06-17 19:30:00+00:00,195.63999938964844,195.88499450683594,195.4409942626953,195.85000610351562,4321581
2025-06-18 13:30:00+00:00,197.06019592285156,197.50999450683594,195.07000732421875,195.9199981689453,8663131
2025-06-18 14:30:00+00:00,196.94000244140625,197.57000732421875,196.63499450683594,197.11000061035156,3977500
2025-06-18 15:30:00+00:00,196.9508056640625,197.22999572753906,196.50030517578125,196.85000610351562,2676891
2025-06-18 16:30:00+00:00,196.05999755859375,197.02000427246094,196.0500030517578,196.94000244140625,2527979
2025-06-18 17:30:00+00:00,195.91000366210938,196.97999572753906,195.6300048828125,196.07000732421875,3683814
2025-06-18 18:30:00+00:00,195.63999938964844,196.4499969482422,195.11000061035156,195.9199981689453,5009904
2025-06-18 19:30:00+00:00,196.25,197.11000061035156,195.46600341796875,195.6300048828125,7662210
2025-06-20 13:30:00+00:00,198.67999267578125,200.94000244140625,197.52999877929688,198.23500061035156,26036367
2025-06-20 14:30:00+00:00,197.6699981689453,198.69000244140625,196.85960388183594,198.69000244140625,6560590
2025-06-20 15:30:00+00:00,198.49000549316406,198.86000061035156,197.6999969482422,197.7100067138672,4287672
2025-06-20 16:30:00+00:00,198.32000732421875,199.3699951171875,198.27000427246094,198.49000549316406,4286863
2025-06-20 17:30:00+00:00,199.80999755859375,200.19000244140625,198.07000732421875,198.32000732421875,5317209
2025-06-20 18:30:00+00:00,199.92999267578125,200.33670043945312,199.60009765625,199.82000732421875,7927637
2025-06-20 19:30:00+00:00,200.94000244140625,201.6999969482422,199.77000427246094,199.9199981689453,10755124
2025-06-23 13:30:00+00:00,201.37179565429688,202.3000030517578,199.94000244140625,201.53199768066406,12829209
2025-06-23 14:30:00+00:00,200.52999877929688,201.58999633789062,200.22500610351562,201.3800048828125,5321162
2025-06-23 15:30:00+00:00,200.1396026611328,200.52000427246094,199.50999450683594,200.3300018310547,4993482
2025-06-23 16:30:00+00:00,201.43899536132812,201.52000427246094,198.9600067138672,200.13999938964844,4894801
2025-06-23 17:30:00+00:00,201.69000244140625,202.24000549316406,201.0800018310547,201.4600067138672,6635454
2025-06-23 18:30:00+00:00,201.36019897460938,201.8968048095703,201.0507049560547,201.6699981689453,4184558
2025-06-23 19:30:00+00:00,201.5500030517578,201.83999633789062,201.13499450683594,201.35000610351562,3965279
2025-06-24 13:30:00+00:00,200.9822998046875,202.6699981689453,200.1999969482422,201.60000610351562,12508328
2025-06-24 14:30:00+00:00,201.3800048828125,201.5800018310547,200.7404022216797,200.99000549316406,4685578
2025-06-24 15:30:00+00:00,202.4499969482422,202.56500244140625,201.24000549316406,201.4600067138672,4724128
2025-06-24 16:30:00+00:00,201.9600067138672,203.44000244140625,201.94000244140625,202.45150756835938,6930517
2025-06-24 17:30:00+00:00,201.57000732421875,202.3300018310547,201.30999755859375,201.9600067138672,4599071
2025-06-24 18:30:00+00:00,201.52999877929688,202.01499938964844,201.30499267578125,201.5800018310547,5015277
2025-06-24 19:30:00+00:00,200.2899932861328,201.5998992919922,200.27000427246094,201.53500366210938,7488205
2025-06-25 13:30:00+00:00,202.44000244140625,203.66000366210938,201.1999969482422,201.4199981689453,10894360
2025-06-25 14:30:00+00:00,202.10000610351562,203.1750030517578,201.99000549316406,202.44000244140625,5914874
2025-06-25 15:30:00+00:00,201.8699951171875,202.1699981689453,201.39999389648438,202.10499572753906,3571019
2025-06-25 16:30:00+00:00,201.13999938964844,202.17970275878906,201.08999633789062,201.8800048828125,2830902
2025-06-25 17:30:00+00:00,201.01539611816406,201.27999877929688,200.62010192871094,201.13999938964844,3158873
2025-06-25 18:30:00+00:00,201.15980529785156,201.5,200.9499969482422,201.02000427246094,3073812
2025-06-25 19:30:00+00:00,201.60000610351562,201.6199951171875,200.88499450683594,201.13999938964844,4058748
2025-06-26 13:30:00+00:00,199.75,202.61500549316406,199.64999389648438,202.35000610351562,11861101
2025-06-26 14:30:00+00:00,199.69000244140625,200.50999450683594,199.6199951171875,199.74000549316406,6026822
2025-06-26 15:30:00+00:00,200.122802734375,200.7899932861328,199.4600067138672,199.7100067138672,4778323
2025-06-26 16:30:00+00:00,200.24000549316406,200.27000427246094,199.63499450683594,200.13780212402344,4568502
2025-06-26 17:30:00+00:00,200.97999572753906,201.36000061035156,199.97500610351562,200.25,5027751
2025-06-26 18:30:00+00:00,201.1750030517578,201.17869567871094,200.75,200.99000549316406,3971689
2025-06-26 19:30:00+00:00,200.94000244140625,201.55999755859375,200.7899932861328,201.17520141601562,5945620
2025-06-27 13:30:00+00:00,201.58009338378906,203.22000122070312,201.25999450683594,201.89500427246094,11392916
2025-06-27 14:30:00+00:00,201.38180541992188,201.9501953125,200.85499572753906,201.58999633789062,6069609
2025-06-27 15:30:00+00:00,201.99000549316406,202.0500030517578,201.38999938964844,201.39999389648438,4142671
2025-06-27 16:30:00+00:00,202.0800018310547,202.6999969482422,201.72999572753906,201.99000549316406,4499910
2025-06-27 17:30:00+00:00,201.44000244140625,202.11000061035156,200.92999267578125,202.0800018310547,5147746
2025-06-27 18:30:00+00:00,201.125,201.52000427246094,200.7899932861328,201.4499969482422,5338193
2025-06-27 19:30:00+00:00,201.10000610351562,201.27000427246094,200.22000122070312,201.1300048828125,6326536
2025-06-30 13:30:00+00:00,201.00990295410156,202.19000244140625,200.35240173339844,202.00999450683594,9942898
2025-06-30 14:30:00+00:00,199.97000122070312,201.32000732421875,199.59010314941406,201.0050048828125,7348749
2025-06-30 15:30:00+00:00,200.3249969482422,200.4199981689453,199.8000030517578,199.98919677734375,4709275
2025-06-30 16:30:00+00:00,200.15499877929688,200.47999572753906,199.84500122070312,200.30999755859375,4227066
2025-06-30 17:30:00+00:00,200.69500732421875,200.8300018310547,199.89999389648438,200.15499877929688,3674697
2025-06-30 18:30:00+00:00,206.58560180664062,207.08999633789062,199.2606964111328,200.69509887695312,26910135
2025-06-30 19:30:00+00:00,205.1199951171875,207.38999938964844,205.0500030517578,206.5500030517578,13956446
2025-07-01 13:30:00+00:00,209.54010009765625,209.8300018310547,206.14010620117188,206.6649932861328,26727051
2025-07-01 14:30:00+00:00,207.9499969482422,210.18649291992188,207.47000122070312,209.5500946044922,15475523
2025-07-01 15:30:00+00:00,207.875,208.18499755859375,206.7899932861328,207.9600067138672,7412772
2025-07-01 16:30:00+00:00,208.1103057861328,208.52999877929688,207.10000610351562,207.8699951171875,6007346
2025-07-01 17:30:00+00:00,208.2100067138672,208.4199981689453,207.61000061035156,208.1199951171875,4747947
2025-07-01 18:30:00+00:00,208.19000244140625,208.42990112304688,207.375,208.2100067138672,5033918
2025-07-01 19:30:00+00:00,207.86000061035156,208.22999572753906,207.51499938964844,208.18499755859375,5286012
2025-07-02 13:30:00+00:00,212.3000030517578,213.33999633789062,208.2760009765625,209.0800018310547,24809075
2025-07-02 14:30:00+00:00,211.47500610351562,212.85000610351562,211.4199981689453,212.27999877929688,8338925
2025-07-02 15:30:00+00:00,210.92030334472656,212.00999450683594,210.86000061035156,211.49000549316406,6059046
2025-07-02 16:30:00+00:00,210.81809997558594,211.3300018310547,210.22000122070312,210.9199981689453,5032781
2025-07-02 17:30:00+00:00,211.58999633789062,211.77000427246094,210.74000549316406,210.80999755859375,3704293
2025-07-02 18:30:00+00:00,211.88999938964844,212.9600067138672,211.3699951171875,211.5749969482422,7090087
2025-07-02 19:30:00+00:00,212.41000366210938,212.75,211.9499969482422,212.0500030517578,6193408
2025-07-03 13:30:00+00:00,213.73500061035156,213.85989379882812,211.8101043701172,212.14500427246094,11914855
2025-07-03 14:30:00+00:00,213.8800048828125,214.4600067138672,213.0399932861328,213.74000549316406,8989319
2025-07-03 15:30:00+00:00,214.10000610351562,214.64999389648438,213.6699981689453,213.889892578125,5268462
2025-07-07 13:30:00+00:00,212.36000061035156,216.22999572753906,211.80999755859375,212.67999267578125,13506133
2025-07-07 14:30:00+00:00,212.0399932861328,212.60000610351562,211.60000610351562,212.3699951171875,4497654
2025-07-07 15:30:00+00:00,210.8365020751953,212.1999969482422,210.3800048828125,212.1199951171875,4843940
2025-07-07 16:30:00+00:00,209.67039489746094,211.16990661621094,209.52000427246094,210.83900451660156,5039814
2025-07-07 17:30:00+00:00,208.94039916992188,210.5,208.91000366210938,209.6699981689453,4210639
2025-07-07 18:30:00+00:00,209.4499969482422,210.07000732421875,208.8000030517578,208.94000244140625,4388321
2025-07-07 19:30:00+00:00,209.94000244140625,210.25,209.19000244140625,209.4600067138672,4768433
2025-07-08 13:30:00+00:00,209.27999877929688,210.49000549316406,208.4499969482422,210.1300048828125,9381795
2025-07-08 14:30:00+00:00,209.87069702148438,211.42999267578125,209.25999450683594,209.28500366210938,5854284
2025-07-08 15:30:00+00:00,210.8300018310547,211.18499755859375,209.77999877929688,209.8800048828125,3759768
2025-07-08 16:30:00+00:00,209.8350067138672,210.88999938964844,209.5,210.83999633789062,3725509
2025-07-08 17:30:00+00:00,209.94500732421875,210.25999450683594,209.32000732421875,209.83999633789062,2881574
2025-07-08 18:30:00+00:00,209.60499572753906,210.0449981689453,209.40499877929688,209.9499969482422,2636682
2025-07-08 19:30:00+00:00,210.03500366210938,210.33999633789062,209.3000030517578,209.58999633789062,5121140
2025-07-09 13:30:00+00:00,209.91000366210938,210.89999389648438,209.35000610351562,209.52999877929688,8992949
2025-07-09 14:30:00+00:00,207.80499267578125,209.89999389648438,207.22000122070312,209.88999938964844,8309318
2025-07-09 15:30:00+00:00,207.8000030517578,208.22000122070312,207.26589965820312,207.80999755859375,4676493
2025-07-09 16:30:00+00:00,208.9156036376953,209.0449981689453,207.57139587402344,207.81039428710938,3964765
2025-07-09 17:30:00+00:00,209.7324981689453,209.97999572753906,208.72000122070312,208.9149932861328,4016622
2025-07-09 18:30:00+00:00,209.88999938964844,210.19000244140625,209.6199951171875,209.7449951171875,3710492
2025-07-09 19:30:00+00:00,211.11000061035156,211.3300018310547,209.72999572753906,209.8800048828125,6191235
2025-07-10 13:30:00+00:00,212.00999450683594,212.29989624023438,210.1199951171875,210.5050048828125,9591288
2025-07-10 14:30:00+00:00,212.97999572753906,213.47999572753906,211.89999389648438,212.02999877929688,8759012
2025-07-10 15:30:00+00:00,212.0800018310547,213.17999267578125,211.8300018310547,212.99000549316406,4598153
2025-07-10 16:30:00+00:00,212.6199951171875,212.77999877929688,211.85000610351562,212.07000732421875,3384939
2025-07-10 17:30:00+00:00,212.60000610351562,213.16000366210938,212.30999755859375,212.61000061035156,3025386
2025-07-10 18:30:00+00:00,212.5749969482422,213.4499969482422,212.57000732421875,212.5948944091797,3341074
2025-07-10 19:30:00+00:00,212.4199981689453,213.02000427246094,212.08999633789062,212.5800018310547,4470431
2025-07-11 13:30:00+00:00,211.7899932861328,212.1300048828125,209.86000061035156,210.56500244140625,8592173
2025-07-11 14:30:00+00:00,210.8249969482422,211.7899932861328,210.47999572753906,211.7899932861328,4031708
2025-07-11 15:30:00+00:00,210.63499450683594,211.2100067138672,210.46499633789062,210.8300018310547,3418923
2025-07-11 16:30:00+00:00,211.1649932861328,211.2899932861328,210.4499969482422,210.6199951171875,2805663
2025-07-11 17:30:00+00:00,211.40499877929688,211.65980529785156,210.97999572753906,211.15499877929688,2380669
2025-07-11 18:30:00+00:00,211.16000366210938,211.51699829101562,210.6199951171875,211.41000366210938,2371782
2025-07-11 19:30:00+00:00,211.0749969482422,211.39999389648438,211.029296875,211.1300048828125,4157903
2025-07-14 13:30:00+00:00,208.02999877929688,210.91000366210938,207.5399932861328,209.90899658203125,11410322
2025-07-14 14:30:00+00:00,208.76499938964844,208.89169311523438,207.8249969482422,208.02999877929688,4099030
2025-07-14 15:30:00+00:00,208.8406982421875,209.17999267578125,208.55999755859375,208.77000427246094,3442253
2025-07-14 16:30:00+00:00,209.0,209.3300018310547,208.76019287109375,208.85000610351562,2496708
2025-07-14 17:30:00+00:00,209.0,209.4499969482422,208.96080017089844,209.0133056640625,2387557
2025-07-14 18:30:00+00:00,209.1999053955078,209.4073028564453,208.87010192871094,209.0,3211653
2025-07-14 19:30:00+00:00,208.5399932861328,209.19000244140625,208.52000427246094,209.1699981689453,4180894
2025-07-15 13:30:00+00:00,210.1699981689453,211.1300048828125,208.9199981689453,209.14999389648438,9804649
2025-07-15 14:30:00+00:00,211.42999267578125,211.42999267578125,209.19769287109375,210.13999938964844,5300718
2025-07-15 15:30:00+00:00,210.67999267578125,211.88999938964844,210.36000061035156,211.42999267578125,4617922
2025-07-15 16:30:00+00:00,210.67269897460938,211.07000732421875,210.3800048828125,210.69500732421875,2111068
2025-07-15 17:30:00+00:00,211.375,211.6699981689453,210.66000366210938,210.68499755859375,2756121
2025-07-15 18:30:00+00:00,210.17999267578125,211.47999572753906,209.9600067138672,211.38890075683594,3943223
2025-07-15 19:30:00+00:00,209.00999450683594,210.2899932861328,208.99000549316406,210.2030029296875,3872873
2025-07-16 13:30:00+00:00,212.0850067138672,212.39999389648438,209.91050720214844,210.2899932861328,11863740
2025-07-16 14:30:00+00:00,210.1199951171875,212.1844940185547,209.2899932861328,212.11000061035156,6716190
2025-07-16 15:30:00+00:00,209.58999633789062,210.5,208.63999938964844,210.1488037109375,5283557
2025-07-16 16:30:00+00:00,210.35000610351562,210.947998046875,209.3699951171875,209.60000610351562,2958239
2025-07-16 17:30:00+00:00,210.0384979248047,210.63189697265625,209.87100219726562,210.33999633789062,2325549
2025-07-16 18:30:00+00:00,210.3249969482422,210.58509826660156,210.0399932861328,210.0399932861328,2064165
2025-07-16 19:30:00+00:00,210.22000122070312,210.6365966796875,209.97000122070312,210.32000732421875,4310071
2025-07-17 13:30:00+00:00,209.9499969482422,211.00999450683594,209.58999633789062,210.625,9963627
2025-07-17 14:30:00+00:00,210.44000244140625,210.8300018310547,209.77000427246094,209.94000244140625,4483480
2025-07-17 15:30:00+00:00,211.38999938964844,211.4499969482422,210.10499572753906,210.4499969482422,5714933
2025-07-17 16:30:00+00:00,210.9550018310547,211.50999450683594,210.7899932861328,211.38890075683594,3852173
2025-07-17 17:30:00+00:00,211.27999877929688,211.8000030517578,210.9001007080078,210.9499969482422,5287499
2025-07-17 18:30:00+00:00,210.9949951171875,211.27999877929688,210.77999877929688,211.27999877929688,4445454
2025-07-17 19:30:00+00:00,210.06100463867188,211.0500030517578,209.74000549316406,210.99989318847656,7016080
2025-07-18 13:30:00+00:00,209.9542999267578,211.00999450683594,209.70449829101562,210.7550048828125,15729684
2025-07-18 14:30:00+00:00,210.85000610351562,211.00999450683594,209.77000427246094,209.9600067138672,4957360
2025-07-18 15:30:00+00:00,211.00999450683594,211.1300048828125,210.67999267578125,210.85499572753906,3993353
2025-07-18 16:30:00+00:00,211.19000244140625,211.7899932861328,210.8800048828125,211.02000427246094,3840387
2025-07-18 17:30:00+00:00,210.93499755859375,211.5399932861328,210.75999450683594,211.17999267578125,3054294
2025-07-18 18:30:00+00:00,210.9499969482422,211.19500732421875,210.7899932861328,210.92999267578125,2639727
2025-07-18 19:30:00+00:00,211.22000122070312,211.34500122070312,210.8300018310547,210.94000244140625,4433304
2025-07-21 13:30:00+00:00,214.64500427246094,215.77999877929688,211.64089965820312,212.0500030517578,19931497
2025-07-21 14:30:00+00:00,213.47000122070312,214.7100067138672,212.8699951171875,214.63999938964844,7487806
2025-07-21 15:30:00+00:00,213.31959533691406,213.7100067138672,213.16000366210938,213.4600067138672,3139375
2025-07-21 16:30:00+00:00,213.67999267578125,213.86000061035156,213.13999938964844,213.31500244140625,2907043
2025-07-21 17:30:00+00:00,213.25999450683594,213.7100067138672,212.50999450683594,213.66000366210938,4055325
2025-07-21 18:30:00+00:00,212.5800018310547,213.42999267578125,212.50999450683594,213.268798828125,2890224
2025-07-21 19:30:00+00:00,212.5399932861328,212.71859741210938,212.07000732421875,212.5800018310547,3808451
2025-07-22 13:30:00+00:00,213.2655029296875,214.02999877929688,212.2301025390625,213.23500061035156,12377510
2025-07-22 14:30:00+00:00,213.477294921875,213.69000244140625,212.72000122070312,213.25999450683594,4721399
2025-07-22 15:30:00+00:00,213.27999877929688,213.82000732421875,212.75999450683594,213.47000122070312,5611485
2025-07-22 16:30:00+00:00,214.41119384765625,214.47999572753906,212.83999633789062,213.24000549316406,4068346
2025-07-22 17:30:00+00:00,213.7100067138672,214.42340087890625,213.44000244140625,214.39999389648438,3620984
2025-07-22 18:30:00+00:00,214.18499755859375,214.41990661621094,213.7100067138672,213.7100067138672,3749973
2025-07-22 19:30:00+00:00,214.38999938964844,214.64500427246094,213.92999267578125,214.17999267578125,4788294
2025-07-23 13:30:00+00:00,212.9351043701172,215.10000610351562,212.41000366210938,215.0449981689453,13479209
2025-07-23 14:30:00+00:00,213.14999389648438,213.1699981689453,212.5,212.9499053955078,4588657
2025-07-23 15:30:00+00:00,213.5,213.80999755859375,212.64999389648438,213.14999389648438,4465099
2025-07-23 16:30:00+00:00,214.125,214.22850036621094,213.36000061035156,213.5,2552446
2025-07-23 17:30:00+00:00,214.40499877929688,214.63499450683594,214.07000732421875,214.1199951171875,4350901
2025-07-23 18:30:00+00:00,214.13999938964844,214.69500732421875,213.94000244140625,214.40499877929688,3541364
2025-07-23 19:30:00+00:00,214.30999755859375,214.30999755859375,213.61000061035156,214.14500427246094,4190088
2025-07-24 13:30:00+00:00,214.4600067138672,215.69000244140625,213.52999877929688,214.05999755859375,11740713
2025-07-24 14:30:00+00:00,215.25999450683594,215.35000610351562,214.05960083007812,214.4499969482422,6108820
2025-07-24 15:30:00+00:00,214.33999633789062,215.49000549316406,214.1999969482422,215.2615966796875,4945138
2025-07-24 16:30:00+00:00,214.7899932861328,215.1999969482422,214.27999877929688,214.33999633789062,2987772
2025-07-24 17:30:00+00:00,214.73500061035156,215.1999969482422,214.55999755859375,214.7899932861328,2538966
2025-07-24 18:30:00+00:00,214.80999755859375,215.02000427246094,214.3300018310547,214.73890686035156,3138944
2025-07-24 19:30:00+00:00,213.75999450683594,214.94000244140625,213.72000122070312,214.81100463867188,5843431
2025-07-25 13:30:00+00:00,214.58529663085938,214.86000061035156,213.74000549316406,214.6999969482422,10049767
2025-07-25 14:30:00+00:00,214.50999450683594,215.24000549316406,214.2100067138672,214.58999633789062,5133351
2025-07-25 15:30:00+00:00,214.3896026611328,214.63999938964844,214.0500030517578,214.5850067138672,5205668
2025-07-25 16:30:00+00:00,214.1699981689453,214.58999633789062,214.0399932861328,214.38999938964844,2636543
2025-07-25 17:30:00+00:00,213.88999938964844,214.50999450683594,213.82000732421875,214.17039489746094,3060915
2025-07-25 18:30:00+00:00,213.5,214.00999450683594,213.39999389648438,213.91000366210938,2957957
2025-07-25 19:30:00+00:00,213.9600067138672,214.0,213.49000549316406,213.5050048828125,4400863
2025-07-28 13:30:00+00:00,214.52000427246094,214.74000549316406,213.5800018310547,214.02999877929688,7838862
2025-07-28 14:30:00+00:00,214.43499755859375,214.84500122070312,214.12229919433594,214.53500366210938,3872401
2025-07-28 15:30:00+00:00,214.5399932861328,214.75,214.2899932861328,214.44000244140625,2571343
2025-07-28 16:30:00+00:00,213.64500427246094,214.5749969482422,213.4149932861328,214.53500366210938,3975039
2025-07-28 17:30:00+00:00,213.8000030517578,214.02000427246094,213.6199951171875,213.63499450683594,2392173
2025-07-28 18:30:00+00:00,213.42999267578125,213.8300018310547,213.05999755859375,213.82000732421875,4397176
2025-07-28 19:30:00+00:00,214.0399932861328,214.0500030517578,213.32000732421875,213.4199981689453,3976187
2025-07-29 13:30:00+00:00,213.0500030517578,214.80999755859375,211.50999450683594,214.16000366210938,11789728
2025-07-29 14:30:00+00:00,211.89999389648438,213.24830627441406,211.88999938964844,213.0399932861328,5404192
2025-07-29 15:30:00+00:00,212.0,212.92999267578125,211.6999969482422,211.88099670410156,4842502
2025-07-29 16:30:00+00:00,212.1999969482422,212.38999938964844,210.8249969482422,211.99000549316406,4558639
2025-07-29 17:30:00+00:00,211.9600067138672,212.38999938964844,211.81500244140625,212.2100067138672,3024877
2025-07-29 18:30:00+00:00,211.88999938964844,212.44000244140625,211.60000610351562,211.96499633789062,3376083
2025-07-29 19:30:00+00:00,211.35000610351562,211.91000366210938,211.05450439453125,211.88999938964844,4836491
2025-07-30 13:30:00+00:00,210.61000061035156,212.38999938964844,210.02000427246094,211.89500427246094,7424119
2025-07-30 14:30:00+00:00,209.71499633789062,210.72000122070312,209.6199951171875,210.6199951171875,3733727
2025-07-30 15:30:00+00:00,210.1199951171875,210.4199981689453,209.57000732421875,209.72000122070312,2767617
2025-07-30 16:30:00+00:00,209.75650024414062,210.1699981689453,209.32000732421875,210.11000061035156,2841873
2025-07-30 17:30:00+00:00,209.85499572753906,210.14990234375,209.47999572753906,209.75,3212089
2025-07-30 18:30:00+00:00,208.52000427246094,210.13999938964844,207.72000122070312,209.85499572753906,5902392
2025-07-30 19:30:00+00:00,209.02000427246094,209.10989379882812,208.1300048828125,208.50999450683594,4190797
2025-07-31 13:30:00+00:00,208.8424072265625,209.68150329589844,207.8249969482422,208.3800048828125,11337524
2025-07-31 14:30:00+00:00,208.28280639648438,209.5500030517578,208.07000732421875,208.86000061035156,6709067
2025-07-31 15:30:00+00:00,208.95449829101562,209.0,208.1699981689453,208.27000427246094,4492059
2025-07-31 16:30:00+00:00,208.6649932861328,209.83999633789062,208.5,208.9499969482422,5149802
2025-07-31 17:30:00+00:00,208.61000061035156,208.9199981689453,207.58999633789062,208.6649932861328,5001721
2025-07-31 18:30:00+00:00,208.5699005126953,209.38429260253906,208.49000549316406,208.61000061035156,6029902
2025-07-31 19:30:00+00:00,207.61000061035156,208.85000610351562,207.16000366210938,208.57000732421875,8246453
2025-08-01 13:30:00+00:00,205.36000061035156,213.5800018310547,204.3699951171875,210.83999633789062,29330279
2025-08-01 14:30:00+00:00,203.44000244140625,205.72999572753906,203.07000732421875,205.3300018310547,11748154
2025-08-01 15:30:00+00:00,202.75,204.58999633789062,202.64999389648438,203.4199981689453,9260890
2025-08-01 16:30:00+00:00,201.9824981689453,203.2895050048828,201.5,202.75999450683594,8501358
2025-08-01 17:30:00+00:00,203.5500030517578,203.72999572753906,201.63009643554688,201.9801025390625,8026633
2025-08-01 18:30:00+00:00,203.19000244140625,204.32119750976562,202.89999389648438,203.5500030517578,7684390
2025-08-01 19:30:00+00:00,202.27000427246094,203.24000549316406,202.1699981689453,203.17999267578125,8416967
2025-08-04 13:30:00+00:00,206.75999450683594,206.83999633789062,204.19500732421875,204.5050048828125,13367550
2025-08-04 14:30:00+00:00,205.77000427246094,207.8800048828125,205.74000549316406,206.75999450683594,8818623
2025-08-04 15:30:00+00:00,203.93499755859375,205.8800048828125,203.92999267578125,205.75999450683594,5759426
2025-08-04 16:30:00+00:00,204.14999389648438,204.47999572753906,203.86500549316406,203.94000244140625,5046794
2025-08-04 17:30:00+00:00,203.42999267578125,204.22000122070312,203.41000366210938,204.13999938964844,4659225
2025-08-04 18:30:00+00:00,202.3249969482422,203.52999877929688,202.07000732421875,203.44000244140625,10594574
2025-08-04 19:30:00+00:00,203.33999633789062,203.4499969482422,201.6750030517578,202.3300018310547,8673869
2025-08-05 13:30:00+00:00,204.52999877929688,204.55499267578125,202.16000366210938,203.43499755859375,9812948
2025-08-05 14:30:00+00:00,204.6300048828125,205.33999633789062,203.90499877929688,204.53500366210938,6466189
2025-08-05 15:30:00+00:00,203.7100067138672,204.69000244140625,203.44000244140625,204.6199951171875,3782674
2025-08-05 16:30:00+00:00,204.03500366210938,204.1699981689453,203.08999633789062,203.7100067138672,3720976
2025-08-05 17:30:00+00:00,203.8699951171875,204.3000030517578,203.75999450683594,204.0500030517578,2677706
2025-08-05 18:30:00+00:00,203.3350067138672,203.97000122070312,203.19009399414062,203.86000061035156,3354757
2025-08-05 19:30:00+00:00,202.92999267578125,203.41000366210938,202.6699981689453,203.33999633789062,3784751
2025-08-06 13:30:00+00:00,210.75999450683594,211.14999389648438,205.58999633789062,205.60000610351562,23760541
2025-08-06 14:30:00+00:00,214.22500610351562,214.33999633789062,210.6300048828125,210.75999450683594,15618173
2025-08-06 15:30:00+00:00,214.49989318847656,214.99000549316406,213.6699981689453,214.22500610351562,15397308
2025-08-06 16:30:00+00:00,214.5399932861328,214.8699951171875,213.86900329589844,214.5196990966797,7331995
2025-08-06 17:30:00+00:00,214.6024932861328,215.3800048828125,214.08999633789062,214.51499938964844,8218314
2025-08-06 18:30:00+00:00,213.875,214.7949981689453,213.75,214.61000061035156,7181809
2025-08-06 19:30:00+00:00,213.25,214.4199981689453,212.80999755859375,213.88499450683594,9553119
2025-08-07 13:30:00+00:00,218.27000427246094,220.3300018310547,216.5800018310547,218.875,30765656
2025-08-07 14:30:00+00:00,219.62899780273438,220.1300048828125,217.64999389648438,218.05999755859375,11957311
2025-08-07 15:30:00+00:00,219.9149932861328,220.33999633789062,219.4199981689453,219.6199951171875,9896825
2025-08-07 16:30:00+00:00,218.7100067138672,220.2100067138672,213.25,219.9199981689453,7182645
2025-08-07 17:30:00+00:00,219.5,219.72999572753906,218.71009826660156,218.72000122070312,4729353
2025-08-07 18:30:00+00:00,219.3000946044922,220.85000610351562,219.24349975585938,219.49000549316406,9312135
2025-08-07 19:30:00+00:00,220.1300048828125,220.1999969482422,219.25,219.30450439453125,6898669
2025-08-08 13:30:00+00:00,222.7816925048828,223.10000610351562,219.25,220.42999267578125,15552244
2025-08-08 14:30:00+00:00,224.36000061035156,224.6300048828125,222.6300048828125,222.77999877929688,10674558
2025-08-08 15:30:00+00:00,228.1999969482422,228.22500610351562,224.30999755859375,224.35499572753906,16989559
2025-08-08 16:30:00+00:00,228.6750030517578,230.88999938964844,227.943603515625,228.2097930908203,25554276
2025-08-08 17:30:00+00:00,229.2899932861328,230.99000549316406,228.5500030517578,228.6699981689453,12552865
2025-08-08 18:30:00+00:00,228.8300018310547,229.87989807128906,228.50999450683594,229.29159545898438,11212305
2025-08-08 19:30:00+00:00,229.3699951171875,229.69000244140625,228.4600067138672,228.82000732421875,11188500
2025-08-11 13:30:00+00:00,226.77499389648438,228.72999572753906,224.7624053955078,226.75,16158774
2025-08-11 14:30:00+00:00,227.47000122070312,227.88999938964844,226.10000610351562,226.7899932861328,7977854
2025-08-11 15:30:00+00:00,228.72999572753906,229.55999755859375,227.47000122070312,227.47000122070312,7420183
2025-08-11 16:30:00+00:00,228.10000610351562,229.0998992919922,228.0,228.73500061035156,4120877
2025-08-11 17:30:00+00:00,227.73500061035156,228.19500732421875,227.00999450683594,228.08999633789062,5313497
2025-08-11 18:30:00+00:00,227.64999389648438,227.9600067138672,227.10000610351562,227.75999450683594,7584927
2025-08-11 19:30:00+00:00,227.2050018310547,227.69500732421875,226.63999938964844,227.65919494628906,5849057
2025-08-12 13:30:00+00:00,228.57000732421875,229.9398956298828,227.10000610351562,228.0050048828125,12571415
2025-08-12 14:30:00+00:00,229.72999572753906,230.5865020751953,228.25999450683594,228.58999633789062,10092499
2025-08-12 15:30:00+00:00,229.77999877929688,230.11000061035156,228.32000732421875,229.7299041748047,4868374
2025-08-12 16:30:00+00:00,229.77499389648438,230.77999877929688,229.66000366210938,229.77999877929688,5072601
2025-08-12 17:30:00+00:00,229.57000732421875,230.5500030517578,229.4499969482422,229.7700958251953,3593400
2025-08-12 18:30:00+00:00,229.18299865722656,229.61000061035156,228.9199981689453,229.5800018310547,3327871
2025-08-12 19:30:00+00:00,229.64999389648438,230.10000610351562,229.05999755859375,229.1699981689453,4734707
2025-08-13 13:30:00+00:00,231.80999755859375,232.72000122070312,230.42999267578125,231.52499389648438,14738656
2025-08-13 14:30:00+00:00,232.2899932861328,234.5500030517578,231.77000427246094,231.80999755859375,11605576
2025-08-13 15:30:00+00:00,233.09500122070312,233.3972930908203,232.0301971435547,232.27999877929688,5966244
2025-08-13 16:30:00+00:00,232.4550018310547,233.36000061035156,231.5601043701172,233.07000732421875,5417224
2025-08-13 17:30:00+00:00,232.9250030517578,234.99000549316406,232.02000427246094,232.4499969482422,8137347
2025-08-13 18:30:00+00:00,233.5850067138672,233.91000366210938,230.8000030517578,232.94000244140625,9192848
2025-08-13 19:30:00+00:00,233.3300018310547,234.3300018310547,233.11000061035156,233.5850067138672,5738352
2025-08-14 13:30:00+00:00,232.2100067138672,235.11000061035156,231.67019653320312,234.05499267578125,16052941
2025-08-14 14:30:00+00:00,231.74020385742188,232.4600067138672,230.85000610351562,232.2050018310547,6624676
2025-08-14 15:30:00+00:00,232.00999450683594,232.2949981689453,230.91000366210938,231.75,4323697
2025-08-14 16:30:00+00:00,232.92730712890625,233.13999938964844,231.9687957763672,232.02999877929688,3209373
2025-08-14 17:30:00+00:00,232.72999572753906,233.1300048828125,232.32000732421875,232.92999267578125,3634219
2025-08-14 18:30:00+00:00,232.94500732421875,233.49000549316406,232.44000244140625,232.7100067138672,4523178
2025-08-14 19:30:00+00:00,232.8300018310547,233.50999450683594,232.69000244140625,232.92999267578125,4542543
2025-08-15 13:30:00+00:00,232.1699981689453,234.22140502929688,231.5500946044922,233.72999572753906,11603282
2025-08-15 14:30:00+00:00,231.07000732421875,232.2899932861328,230.47000122070312,232.16140747070312,5319424
2025-08-15 15:30:00+00:00,230.74000549316406,231.4550018310547,230.6197052001953,231.02000427246094,3957281
2025-08-15 16:30:00+00:00,230.57000732421875,231.22500610351562,230.22999572753906,230.74420166015625,6137966
2025-08-15 17:30:00+00:00,230.85000610351562,231.28990173339844,229.36000061035156,230.55999755859375,4535672
2025-08-15 18:30:00+00:00,231.36000061035156,231.5,230.47999572753906,230.86000061035156,6170754
2025-08-15 19:30:00+00:00,231.64999389648438,231.77000427246094,231.02000427246094,231.3699951171875,4696096
2025-08-18 13:30:00+00:00,230.66000366210938,233.1199951171875,230.61000061035156,231.77999877929688,9348530
2025-08-18 14:30:00+00:00,230.86000061035156,231.22000122070312,230.3699951171875,230.6199951171875,4699541
2025-08-18 15:30:00+00:00,230.67999267578125,231.10000610351562,230.5,230.86500549316406,2959031
2025-08-18 16:30:00+00:00,231.07000732421875,231.14999389648438,230.11000061035156,230.67999267578125,2944837
2025-08-18 17:30:00+00:00,231.14500427246094,231.6699981689453,230.89999389648438,231.0800018310547,3270491
2025-08-18 18:30:00+00:00,231.22500610351562,231.6750030517578,231.10000610351562,231.14999389648438,2886450
2025-08-18 19:30:00+00:00,230.8800048828125,231.5500030517578,230.8800048828125,231.22000122070312,2842575
2025-08-19 13:30:00+00:00,231.8300018310547,232.86500549316406,230.58999633789062,231.27499389648438,7589938
2025-08-19 14:30:00+00:00,231.32260131835938,232.27000427246094,230.47000122070312,231.82000732421875,5331365
2025-08-19 15:30:00+00:00,231.30990600585938,231.66000366210938,231.05499267578125,231.32000732421875,3317736
2025-08-19 16:30:00+00:00,230.625,231.3300018310547,230.05999755859375,231.27999877929688,3326154
2025-08-19 17:30:00+00:00,230.0500030517578,230.89999389648438,229.8699951171875,230.6199951171875,3163874
2025-08-19 18:30:00+00:00,230.18499755859375,230.19000244140625,229.35000610351562,230.02499389648438,3535859
2025-08-19 19:30:00+00:00,230.47659301757812,230.67999267578125,229.99000549316406,230.18499755859375,2889925
2025-08-20 13:30:00+00:00,226.7200927734375,230.4698944091797,226.5,229.97000122070312,10654146
2025-08-20 14:30:00+00:00,227.3350067138672,227.5500030517578,226.11000061035156,226.74000549316406,4855593
2025-08-20 15:30:00+00:00,227.1345977783203,227.3699951171875,226.41000366210938,227.3300018310547,3599979
2025-08-20 16:30:00+00:00,226.2949981689453,227.16000366210938,225.88999938964844,227.1300048828125,3171568
2025-08-20 17:30:00+00:00,225.99009704589844,226.8300018310547,225.77000427246094,226.3000030517578,2697011
2025-08-20 18:30:00+00:00,226.44500732421875,226.72999572753906,225.8699951171875,225.99000549316406,3388687
2025-08-20 19:30:00+00:00,225.9600067138672,227.0,225.92999267578125,226.44000244140625,4504957
2025-08-21 13:30:00+00:00,225.57989501953125,226.52000427246094,224.67999267578125,226.27999877929688,6246020
2025-08-21 14:30:00+00:00,225.1300048828125,225.5850067138672,224.51010131835938,225.5272979736328,3627965
2025-08-21 15:30:00+00:00,224.8300018310547,225.83999633789062,224.8000030517578,225.13499450683594,2756586
2025-08-21 16:30:00+00:00,224.1750030517578,225.00999450683594,223.7803955078125,224.8300018310547,3327885
2025-08-21 17:30:00+00:00,224.22999572753906,224.77850341796875,224.16000366210938,224.17080688476562,2428717
2025-08-21 18:30:00+00:00,224.8800048828125,225.05499267578125,224.0941925048828,224.22349548339844,2704582
2025-08-21 19:30:00+00:00,224.91000366210938,225.25,224.38839721679688,224.89999389648438,3977376
2025-08-22 13:30:00+00:00,227.9499969482422,228.19000244140625,225.41000366210938,226.4499969482422,8240998
2025-08-22 14:30:00+00:00,228.05999755859375,228.72000122070312,227.8000030517578,227.97000122070312,5233127
2025-08-22 15:30:00+00:00,227.16929626464844,228.43499755859375,226.9250030517578,228.0399932861328,3176741
2025-08-22 16:30:00+00:00,228.61000061035156,229.08999633789062,227.07000732421875,227.1699981689453,4947377
2025-08-22 17:30:00+00:00,227.8699951171875,228.6273956298828,227.77999877929688,228.6273956298828,4653621
2025-08-22 18:30:00+00:00,227.85000610351562,228.51980590820312,227.78500366210938,227.8800048828125,4051520
2025-08-22 19:30:00+00:00,227.75,228.30999755859375,227.44000244140625,227.83999633789062,4139072
2025-08-25 13:30:00+00:00,228.80999755859375,229.1199951171875,226.24000549316406,226.40499877929688,8000835
2025-08-25 14:30:00+00:00,228.56500244140625,229.24000549316406,228.2899932861328,228.77000427246094,4318256
2025-08-25 15:30:00+00:00,228.5399932861328,229.3000030517578,228.50010681152344,228.57000732421875,2427231
2025-08-25 16:30:00+00:00,228.43499755859375,228.75999450683594,228.32000732421875,228.5399932861328,2355527
2025-08-25 17:30:00+00:00,227.88499450683594,228.65499877929688,227.74000549316406,228.43499755859375,2684903
2025-08-25 18:30:00+00:00,227.59840393066406,227.90499877929688,227.44500732421875,227.875,2661985
2025-08-25 19:30:00+00:00,227.14999389648438,227.72000122070312,227.1199951171875,227.60000610351562,3262464
2025-08-26 13:30:00+00:00,226.5,227.0500030517578,224.69000244140625,226.8699951171875,7799571
2025-08-26 14:30:00+00:00,226.9615936279297,227.29989624023438,226.2899932861328,226.50999450683594,3785331
2025-08-26 15:30:00+00:00,227.57049560546875,227.6999969482422,226.5500030517578,226.96499633789062,4519154
2025-08-26 16:30:00+00:00,228.11160278320312,228.1699981689453,227.4199981689453,227.55999755859375,2684567
2025-08-26 17:30:00+00:00,228.3592071533203,228.50999450683594,227.73500061035156,228.11000061035156,2399616
2025-08-26 18:30:00+00:00,228.56820678710938,228.6199951171875,227.77000427246094,228.36000061035156,2604761
2025-08-26 19:30:00+00:00,229.3000030517578,229.49000549316406,227.72500610351562,228.57000732421875,5151468
2025-08-27 13:30:00+00:00,230.01499938964844,230.25,228.2949981689453,228.5800018310547,7840101
2025-08-27 14:30:00+00:00,229.5740966796875,230.6999969482422,229.47999572753906,230.02999877929688,4445165
2025-08-27 15:30:00+00:00,229.8699951171875,230.08799743652344,229.30999755859375,229.57000732421875,2490171
2025-08-27 16:30:00+00:00,229.83999633789062,230.08999633789062,229.60000610351562,229.88999938964844,1919036
2025-08-27 17:30:00+00:00,230.625,230.67999267578125,229.8000030517578,229.83999633789062,2268584
2025-08-27 18:30:00+00:00,230.13250732421875,230.63499450683594,229.72000122070312,230.6199951171875,2256272
2025-08-27 19:30:00+00:00,230.44000244140625,230.89999389648438,230.1199951171875,230.125,3801508
2025-08-28 13:30:00+00:00,230.41580200195312,230.89999389648438,229.3350067138672,230.80999755859375,7213423
2025-08-28 14:30:00+00:00,230.9499969482422,231.89999389648438,230.35000610351562,230.4300994873047,3919070
2025-08-28 15:30:00+00:00,232.2899932861328,232.35499572753906,230.9481964111328,230.9600067138672,3117170
2025-08-28 16:30:00+00:00,233.0,233.1199951171875,232.0800018310547,232.27999877929688,3773992
2025-08-28 17:30:00+00:00,232.91920471191406,233.41000366210938,232.83009338378906,233.00999450683594,3045856
2025-08-28 18:30:00+00:00,232.97500610351562,233.1699981689453,232.69000244140625,232.9199981689453,2740378
2025-08-28 19:30:00+00:00,232.49000549316406,233.3300018310547,232.47999572753906,232.97500610351562,4904323
2025-08-29 13:30:00+00:00,232.80960083007812,233.36129760742188,231.3699951171875,232.55999755859375,8795007
2025-08-29 14:30:00+00:00,232.9600067138672,233.16000366210938,232.5,232.80499267578125,3599986
2025-08-29 15:30:00+00:00,232.5,233.02999877929688,231.39999389648438,232.98500061035156,4414822
2025-08-29 16:30:00+00:00,232.02999877929688,232.9600067138672,231.97999572753906,232.50999450683594,2677553
2025-08-29 17:30:00+00:00,232.17999267578125,232.5749969482422,231.97000122070312,232.03250122070312,3415896
2025-08-29 18:30:00+00:00,232.3542938232422,232.75,232.0,232.19000244140625,2433703
2025-08-29 19:30:00+00:00,232.27000427246094,232.83770751953125,231.47999572753906,232.35000610351562,4673659
2025-09-02 13:30:00+00:00,230.60000610351562,230.77999877929688,227.69000244140625,228.75,9687341
2025-09-02 14:30:00+00:00,227.82899475097656,230.75,227.5283966064453,230.60000610351562,5124954
2025-09-02 15:30:00+00:00,227.85000610351562,228.1468963623047,227.1699981689453,227.82000732421875,3136378
2025-09-02 16:30:00+00:00,228.41000366210938,228.54539489746094,227.64999389648438,227.8437042236328,2530443
2025-09-02 17:30:00+00:00,228.39999389648438,229.33999633789062,228.3300018310547,228.4199981689453,2346892
2025-09-02 18:30:00+00:00,228.94000244140625,229.0800018310547,226.97000122070312,228.39999389648438,3504389
2025-09-02 19:30:00+00:00,229.7100067138672,230.0,228.89500427246094,228.92469787597656,4687318
2025-09-03 13:30:00+00:00,236.8300018310547,237.97000122070312,234.3699951171875,237.1999969482422,21171526
2025-09-03 14:30:00+00:00,236.01100158691406,237.60000610351562,235.99000549316406,236.81390380859375,8284903
2025-09-03 15:30:00+00:00,236.49000549316406,236.82000732421875,235.49000549316406,236.02000427246094,4830748
2025-09-03 16:30:00+00:00,237.4272003173828,237.89999389648438,236.44000244140625,236.4998016357422,4651843
2025-09-03 17:30:00+00:00,236.91000366210938,237.44000244140625,236.6300048828125,237.4250030517578,4344650
2025-09-03 18:30:00+00:00,237.15499877929688,237.4499969482422,236.77000427246094,236.89999389648438,4834362
2025-09-03 19:30:00+00:00,238.49000549316406,238.7100067138672,237.15040588378906,237.1558074951172,8891635
2025-09-04 13:30:00+00:00,237.69000244140625,239.89320373535156,237.0399932861328,238.4499969482422,12016131
2025-09-04 14:30:00+00:00,237.39999389648438,238.10000610351562,237.0749969482422,237.67999267578125,5223309
2025-09-04 15:30:00+00:00,237.16000366210938,237.6746063232422,236.74000549316406,237.38999938964844,3678939
2025-09-04 16:30:00+00:00,238.0399932861328,238.08999633789062,236.97000122070312,237.14999389648438,3071522
2025-09-04 17:30:00+00:00,238.05999755859375,238.38999938964844,237.50999450683594,238.04010009765625,5093419
2025-09-04 18:30:00+00:00,238.70449829101562,238.97999572753906,237.8800048828125,238.07000732421875,3814924
2025-09-04 19:30:00+00:00,239.7100067138672,239.89990234375,238.49000549316406,238.6999969482422,5942248
2025-09-05 13:30:00+00:00,239.28500366210938,241.32000732421875,239.1199951171875,239.99000549316406,17499270
2025-09-05 14:30:00+00:00,239.80499267578125,240.1699981689453,238.63999938964844,239.25,6538203
2025-09-05 15:30:00+00:00,238.77000427246094,240.31500244140625,238.52000427246094,239.82000732421875,4219870
2025-09-05 16:30:00+00:00,239.625,239.72500610351562,238.49009704589844,238.77999877929688,3993359
2025-09-05 17:30:00+00:00,239.1199951171875,239.64999389648438,238.72999572753906,239.64849853515625,2784543
2025-09-05 18:30:00+00:00,239.9250030517578,240.1300048828125,239.10000610351562,239.1199951171875,5197093
2025-09-05 19:30:00+00:00,239.6699981689453,240.01499938964844,239.05999755859375,239.92999267578125,4868520
2025-09-08 13:30:00+00:00,239.22999572753906,240.14999389648438,238.74000549316406,239.3000030517578,11286441
2025-09-08 14:30:00+00:00,238.6999969482422,239.57000732421875,238.61500549316406,239.22000122070312,5248756
2025-09-08 15:30:00+00:00,237.72999572753906,238.78829956054688,237.60000610351562,238.69500732421875,4448853
2025-09-08 16:30:00+00:00,237.80580139160156,237.87989807128906,236.33999633789062,237.72000122070312,4717107
2025-09-08 17:30:00+00:00,237.1649932861328,237.9550018310547,237.10499572753906,237.80990600585938,4114279
2025-09-08 18:30:00+00:00,237.11000061035156,237.24989318847656,236.61000061035156,237.15499877929688,3761415
2025-09-08 19:30:00+00:00,237.9199981689453,238.00999450683594,236.90420532226562,237.11500549316406,5177199
2025-09-09 13:30:00+00:00,236.3101043701172,238.0,236.0749969482422,237.0,7890752
2025-09-09 14:30:00+00:00,236.22500610351562,236.67999267578125,235.77999877929688,236.30999755859375,4277475
2025-09-09 15:30:00+00:00,236.0,236.25999450683594,235.5500030517578,236.22999572753906,4300130
2025-09-09 16:30:00+00:00,237.75,238.78050231933594,235.8249969482422,236.0,9674704
2025-09-09 17:30:00+00:00,234.52859497070312,238.10000610351562,233.6699981689453,237.75999450683594,16074676
2025-09-09 18:30:00+00:00,234.30999755859375,234.69000244140625,233.3699951171875,234.5500030517578,9544618
2025-09-09 19:30:00+00:00,234.35000610351562,234.63499450683594,233.51499938964844,234.30999755859375,6317179
2025-09-10 13:30:00+00:00,228.10800170898438,232.33999633789062,227.5500030517578,232.02499389648438,22167235
2025-09-10 14:30:00+00:00,227.0399932861328,228.34640502929688,227.02000427246094,228.11000061035156,11560546
2025-09-10 15:30:00+00:00,227.7386016845703,228.05499267578125,226.24009704589844,227.0399932861328,10156861
2025-09-10 16:30:00+00:00,226.80499267578125,227.78990173339844,226.6199951171875,227.7449951171875,6579251
2025-09-10 17:30:00+00:00,227.05999755859375,227.0850067138672,226.35000610351562,226.8000030517578,6214643
2025-09-10 18:30:00+00:00,226.18499755859375,227.35000610351562,226.17999267578125,227.05499267578125,6166050
2025-09-10 19:30:00+00:00,226.77999877929688,227.10000610351562,225.9521942138672,226.18499755859375,7727491
2025-09-11 13:30:00+00:00,228.94000244140625,229.18499755859375,226.64999389648438,226.875,13821091
2025-09-11 14:30:00+00:00,228.74000549316406,229.32000732421875,228.32020568847656,228.94000244140625,249794
2025-09-11 15:30:00+00:00,228.61000061035156,228.77999877929688,228.02999877929688,228.75,9985902
2025-09-11 16:30:00+00:00,229.47250366210938,229.5399932861328,228.30999755859375,228.60000610351562,3516399
2025-09-11 17:30:00+00:00,229.4600067138672,230.16000366210938,229.17999267578125,229.47000122070312,4663505
2025-09-11 18:30:00+00:00,229.85000610351562,230.1508026123047,229.41000366210938,229.46499633789062,3884806
2025-09-11 19:30:00+00:00,230.02000427246094,230.4499969482422,229.8350067138672,229.83999633789062,5627999
2025-09-12 13:30:00+00:00,234.07000732421875,234.0780029296875,229.02000427246094,230.0,14988292
2025-09-12 14:30:00+00:00,234.09500122070312,234.50999450683594,233.36000061035156,234.0800018310547,8044876
2025-09-12 15:30:00+00:00,233.9694061279297,234.49000549316406,233.62100219726562,234.08999633789062,4710781
2025-09-12 16:30:00+00:00,233.23500061035156,233.96499633789062,233.0,233.9636993408203,4969404
2025-09-12 17:30:00+00:00,233.5399932861328,233.8699951171875,233.218505859375,233.22000122070312,3203879
2025-09-12 18:30:00+00:00,233.77549743652344,234.4499969482422,233.02999877929688,233.5399932861328,6970851
2025-09-12 19:30:00+00:00,234.05999755859375,234.2899932861328,233.50999450683594,233.77999877929688,5874733
2025-09-15 13:30:00+00:00,236.21499633789062,238.19000244140625,235.02999877929688,237.0,14134217
2025-09-15 14:30:00+00:00,236.82000732421875,237.02000427246094,235.66000366210938,236.2100067138672,4993166
2025-09-15 15:30:00+00:00,236.57000732421875,237.3000030517578,236.47000122070312,236.81500244140625,3686503
2025-09-15 16:30:00+00:00,235.75999450683594,236.5904998779297,235.6999969482422,236.5648956298828,2964448
2025-09-15 17:30:00+00:00,235.63999938964844,236.13999938964844,235.5800018310547,235.75,2953754
2025-09-15 18:30:00+00:00,235.97000122070312,236.33999633789062,235.27000427246094,235.63499450683594,3570486
2025-09-15 19:30:00+00:00,236.75999450683594,236.7899932861328,235.67999267578125,235.97000122070312,4732529
2025-09-16 13:30:00+00:00,239.52999877929688,241.22000122070312,236.32350158691406,237.17999267578125,20581571
2025-09-16 14:30:00+00:00,239.5928955078125,239.85000610351562,238.2449951171875,239.52999877929688,7412526
2025-09-16 15:30:00+00:00,239.19500732421875,239.58009338378906,238.46499633789062,239.58009338378906,5301755
2025-09-16 16:30:00+00:00,239.08560180664062,239.39999389648438,238.89999389648438,239.1999969482422,3213378
2025-09-16 17:30:00+00:00,238.92999267578125,239.11000061035156,238.1300048828125,239.10000610351562,4262186
2025-09-16 18:30:00+00:00,238.93829345703125,239.60000610351562,238.80999755859375,238.94000244140625,4748875
2025-09-16 19:30:00+00:00,238.13999938964844,239.4199981689453,238.08009338378906,238.94000244140625,5869621
2025-09-17 13:30:00+00:00,239.6300048828125,240.10000610351562,238.7899932861328,238.97000122070312,9926684
2025-09-17 14:30:00+00:00,239.47999572753906,240.00999450683594,239.1999969482422,239.63999938964844,4002310
2025-09-17 15:30:00+00:00,239.67430114746094,239.77999877929688,239.27999877929688,239.48500061035156,3170671
2025-09-17 16:30:00+00:00,239.52000427246094,239.77000427246094,239.35000610351562,239.67999267578125,2892623
2025-09-17 17:30:00+00:00,239.55999755859375,239.82000732421875,238.4499969482422,239.52000427246094,4570049
2025-09-17 18:30:00+00:00,239.2628936767578,239.6300048828125,237.7301025390625,239.5500030517578,5910219
2025-09-17 19:30:00+00:00,238.97000122070312,239.27999877929688,238.47999572753906,239.27000427246094,4226195
2025-09-18 13:30:00+00:00,237.55999755859375,241.1999969482422,236.64999389648438,239.9499969482422,11453464
2025-09-18 14:30:00+00:00,238.19000244140625,238.7949981689453,237.31500244140625,237.56500244140625,4587899
2025-09-18 15:30:00+00:00,237.94000244140625,238.5399932861328,237.35000610351562,238.2100067138672,3609143
2025-09-18 16:30:00+00:00,237.8800048828125,238.1999969482422,237.63999938964844,237.9499969482422,3556108
2025-09-18 17:30:00+00:00,237.8018035888672,238.10000610351562,237.210205078125,237.8699951171875,3010288
2025-09-18 18:30:00+00:00,237.4499969482422,237.94639587402344,237.25010681152344,237.80999755859375,3540701
2025-09-18 19:30:00+00:00,237.85000610351562,238.11000061035156,237.43499755859375,237.4550018310547,4049383
2025-09-19 13:30:00+00:00,241.14999389648438,242.58999633789062,240.21060180664062,241.1750030517578,26772067
2025-09-19 14:30:00+00:00,242.27999877929688,243.16000366210938,241.05999755859375,241.14999389648438,10143358
2025-09-19 15:30:00+00:00,244.52000427246094,244.56910705566406,242.0491943359375,242.27369689941406,9031105
2025-09-19 16:30:00+00:00,245.24380493164062,245.9199981689453,244.26870727539062,244.5124969482422,12269832
2025-09-19 17:30:00+00:00,245.48849487304688,246.2698974609375,244.89999389648438,245.24000549316406,9746967
2025-09-19 18:30:00+00:00,245.61000061035156,246.10000610351562,245.1909942626953,245.48500061035156,7490411
2025-09-19 19:30:00+00:00,245.2899932861328,246.3000030517578,244.74000549316406,245.60000610351562,12986528
2025-09-22 13:30:00+00:00,252.67160034179688,252.73500061035156,248.1699981689453,248.33999633789062,27825122
2025-09-22 14:30:00+00:00,255.789794921875,256.0799865722656,252.0800018310547,252.66000366210938,16983776
2025-09-22 15:30:00+00:00,253.72000122070312,256.6300048828125,253.5800018310547,255.77000427246094,16047694
2025-09-22 16:30:00+00:00,254.5928955078125,254.72999572753906,253.16000366210938,253.72999572753906,8453992
2025-09-22 17:30:00+00:00,255.24000549316406,255.25999450683594,253.89999389648438,254.5800018310547,5242129
2025-09-22 18:30:00+00:00,255.7899932861328,256.05999755859375,254.7346954345703,255.2449951171875,8214973
2025-09-22 19:30:00+00:00,256.0899963378906,256.260009765625,255.61500549316406,255.80499267578125,9091926
2025-09-23 13:30:00+00:00,256.6173095703125,257.3399963378906,255.27999877929688,255.875,11263642
2025-09-23 14:30:00+00:00,256.1000061035156,256.70001220703125,255.00999450683594,256.6099853515625,5490061
2025-09-23 15:30:00+00:00,255.72689819335938,256.2099914550781,255.35000610351562,256.1300048828125,3232527
2025-09-23 16:30:00+00:00,254.6699981689453,255.85000610351562,254.39999389648438,255.7200927734375,2847437
2025-09-23 17:30:00+00:00,254.63999938964844,254.96099853515625,253.92999267578125,254.66000366210938,3617163
2025-09-23 18:30:00+00:00,254.16990661621094,254.83999633789062,253.58999633789062,254.63999938964844,17356326
2025-09-23 19:30:00+00:00,254.52999877929688,254.52999877929688,253.6699981689453,254.16000366210938,5076635
2025-09-24 13:30:00+00:00,252.6219940185547,255.72999572753906,252.0800018310547,255.22000122070312,6502958
2025-09-24 14:30:00+00:00,252.1199951171875,252.99000549316406,251.5399932861328,252.625,3291728
2025-09-24 15:30:00+00:00,252.1649932861328,252.25999450683594,251.0399932861328,252.1199951171875,3045221
2025-09-24 16:30:00+00:00,251.49000549316406,252.25999450683594,251.33999633789062,252.17140197753906,1637321
2025-09-24 17:30:00+00:00,251.76499938964844,252.11000061035156,251.27999877929688,251.51499938964844,1622724
2025-09-24 18:30:00+00:00,251.38999938964844,251.7899932861328,251.24000549316406,251.75,1680916
2025-09-24 19:30:00+00:00,252.24000549316406,252.49000549316406,251.2899932861328,251.38999938964844,2697400
2025-09-25 13:30:00+00:00,254.0,254.2899932861328,251.71200561523438,253.2050018310547,8503081
2025-09-25 14:30:00+00:00,253.50010681152344,254.1387939453125,253.02999877929688,254.00010681152344,3154957
2025-09-25 15:30:00+00:00,252.53030395507812,253.91000366210938,252.3000030517578,253.50010681152344,2473004
2025-09-25 16:30:00+00:00,253.5,253.8800048828125,252.5,252.5399932861328,2502302
2025-09-25 17:30:00+00:00,254.55999755859375,254.58999633789062,252.85000610351562,253.49000549316406,2634795
2025-09-25 18:30:00+00:00,256.9599914550781,257.1700134277344,254.22999572753906,254.5500030517578,7107739
2025-09-25 19:30:00+00:00,256.94000244140625,257.1099853515625,255.4199981689453,256.95001220703125,4610669
2025-09-26 13:30:00+00:00,255.02000427246094,256.6000061035156,253.77999877929688,254.1300048828125,8034498
2025-09-26 14:30:00+00:00,255.9700927734375,255.99000549316406,254.57119750976562,255.02000427246094,3714841
2025-09-26 15:30:00+00:00,255.6649932861328,256.0400085449219,254.86000061035156,255.97000122070312,2276774
2025-09-26 16:30:00+00:00,256.5199890136719,256.9750061035156,255.47999572753906,255.66000366210938,2086042
2025-09-26 17:30:00+00:00,256.55499267578125,257.3599853515625,255.86000061035156,256.5199890136719,2653513
2025-09-26 18:30:00+00:00,255.64500427246094,256.7298889160156,255.49000549316406,256.56500244140625,2089315
2025-09-26 19:30:00+00:00,255.4600067138672,255.64979553222656,254.89999389648438,255.63999938964844,3021515
2025-09-29 13:30:00+00:00,254.2198944091797,254.7899932861328,253.00999450683594,254.63999938964844,6306062
2025-09-29 14:30:00+00:00,253.47000122070312,254.24000549316406,253.30999755859375,254.2050018310547,2834864
2025-09-29 15:30:00+00:00,253.66000366210938,254.07000732421875,253.1199951171875,253.4665069580078,2275242
2025-09-29 16:30:00+00:00,253.39999389648438,253.7799072265625,253.2100067138672,253.6699981689453,1744854
2025-09-29 17:30:00+00:00,254.57000732421875,254.61500549316406,253.1300048828125,253.38999938964844,2297052
2025-09-29 18:30:00+00:00,253.99000549316406,254.60000610351562,253.61000061035156,254.57000732421875,2057798
2025-09-29 19:30:00+00:00,254.35000610351562,254.8300018310547,253.94000244140625,253.99000549316406,2513071
2025-09-30 13:30:00+00:00,254.88619995117188,255.91900634765625,253.9600067138672,254.8249969482422,5093340
2025-09-30 14:30:00+00:00,254.22000122070312,255.6750030517578,253.82009887695312,254.91000366210938,2465164
2025-09-30 15:30:00+00:00,254.53509521484375,254.97000122070312,254.16009521484375,254.2100067138672,1531480
2025-09-30 16:30:00+00:00,253.73500061035156,254.6699981689453,253.31170654296875,254.55059814453125,1623333
2025-09-30 17:30:00+00:00,253.33999633789062,253.99000549316406,253.11000061035156,253.75999450683594,1664288
2025-09-30 18:30:00+00:00,253.9499969482422,254.24000549316406,253.27099609375,253.33999633789062,2061307
2025-09-30 19:30:00+00:00,254.55999755859375,255.17999267578125,253.80999755859375,253.9600067138672,3030681
2025-10-01 13:30:00+00:00,256.1614074707031,258.7900085449219,254.9499969482422,255.0399932861328,9677443
2025-10-01 14:30:00+00:00,255.52450561523438,256.2590026855469,255.10000610351562,256.17999267578125,2972074
2025-10-01 15:30:00+00:00,256.1600036621094,256.9200134277344,255.50999450683594,255.5301055908203,2338742
2025-10-01 16:30:00+00:00,256.1404113769531,256.8298034667969,255.85499572753906,256.1636047363281,1826687
2025-10-01 17:30:00+00:00,256.4849853515625,256.6859130859375,256.05999755859375,256.1650085449219,10115926
2025-10-01 18:30:00+00:00,255.94000244140625,256.94000244140625,255.8699951171875,256.4800109863281,2751615
2025-10-01 19:30:00+00:00,255.41000366210938,256.1400146484375,255.27999877929688,255.94000244140625,4879162
2025-10-02 13:30:00+00:00,256.2200927734375,257.2349853515625,254.14999389648438,256.5899963378906,11570169
2025-10-02 14:30:00+00:00,257.1650085449219,257.6400146484375,255.97000122070312,256.2300109863281,4800305
2025-10-02 15:30:00+00:00,257.3450012207031,258.17999267578125,256.72100830078125,257.1499938964844,4388406
2025-10-02 16:30:00+00:00,257.4100036621094,257.8226013183594,257.1138916015625,257.3450012207031,2290319
2025-10-02 17:30:00+00:00,257.8800048828125,257.9100036621094,257.0299987792969,257.3900146484375,2476632
2025-10-02 18:30:00+00:00,257.510009765625,258.1600036621094,257.375,257.8699951171875,4612702
2025-10-02 19:30:00+00:00,257.1400146484375,257.875,256.8800048828125,257.510009765625,5100991
2025-10-03 13:30:00+00:00,257.8500061035156,259.0400085449219,253.9600067138672,254.6649932861328,16311886
2025-10-03 14:30:00+00:00,258.510009765625,258.739990234375,257.5199890136719,257.8599853515625,4452948
2025-10-03 15:30:00+00:00,258.5487060546875,259.239990234375,258.2571105957031,258.4930114746094,4828730
2025-10-03 16:30:00+00:00,258.30999755859375,258.92999267578125,258.1199951171875,258.5400085449219,3408741
2025-10-03 17:30:00+00:00,258.3699951171875,258.5899963378906,256.9599914550781,258.29998779296875,5459239
2025-10-03 18:30:00+00:00,257.9200134277344,258.5849914550781,257.8500061035156,258.3699951171875,3050327
2025-10-03 19:30:00+00:00,258.0150146484375,258.260009765625,257.40350341796875,257.9200134277344,4468054
2025-10-06 13:30:00+00:00,257.7799987792969,259.07000732421875,255.0500030517578,257.94500732421875,11669158
2025-10-06 14:30:00+00:00,257.5513000488281,257.9800109863281,257.2799987792969,257.79998779296875,3447400
2025-10-06 15:30:00+00:00,257.1300048828125,257.6700134277344,256.7699890136719,257.56500244140625,3501833
2025-10-06 16:30:00+00:00,256.55999755859375,257.4800109863281,256.1304931640625,257.1300048828125,2877222
2025-10-06 17:30:00+00:00,256.18499755859375,256.68121337890625,255.5,256.54998779296875,5922536
2025-10-06 18:30:00+00:00,256.510009765625,256.6600036621094,256.06500244140625,256.1802062988281,2693724
2025-10-06 19:30:00+00:00,256.6499938964844,257.25,256.4599914550781,256.510009765625,3577742
2025-10-07 13:30:00+00:00,256.67999267578125,257.3999938964844,256.2799987792969,256.82000732421875,6425357
2025-10-07 14:30:00+00:00,256.3789978027344,257.10791015625,255.60000610351562,256.6700134277344,4531854
2025-10-07 15:30:00+00:00,256.3384094238281,256.84979248046875,255.88999938964844,256.3900146484375,3693772
2025-10-07 16:30:00+00:00,255.88999938964844,256.6600036621094,255.75430297851562,256.3299865722656,2335693
2025-10-07 17:30:00+00:00,256.06988525390625,256.1499938964844,255.42999267578125,255.86000061035156,2294433
2025-10-07 18:30:00+00:00,256.0199890136719,256.301513671875,255.91009521484375,256.07000732421875,2361474
2025-10-07 19:30:00+00:00,256.489990234375,256.6199951171875,255.9199981689453,256.0199890136719,3978516
2025-10-08 13:30:00+00:00,257.8399963378906,258.19000244140625,256.1099853515625,256.5299987792969,8459277
2025-10-08 14:30:00+00:00,258.0400085449219,258.4549865722656,257.20001220703125,257.8599853515625,4427277
2025-10-08 15:30:00+00:00,258.20001220703125,258.5199890136719,257.55999755859375,258.05499267578125,2832234
2025-10-08 16:30:00+00:00,257.92498779296875,258.32501220703125,257.625,258.19000244140625,2099955
2025-10-08 17:30:00+00:00,257.9150085449219,258.20001220703125,257.6499938964844,257.92498779296875,2280625
2025-10-08 18:30:00+00:00,258.25,258.42999267578125,257.739990234375,257.8999938964844,2564469
2025-10-08 19:30:00+00:00,258.0299987792969,258.489990234375,257.8800048828125,258.239990234375,4214118
2025-10-09 13:30:00+00:00,254.9199981689453,258.0,254.77499389648438,257.8999938964844,8679018
2025-10-09 14:30:00+00:00,254.63999938964844,255.22300720214844,254.57000732421875,254.9080047607422,4040438
2025-10-09 15:30:00+00:00,253.99000549316406,254.75999450683594,253.75,254.6199951171875,4627197
2025-10-09 16:30:00+00:00,253.39999389648438,254.0500030517578,253.17999267578125,254.0,2685602
2025-10-09 17:30:00+00:00,253.43499755859375,253.86000061035156,253.14019775390625,253.39500427246094,2427698
2025-10-09 18:30:00+00:00,253.77999877929688,254.11500549316406,253.32000732421875,253.4199981689453,3837383
2025-10-09 19:30:00+00:00,254.02999877929688,254.47000122070312,253.55999755859375,253.77499389648438,4519796
2025-10-10 13:30:00+00:00,255.02059936523438,256.3800048828125,254.42999267578125,255.0399932861328,7268562
2025-10-10 14:30:00+00:00,249.1199951171875,255.33999633789062,248.9199981689453,255.0399932861328,10177254
2025-10-10 15:30:00+00:00,248.61000061035156,250.02999877929688,247.75999450683594,249.10000610351562,7499781
2025-10-10 16:30:00+00:00,247.80999755859375,249.05999755859375,247.05999755859375,248.58999633789062,4394995
2025-10-10 17:30:00+00:00,247.16000366210938,248.57000732421875,247.0800018310547,247.77000427246094,4882982
2025-10-10 18:30:00+00:00,246.1649932861328,247.30999755859375,245.81500244140625,247.13710021972656,5426839
2025-10-10 19:30:00+00:00,245.27999877929688,246.99000549316406,244.57000732421875,246.1699981689453,8519891
2025-10-13 13:30:00+00:00,246.37600708007812,249.49000549316406,245.55999755859375,249.3800048828125,9359382
2025-10-13 14:30:00+00:00,248.59030151367188,248.65989685058594,246.22999572753906,246.3699951171875,5816790
2025-10-13 15:30:00+00:00,249.17999267578125,249.6199951171875,248.36000061035156,248.6199951171875,3115587
2025-10-13 16:30:00+00:00,249.1042022705078,249.68930053710938,248.5500030517578,249.1699981689453,2298264
2025-10-13 17:30:00+00:00,249.1461944580078,249.32000732421875,248.68800354003906,249.08999633789062,2175748
2025-10-13 18:30:00+00:00,248.32000732421875,249.24000549316406,248.1300048828125,249.13999938964844,2310709
2025-10-13 19:30:00+00:00,247.58999633789062,248.58999633789062,247.3300018310547,248.32000732421875,3786722
2025-10-14 13:30:00+00:00,247.02000427246094,247.22999572753906,244.6999969482422,246.61500549316406,6901149
2025-10-14 14:30:00+00:00,246.21400451660156,247.74989318847656,246.1199951171875,247.0,3292430
2025-10-14 15:30:00+00:00,247.38999938964844,247.75,246.1699981689453,246.22999572753906,2724013
2025-10-14 16:30:00+00:00,247.79800415039062,248.035400390625,247.38499450683594,247.38999938964844,2048766
2025-10-14 17:30:00+00:00,247.48500061035156,247.82000732421875,247.17999267578125,247.80999755859375,2132596
2025-10-14 18:30:00+00:00,248.4199981689453,248.75,247.14439392089844,247.49000549316406,3822730
2025-10-14 19:30:00+00:00,247.85000610351562,248.84500122070312,246.72999572753906,248.42999267578125,4482259
2025-10-15 13:30:00+00:00,250.85000610351562,251.82000732421875,248.63999938964844,249.3800048828125,8163531
2025-10-15 14:30:00+00:00,249.85989379882812,251.4691925048828,249.8000030517578,250.8699951171875,3430819
2025-10-15 15:30:00+00:00,249.77499389648438,250.04969787597656,248.72000122070312,249.82000732421875,2879510
2025-10-15 16:30:00+00:00,248.0904998779297,249.9499053955078,247.47999572753906,249.77999877929688,2290291
2025-10-15 17:30:00+00:00,249.64700317382812,249.8000030517578,248.0500030517578,248.10499572753906,1934212
2025-10-15 18:30:00+00:00,249.9199981689453,250.10000610351562,249.47999572753906,249.64999389648438,2139459
2025-10-15 19:30:00+00:00,249.42999267578125,250.07000732421875,248.1699981689453,249.92999267578125,4229173
2025-10-16 13:30:00+00:00,247.50999450683594,248.3800048828125,246.6199951171875,248.27000427246094,9564057
2025-10-16 14:30:00+00:00,248.23500061035156,249.0399932861328,247.48170471191406,247.49000549316406,4826932
2025-10-16 15:30:00+00:00,247.72000122070312,248.66310119628906,247.03500366210938,248.1699981689453,3305994
2025-10-16 16:30:00+00:00,247.22000122070312,247.75,246.0399932861328,247.70010375976562,4045208
2025-10-16 17:30:00+00:00,245.66000366210938,247.4199981689453,245.25999450683594,247.22000122070312,3995746
2025-10-16 18:30:00+00:00,246.5500030517578,247.02000427246094,245.1300048828125,245.63999938964844,3603265
2025-10-16 19:30:00+00:00,247.42999267578125,247.91000366210938,246.35000610351562,246.55999755859375,3734949
2025-10-17 13:30:00+00:00,249.5601043701172,250.32000732421875,247.27000427246094,248.02000427246094,11142993
2025-10-17 14:30:00+00:00,248.47999572753906,249.86000061035156,248.22999572753906,249.6439971923828,3459331
2025-10-17 15:30:00+00:00,250.29649353027344,250.35000610351562,248.09719848632812,248.47999572753906,4277714
2025-10-17 16:30:00+00:00,250.81500244140625,251.36000061035156,250.27520751953125,250.29330444335938,6063960
2025-10-17 17:30:00+00:00,252.3000030517578,252.53500366210938,250.2449951171875,250.8000030517578,3952984
2025-10-17 18:30:00+00:00,252.75999450683594,252.82000732421875,251.6999969482422,252.2823944091797,3982655
2025-10-17 19:30:00+00:00,252.3000030517578,253.3800048828125,252.1199951171875,252.75,7247788
2025-10-20 13:30:00+00:00,259.5050048828125,259.8699951171875,255.6300048828125,255.88499450683594,19526731
2025-10-20 14:30:00+00:00,262.57000732421875,263.54998779296875,259.07000732421875,259.489990234375,20690049
2025-10-20 15:30:00+00:00,263.489990234375,264.375,262.4175109863281,262.54998779296875,13764809
2025-10-20 16:30:00+00:00,263.1650085449219,264.2099914550781,262.6499938964844,263.4800109863281,8089517
2025-10-20 17:30:00+00:00,263.7300109863281,263.8299865722656,262.7900085449219,263.17999267578125,4756799
2025-10-20 18:30:00+00:00,263.4200134277344,263.80999755859375,263.0400085449219,263.739990234375,5423277
2025-10-20 19:30:00+00:00,262.2300109863281,263.8500061035156,261.92999267578125,263.44000244140625,8021467
2025-10-21 13:30:00+00:00,263.4999084472656,265.2900085449219,261.8800048828125,261.8800048828125,17003580
2025-10-21 14:30:00+00:00,263.6619873046875,263.8299865722656,262.510009765625,263.4599914550781,4721265
2025-10-21 15:30:00+00:00,263.1700134277344,264.5350036621094,263.0801086425781,263.6700134277344,5514253
2025-10-21 16:30:00+00:00,263.3265075683594,263.6799011230469,262.8475036621094,263.1600036621094,2671606
2025-10-21 17:30:00+00:00,263.44989013671875,264.04998779296875,262.1499938964844,263.3258056640625,3718095
2025-10-21 18:30:00+00:00,263.0849914550781,263.7381896972656,262.95001220703125,263.4495849609375,3430980
2025-10-21 19:30:00+00:00,262.8399963378906,263.2099914550781,262.4700012207031,263.0950012207031,3493018
2025-10-22 13:30:00+00:00,260.0498962402344,262.8500061035156,259.7200012207031,262.7900085449219,9155667
2025-10-22 14:30:00+00:00,258.4299011230469,261.1300048828125,257.6401062011719,260.0,5930214
2025-10-22 15:30:00+00:00,258.54998779296875,259.489990234375,258.04998779296875,258.45001220703125,3763921
2025-10-22 16:30:00+00:00,256.69140625,258.7699890136719,256.29998779296875,258.54998779296875,4679141
2025-10-22 17:30:00+00:00,256.5509948730469,257.0798034667969,255.42999267578125,256.6700134277344,4221043
2025-10-22 18:30:00+00:00,257.510009765625,257.67999267578125,256.1400146484375,256.54998779296875,3195141
2025-10-22 19:30:00+00:00,258.42999267578125,258.80999755859375,257.42999267578125,257.5199890136719,4263522
2025-10-23 13:30:00+00:00,259.4798889160156,260.1799011230469,258.0101013183594,259.8900146484375,6251007
2025-10-23 14:30:00+00:00,259.3999938964844,259.67999267578125,258.7300109863281,259.4200134277344,2852790
2025-10-23 15:30:00+00:00,260.0400085449219,260.6199035644531,259.0834045410156,259.3999938964844,3168121
2025-10-23 16:30:00+00:00,259.8599853515625,260.54998779296875,259.5199890136719,260.04998779296875,2574209
2025-10-23 17:30:00+00:00,259.9700012207031,260.42498779296875,259.8299865722656,259.8800048828125,3320192
2025-10-23 18:30:00+00:00,259.8999938964844,260.0199890136719,259.6199951171875,259.9700012207031,2237171
2025-10-23 19:30:00+00:00,259.5799865722656,260.04998779296875,259.0799865722656,259.9100036621094,3143856
2025-10-24 13:30:00+00:00,260.94140625,261.6199951171875,259.17999267578125,261.19000244140625,7287527
2025-10-24 14:30:00+00:00,263.2799987792969,263.3599853515625,260.7900085449219,260.94000244140625,5490920
2025-10-24 15:30:00+00:00,263.5799865722656,264.0299987792969,262.95001220703125,263.2900085449219,4458666
2025-10-24 16:30:00+00:00,263.6099853515625,263.7099914550781,262.8500061035156,263.5899963378906,2930456
2025-10-24 17:30:00+00:00,264.0199890136719,264.1300048828125,263.4100036621094,263.6099853515625,2843868
2025-10-24 18:30:00+00:00,263.5,264.1000061035156,263.1499938964844,264.0249938964844,3187549
2025-10-24 19:30:00+00:00,262.739990234375,263.6600036621094,262.1300048828125,263.510009765625,4742484
2025-10-27 13:30:00+00:00,265.7300109863281,267.04998779296875,264.65008544921875,264.8800048828125,9319511
2025-10-27 14:30:00+00:00,265.7099914550781,266.4200134277344,265.19500732421875,265.739990234375,4050852
2025-10-27 15:30:00+00:00,265.92999267578125,266.0899963378906,265.04998779296875,265.7099914550781,3517895
2025-10-27 16:30:00+00:00,265.6199951171875,266.125,265.510009765625,265.94000244140625,3331147
2025-10-27 17:30:00+00:00,265.5950012207031,266.0150146484375,265.510009765625,265.6300048828125,2171755
2025-10-27 18:30:00+00:00,267.2749938964844,267.3999938964844,265.4700012207031,265.5899963378906,4259189
2025-10-27 19:30:00+00:00,268.739990234375,269.0799865722656,267.2099914550781,267.2699890136719,6996092
2025-10-28 13:30:00+00:00,268.6499938964844,269.8699951171875,268.25,269.135009765625,11832766
2025-10-28 14:30:00+00:00,268.69720458984375,269.1400146484375,268.1499938964844,268.6423034667969,3550384
2025-10-28 15:30:00+00:00,268.9949951171875,269.0758056640625,268.3500061035156,268.69500732421875,2758052
2025-10-28 16:30:00+00:00,269.4949951171875,269.8699951171875,268.82000732421875,268.9800109863281,3503864
2025-10-28 17:30:00+00:00,269.0902099609375,269.4949951171875,268.79998779296875,269.4949951171875,3181670
2025-10-28 18:30:00+00:00,269.20001220703125,269.44000244140625,268.7799987792969,269.1050109863281,4120349
2025-10-28 19:30:00+00:00,269.0299987792969,269.3550109863281,268.6000061035156,269.20001220703125,5339653
2025-10-29 13:30:00+00:00,270.4200134277344,271.4100036621094,268.70001220703125,269.2749938964844,10209230
2025-10-29 14:30:00+00:00,267.6300048828125,270.44500732421875,267.51220703125,270.4100036621094,6247839
2025-10-29 15:30:00+00:00,268.6199951171875,268.8599853515625,267.1099853515625,267.6099853515625,4595121
2025-10-29 16:30:00+00:00,269.93011474609375,269.93011474609375,268.4700927734375,268.6029968261719,3066081
2025-10-29 17:30:00+00:00,270.80999755859375,270.8500061035156,269.7900085449219,269.8900146484375,4963178
2025-10-29 18:30:00+00:00,268.30999755859375,270.92999267578125,268.260009765625,270.7850036621094,5156103
2025-10-29 19:30:00+00:00,269.7300109863281,270.3800048828125,267.79998779296875,268.32000732421875,4325904
2025-10-30 13:30:00+00:00,269.0899963378906,274.1400146484375,268.989990234375,271.989990234375,8387840
2025-10-30 14:30:00+00:00,270.7900085449219,271.1700134277344,268.4800109863281,269.0899963378906,3886744
2025-10-30 15:30:00+00:00,272.010009765625,272.3900146484375,270.2630920410156,270.7799987792969,3869786
2025-10-30 16:30:00+00:00,271.95001220703125,272.06781005859375,271.0400085449219,272.0,2409548
2025-10-30 17:30:00+00:00,271.75,272.29998779296875,271.2799987792969,271.95001220703125,3435055
2025-10-30 18:30:00+00:00,271.3399963378906,272.00799560546875,270.9949951171875,271.760009765625,3831349
2025-10-30 19:30:00+00:00,271.260009765625,271.6700134277344,271.04998779296875,271.3399963378906,5175619
2025-10-31 13:30:00+00:00,270.3800048828125,277.32000732421875,269.1600036621094,276.989990234375,17228178
2025-10-31 14:30:00+00:00,271.29998779296875,271.5599060058594,270.10009765625,270.42999267578125,4595066
2025-10-31 15:30:00+00:00,272.43499755859375,272.8584899902344,270.2200012207031,271.2998962402344,4301242
2025-10-31 16:30:00+00:00,270.3487854003906,273.1700134277344,270.1499938964844,272.42999267578125,4005527
2025-10-31 17:30:00+00:00,271.80999755859375,272.0599060058594,270.1099853515625,270.3299865722656,2396660
2025-10-31 18:30:00+00:00,272.1050109863281,272.17498779296875,271.2699890136719,271.7900085449219,2901733
2025-10-31 19:30:00+00:00,270.25,272.6499938964844,269.9599914550781,272.1300048828125,6600568
2025-11-03 14:30:00+00:00,267.6300048828125,270.8299865722656,266.25,270.4200134277344,10223517
2025-11-03 15:30:00+00:00,266.6400146484375,268.2598876953125,266.5,267.6400146484375,3102546
2025-11-03 16:30:00+00:00,267.5350036621094,268.1499938964844,266.5223083496094,266.659912109375,2821699
2025-11-03 17:30:00+00:00,267.6780090332031,268.0,267.25,267.5199890136719,2034109
2025-11-03 18:30:00+00:00,267.30999755859375,268.6199951171875,267.30999755859375,267.70989990234375,2075268
2025-11-03 19:30:00+00:00,267.6199951171875,267.7900085449219,266.9100036621094,267.32000732421875,2243434
2025-11-03 20:30:00+00:00,269.05999755859375,269.1099853515625,267.4599914550781,267.6300048828125,3383138
2025-11-04 14:30:00+00:00,268.42999267578125,269.5899963378906,267.614990234375,268.24249267578125,9645778
2025-11-04 15:30:00+00:00,270.6099853515625,271.0,267.7099914550781,268.42999267578125,3278354
2025-11-04 16:30:00+00:00,270.010009765625,271.4859924316406,268.9800109863281,270.6400146484375,3846826
2025-11-04 17:30:00+00:00,270.6383972167969,270.92999267578125,269.8900146484375,270.0050048828125,2072453
2025-11-04 18:30:00+00:00,270.5104064941406,270.82000732421875,269.8699951171875,270.6099853515625,2562532
2025-11-04 19:30:00+00:00,270.09051513671875,270.6099853515625,269.2799987792969,270.5299987792969,2594188
2025-11-04 20:30:00+00:00,270.010009765625,270.4049987792969,269.5,270.1000061035156,3522552
2025-11-05 14:30:00+00:00,269.0101013183594,269.58990478515625,266.92999267578125,268.5899963378906,7995553
2025-11-05 15:30:00+00:00,270.2900085449219,270.3800048828125,268.760009765625,268.989990234375,2169435
2025-11-05 16:30:00+00:00,269.9700012207031,270.4700012207031,269.5,270.2799987792969,1631841
2025-11-05 17:30:00+00:00,270.1199951171875,270.7900085449219,269.92999267578125,269.9700012207031,1426592
2025-11-05 18:30:00+00:00,270.42999267578125,271.70001220703125,269.7699890136719,270.1099853515625,2651761
2025-11-05 19:30:00+00:00,269.6000061035156,271.5,269.5299987792969,270.4100036621094,2282746
2025-11-05 20:30:00+00:00,270.1099853515625,270.3999938964844,268.9949951171875,269.6099853515625,3567904
2025-11-06 14:30:00+00:00,272.82000732421875,272.82000732421875,267.8900146484375,267.8900146484375,6762187
2025-11-06 15:30:00+00:00,272.1814880371094,273.3999938964844,271.55010986328125,272.8280029296875,5580072
2025-11-06 16:30:00+00:00,271.42498779296875,272.2200012207031,270.3900146484375,272.17999267578125,3198033
2025-11-06 17:30:00+00:00,271.3500061035156,272.46978759765625,270.9200134277344,271.4200134277344,2621839
2025-11-06 18:30:00+00:00,271.9901123046875,272.1600036621094,271.0203857421875,271.3699951171875,1783486
2025-11-06 19:30:00+00:00,271.2099914550781,272.20001220703125,270.7349853515625,272.0050048828125,2198935
2025-11-06 20:30:00+00:00,269.6400146484375,271.52020263671875,269.5950012207031,271.20001220703125,3825533
2025-11-07 14:30:00+00:00,271.5799865722656,272.2900085449219,267.2699890136719,269.7950134277344,7855390
2025-11-07 15:30:00+00:00,269.5299987792969,271.9700012207031,269.4800109863281,271.55999755859375,3991205
2025-11-07 16:30:00+00:00,269.1099853515625,269.8900146484375,268.32000732421875,269.5199890136719,3276263
2025-11-07 17:30:00+00:00,268.45001220703125,269.1400146484375,268.0588073730469,269.114990234375,2041690
2025-11-07 18:30:00+00:00,267.25,268.6600036621094,267.0950012207031,268.45001220703125,2217548
2025-11-07 19:30:00+00:00,267.7598876953125,268.5,266.7799987792969,267.260009765625,3921327
2025-11-07 20:30:00+00:00,268.4200134277344,268.5799865722656,267.69000244140625,267.760009765625,3271221
2025-11-10 14:30:00+00:00,271.85699462890625,273.7300109863281,268.95001220703125,268.95001220703125,7030981
2025-11-10 15:30:00+00:00,269.06640625,271.989990234375,269.04998779296875,271.8299865722656,3083676
2025-11-10 16:30:00+00:00,269.0799865722656,269.7587890625,268.489990234375,269.0400085449219,2346213
2025-11-10 17:30:00+00:00,269.7300109863281,270.2300109863281,269.010009765625,269.07000732421875,1807442
2025-11-10 18:30:00+00:00,269.6600036621094,270.3077087402344,267.4549865722656,269.7099914550781,3188667
2025-11-10 19:30:00+00:00,269.11859130859375,269.80999755859375,269.04998779296875,269.6300048828125,2248210
2025-11-10 20:30:00+00:00,269.3599853515625,269.6000061035156,268.760009765625,269.1000061035156,2892894
2025-11-11 14:30:00+00:00,274.1000061035156,274.739990234375,269.79998779296875,269.80999755859375,9244708
2025-11-11 15:30:00+00:00,272.5,274.3460998535156,272.42999267578125,274.1000061035156,3452496
2025-11-11 16:30:00+00:00,273.31500244140625,273.614990234375,271.7799987792969,272.510009765625,2525614
2025-11-11 17:30:00+00:00,274.4800109863281,274.70001220703125,273.0299987792969,273.3299865722656,2634766
2025-11-11 18:30:00+00:00,275.32000732421875,275.6600036621094,274.1600036621094,274.489990234375,3455305
2025-11-11 19:30:00+00:00,275.25,275.760009765625,275.04998779296875,275.3299865722656,2653431
2025-11-11 20:30:00+00:00,275.29998779296875,275.8450012207031,274.79998779296875,275.239990234375,4039818
2025-11-12 14:30:00+00:00,272.94000244140625,275.239990234375,271.8699951171875,275.07501220703125,10718425
2025-11-12 15:30:00+00:00,274.6000061035156,274.6099853515625,272.54998779296875,272.9100036621094,3328165
2025-11-12 16:30:00+00:00,274.3900146484375,274.8500061035156,273.7250061035156,274.5899963378906,2104341
2025-11-12 17:30:00+00:00,274.9800109863281,275.1400146484375,274.1199951171875,274.3800048828125,1642127
2025-11-12 18:30:00+00:00,274.45001220703125,275.7300109863281,274.42999267578125,274.989990234375,2013567
2025-11-12 19:30:00+00:00,274.04998779296875,274.69000244140625,273.5,274.45001220703125,2059500
2025-11-12 20:30:00+00:00,273.3999938964844,274.3999938964844,272.9700012207031,274.04998779296875,3569522
2025-11-13 14:30:00+00:00,273.7099914550781,276.6990051269531,273.2900085449219,274.2699890136719,10014720
2025-11-13 15:30:00+00:00,274.037109375,274.19000244140625,272.17999267578125,273.7001037597656,3931506
2025-11-13 16:30:00+00:00,272.8599853515625,274.4898986816406,272.4599914550781,274.0299987792969,2339844
2025-11-13 17:30:00+00:00,272.5700988769531,273.32000732421875,272.5,272.8399963378906,1922883
2025-11-13 18:30:00+00:00,273.5299987792969,273.8500061035156,272.1000061035156,272.55999755859375,3060900
2025-11-13 19:30:00+00:00,273.03961181640625,273.69000244140625,272.5450134277344,273.5350036621094,2603044
2025-11-13 20:30:00+00:00,273.0400085449219,273.6000061035156,272.5,273.0299987792969,3833036
2025-11-14 14:30:00+00:00,273.7591857910156,273.8900146484375,269.6000061035156,271.04998779296875,10617822
2025-11-14 15:30:00+00:00,274.6499938964844,274.6499938964844,273.20001220703125,273.7699890136719,3569903
2025-11-14 16:30:00+00:00,275.7049865722656,275.9200134277344,273.54998779296875,274.6449890136719,4251993
2025-11-14 17:30:00+00:00,274.5849914550781,275.95831298828125,274.2300109863281,275.7099914550781,1963757
2025-11-14 18:30:00+00:00,273.9599914550781,274.760009765625,273.8399963378906,274.57000732421875,1593851
2025-11-14 19:30:00+00:00,272.989990234375,274.25,272.8900146484375,273.9700012207031,2106336
2025-11-14 20:30:00+00:00,272.54998779296875,273.260009765625,272.1700134277344,272.9700012207031,3210889
2025-11-17 14:30:00+00:00,269.2799987792969,270.489990234375,267.0,268.7200012207031,8509806
2025-11-17 15:30:00+00:00,267.8799133300781,269.3900146484375,266.6499938964844,269.2300109863281,3379761
2025-11-17 16:30:00+00:00,268.9200134277344,269.54998779296875,267.82000732421875,267.8500061035156,2089997
2025-11-17 17:30:00+00:00,267.7799987792969,269.3500061035156,267.44000244140625,268.94000244140625,1923442
2025-11-17 18:30:00+00:00,267.2900085449219,268.3399963378906,266.8599853515625,267.7699890136719,2030991
2025-11-17 19:30:00+00:00,266.44000244140625,267.3800048828125,265.7300109863281,267.2950134277344,2737988
2025-11-17 20:30:00+00:00,267.4599914550781,267.5799865722656,266.19000244140625,266.44000244140625,3487816
2025-11-18 14:30:00+00:00,267.6499938964844,270.7049865722656,265.32000732421875,269.9150085449219,8219985
2025-11-18 15:30:00+00:00,267.8399963378906,268.1199951171875,266.02801513671875,267.6650085449219,3521812
2025-11-18 16:30:00+00:00,267.1650085449219,268.3380126953125,267.1400146484375,267.8399963378906,2742457
2025-11-18 17:30:00+00:00,268.45001220703125,268.92999267578125,266.42999267578125,267.1600036621094,2282519
2025-11-18 18:30:00+00:00,268.03448486328125,269.2200012207031,267.9599914550781,268.45001220703125,2176560
2025-11-18 19:30:00+00:00,268.28021240234375,268.92498779296875,267.67999267578125,268.04998779296875,2115137
2025-11-18 20:30:00+00:00,267.510009765625,268.42999267578125,267.3299865722656,268.29998779296875,3127789
2025-11-19 14:30:00+00:00,271.8500061035156,272.2099914550781,265.5,265.5249938964844,6778562
2025-11-19 15:30:00+00:00,269.7300109863281,272.010009765625,269.3200988769531,271.85009765625,2792346
2025-11-19 16:30:00+00:00,270.3999938964844,270.6549987792969,269.5299987792969,269.75,2001030
2025-11-19 17:30:00+00:00,270.0299987792969,271.30999755859375,269.6199951171875,270.4599914550781,2049762
2025-11-19 18:30:00+00:00,269.6700134277344,271.010009765625,269.6300048828125,270.010009765625,1644126
2025-11-19 19:30:00+00:00,270.0350036621094,270.7349853515625,269.1700134277344,269.6700134277344,2137859
2025-11-19 20:30:00+00:00,268.54998779296875,270.3299865722656,268.1400146484375,270.0,3516386
2025-11-20 14:30:00+00:00,273.9049987792969,275.42999267578125,270.80999755859375,270.80999755859375,7869887
2025-11-20 15:30:00+00:00,271.7799987792969,274.7300109863281,271.6199951171875,273.9100036621094,2856925
2025-11-20 16:30:00+00:00,268.94000244140625,271.7799987792969,268.04998779296875,271.7799987792969,4056106
2025-11-20 17:30:00+00:00,268.80999755859375,269.25,267.0201110839844,268.8699951171875,2981937
2025-11-20 18:30:00+00:00,267.7950134277344,268.92999267578125,266.3599853515625,268.7900085449219,2392389
2025-11-20 19:30:00+00:00,267.32000732421875,267.9100036621094,267.0,267.7799987792969,2094448
2025-11-20 20:30:00+00:00,266.3800048828125,267.5799865722656,265.9200134277344,267.32000732421875,3489586
2025-11-21 14:30:00+00:00,269.8500061035156,270.45001220703125,265.82000732421875,265.8800048828125,10658658
2025-11-21 15:30:00+00:00,270.8999938964844,271.4700012207031,269.2200012207031,269.7900085449219,4761138
2025-11-21 16:30:00+00:00,270.54998779296875,271.1199951171875,269.80999755859375,270.8900146484375,2949033
2025-11-21 17:30:00+00:00,270.9800109863281,271.6000061035156,270.20001220703125,270.6300048828125,2023820
2025-11-21 18:30:00+00:00,272.6099853515625,273.31500244140625,270.864990234375,270.9800109863281,3562846
2025-11-21 19:30:00+00:00,271.3699951171875,273.2799987792969,271.3500061035156,272.57501220703125,3135966
2025-11-21 20:30:00+00:00,271.5,272.1300048828125,270.5899963378906,271.3500061035156,4300075
2025-11-24 14:30:00+00:00,273.0950012207031,275.9200134277344,270.8999938964844,270.8999938964844,7995693
2025-11-24 15:30:00+00:00,275.0,275.38958740234375,272.6499938964844,273.0799865722656,3612728
2025-11-24 16:30:00+00:00,274.8500061035156,275.2699890136719,274.44000244140625,274.9700012207031,2583089
2025-11-24 17:30:00+00:00,276.1199951171875,276.510009765625,274.75,274.8500061035156,3404232
2025-11-24 18:30:00+00:00,276.2195129394531,276.45001220703125,275.8500061035156,276.1199951171875,2440121
2025-11-24 19:30:00+00:00,276.4750061035156,276.6549987792969,275.3550109863281,276.2300109863281,2989562
2025-11-24 20:30:00+00:00,275.9800109863281,276.9800109863281,275.1099853515625,276.4700012207031,4904039
2025-11-25 14:30:00+00:00,278.9049987792969,280.3800048828125,275.2699890136719,275.29998779296875,9723608
2025-11-25 15:30:00+00:00,277.8299865722656,279.6300048828125,277.7799987792969,278.8900146484375,2840433
2025-11-25 16:30:00+00:00,279.0700988769531,279.30999755859375,277.5,277.82000732421875,2504679
2025-11-25 17:30:00+00:00,278.760009765625,279.3699951171875,278.2300109863281,279.0899963378906,1925113
2025-11-25 18:30:00+00:00,278.0350036621094,278.7799987792969,277.7900085449219,278.7650146484375,1727727
2025-11-25 19:30:00+00:00,277.56500244140625,278.1449890136719,277.49749755859375,278.0400085449219,1909795
2025-11-25 20:30:00+00:00,276.95001220703125,278.0,276.8599853515625,277.55999755859375,2448205
2025-11-26 14:30:00+00:00,277.80999755859375,279.0474853515625,276.6300048828125,276.9599914550781,5086107
2025-11-26 15:30:00+00:00,279.0101013183594,279.1400146484375,276.80999755859375,277.7900085449219,2510611
2025-11-26 16:30:00+00:00,279.0790100097656,279.5299987792969,278.8699951171875,279.0299987792969,2586354
2025-11-26 17:30:00+00:00,278.54998779296875,279.2900085449219,278.0950012207031,279.07000732421875,1871279
2025-11-26 18:30:00+00:00,278.260009765625,278.581787109375,277.92498779296875,278.55999755859375,1426945
2025-11-26 19:30:00+00:00,278.0799865722656,278.94000244140625,278.010009765625,278.2601013183594,1953254
2025-11-26 20:30:00+00:00,277.4700012207031,278.29998779296875,277.1499938964844,278.07000732421875,9116002
2025-11-28 14:30:00+00:00,276.260009765625,278.23919677734375,276.0199890136719,277.260009765625,4040463
2025-11-28 15:30:00+00:00,276.25,276.9198913574219,275.989990234375,276.2900085449219,1743837
2025-11-28 16:30:00+00:00,277.04998779296875,277.16009521484375,275.98651123046875,276.2449951171875,1791406
2025-12-01 14:30:00+00:00,278.14208984375,278.7699890136719,276.1400146484375,278.1499938964844,5114373
2025-12-01 15:30:00+00:00,277.9200134277344,278.4801025390625,277.30499267578125,278.1000061035156,1731132
2025-12-01 16:30:00+00:00,279.7705078125,279.8900146484375,277.8900146484375,277.8999938964844,2091919
2025-12-01 17:30:00+00:00,280.58819580078125,280.6400146484375,279.4599914550781,279.7749938964844,2222347
2025-12-01 18:30:00+00:00,280.8900146484375,281.2200012207031,280.45001220703125,280.590087890625,2919865
2025-12-01 19:30:00+00:00,281.9100036621094,281.94000244140625,280.7099914550781,280.8800048828125,2916696
2025-12-01 20:30:00+00:00,283.32000732421875,283.4100036621094,281.7300109863281,281.9200134277344,5357873
2025-12-02 14:30:00+00:00,284.57000732421875,285.3089904785156,282.6300964355469,283.0,7878173
2025-12-02 15:30:00+00:00,285.5400085449219,287.3999938964844,284.1499938964844,284.5400085449219,6214915
2025-12-02 16:30:00+00:00,285.8699951171875,285.9999084472656,284.8299865722656,285.5400085449219,2847056
2025-12-02 17:30:00+00:00,285.2149963378906,286.3399963378906,284.94000244140625,285.8800048828125,2725658
2025-12-02 18:30:00+00:00,285.625,286.1300048828125,285.0150146484375,285.20001220703125,2146948
2025-12-02 19:30:00+00:00,286.239990234375,286.82000732421875,285.5801086425781,285.6000061035156,2898388
2025-12-02 20:30:00+00:00,286.2300109863281,286.6099853515625,285.7099914550781,286.239990234375,3132652
2025-12-03 14:30:00+00:00,287.34051513671875,288.6099853515625,285.8999938964844,286.20001220703125,6627228
2025-12-03 15:30:00+00:00,286.4100036621094,287.5899963378906,285.75,287.32000732421875,3581593
2025-12-03 16:30:00+00:00,286.385009765625,286.82000732421875,285.5,286.4200134277344,2126959
2025-12-03 17:30:00+00:00,285.6792907714844,286.44000244140625,285.3399963378906,286.3500061035156,2127386
2025-12-03 18:30:00+00:00,285.2099914550781,285.94000244140625,284.8843078613281,285.67999267578125,1618603
2025-12-03 19:30:00+00:00,284.55499267578125,285.2499084472656,284.2749938964844,285.2300109863281,11158331
2025-12-03 20:30:00+00:00,284.1499938964844,284.70001220703125,283.5400085449219,284.54998779296875,0
2025-12-04 14:30:00+00:00,281.2250061035156,284.7300109863281,280.2699890136719,284.1099853515625,6410843
2025-12-04 15:30:00+00:00,280.2799987792969,281.6000061035156,279.80999755859375,281.2099914550781,2986361
2025-12-04 16:30:00+00:00,280.114990234375,280.9335021972656,279.93780517578125,280.2850036621094,2285394
2025-12-04 17:30:00+00:00,280.0050048828125,280.4866943359375,279.6400146484375,280.1300048828125,1806229
2025-12-04 18:30:00+00:00,278.8599853515625,280.1000061035156,278.5899963378906,279.989990234375,2574486
2025-12-04 19:30:00+00:00,280.125,280.7300109863281,278.82000732421875,278.8599853515625,2807996
2025-12-04 20:30:00+00:00,280.6499938964844,280.69000244140625,279.5799865722656,280.1199951171875,3165508
2025-12-05 14:30:00+00:00,280.4551086425781,281.1400146484375,279.2699890136719,280.5400085449219,4393145
2025-12-05 15:30:00+00:00,279.2950134277344,280.9800109863281,279.2900085449219,280.4599914550781,3579247
2025-12-05 16:30:00+00:00,278.31500244140625,279.3399963378906,278.114990234375,279.29998779296875,2319755
2025-12-05 17:30:00+00:00,279.44000244140625,279.4801025390625,278.04998779296875,278.31500244140625,1693305
2025-12-05 18:30:00+00:00,279.2337951660156,279.57000732421875,278.5849914550781,279.4800109863281,1553832
2025-12-05 19:30:00+00:00,278.8013916015625,279.29998779296875,278.5400085449219,279.2300109863281,1937238
2025-12-05 20:30:00+00:00,278.7900085449219,279.0249938964844,278.19000244140625,278.79998779296875,2719470
2025-12-08 14:30:00+00:00,277.55999755859375,279.6693115234375,277.45001220703125,278.1684875488281,6285926
2025-12-08 15:30:00+00:00,277.4599914550781,277.8800048828125,276.7049865722656,277.54998779296875,3326326
2025-12-08 16:30:00+00:00,277.2300109863281,277.8190002441406,277.0000915527344,277.4700012207031,1896481
2025-12-08 17:30:00+00:00,276.9700012207031,277.84991455078125,276.8699951171875,277.2099914550781,1999024
2025-12-08 18:30:00+00:00,276.3599853515625,276.9494934082031,276.20001220703125,276.9494934082031,1825108
2025-12-08 19:30:00+00:00,276.92498779296875,276.9700012207031,276.1499938964844,276.3699951171875,2861661
2025-12-08 20:30:00+00:00,277.9599914550781,277.9849853515625,276.6600036621094,276.92999267578125,2613900
2025-12-09 14:30:00+00:00,277.70001220703125,280.0299987792969,277.3500061035156,277.8900146484375,5341504
2025-12-09 15:30:00+00:00,277.4100036621094,278.0,277.0299987792969,277.70001220703125,2290151
2025-12-09 16:30:00+00:00,277.875,278.1199951171875,277.20001220703125,277.4100036621094,1696929
2025-12-09 17:30:00+00:00,278.385009765625,278.739990234375,277.79998779296875,277.875,1988455
2025-12-09 18:30:00+00:00,278.69000244140625,278.8900146484375,278.1199951171875,278.385009765625,1262893
2025-12-09 19:30:00+00:00,277.864990234375,278.75,277.6499938964844,278.69000244140625,1906538
2025-12-09 20:30:00+00:00,277.2300109863281,278.25,276.9200134277344,277.864990234375,2737573
2025-12-10 14:30:00+00:00,277.45001220703125,278.7929992675781,276.5849914550781,277.8699951171875,3868165
2025-12-10 15:30:00+00:00,278.2576904296875,278.2799987792969,276.44000244140625,277.4549865722656,1880040
2025-12-10 16:30:00+00:00,278.5264892578125,278.8900146484375,277.9750061035156,278.2300109863281,1611918
2025-12-10 17:30:00+00:00,278.1199951171875,279.2799987792969,278.0849914550781,278.5199890136719,1374275
2025-12-10 18:30:00+00:00,278.2200012207031,279.2200012207031,277.9100036621094,278.1199951171875,1631790
2025-12-10 19:30:00+00:00,278.9800109863281,279.75,277.70001220703125,278.2200012207031,2578278
2025-12-10 20:30:00+00:00,278.7200012207031,279.3699951171875,278.5899963378906,278.989990234375,2242651
2025-12-11 14:30:00+00:00,276.1199951171875,279.5799865722656,273.80999755859375,279.0950012207031,6887208
2025-12-11 15:30:00+00:00,275.82501220703125,276.5899963378906,275.20001220703125,276.114990234375,2343607
2025-12-11 16:30:00+00:00,277.9049987792969,278.17999267578125,275.80999755859375,275.82000732421875,2412367
2025-12-11 17:30:00+00:00,277.5226135253906,278.3500061035156,277.3800048828125,277.9200134277344,1473658
2025-12-11 18:30:00+00:00,277.760009765625,278.2099914550781,277.510009765625,277.5249938964844,1432317
2025-12-11 19:30:00+00:00,278.0950012207031,278.2149963378906,277.59130859375,277.760009765625,1817634
2025-12-11 20:30:00+00:00,278.05999755859375,278.2099914550781,277.4700012207031,278.0899963378906,1985352
2025-12-12 14:30:00+00:00,277.8699951171875,279.2200012207031,276.9700927734375,277.0,3907328
2025-12-12 15:30:00+00:00,277.739990234375,278.8599853515625,277.44000244140625,277.8800048828125,3485545
2025-12-12 16:30:00+00:00,277.8550109863281,278.44000244140625,277.2807922363281,277.7699890136719,2096132
2025-12-12 17:30:00+00:00,279.04998779296875,279.19000244140625,277.8349914550781,277.8349914550781,2564725
2025-12-12 18:30:00+00:00,277.95001220703125,279.04998779296875,277.7300109863281,279.0400085449219,2354465
2025-12-12 19:30:00+00:00,278.05499267578125,278.80999755859375,277.80999755859375,277.95001220703125,2391168
2025-12-12 20:30:00+00:00,278.3699951171875,278.5,276.94500732421875,278.04998779296875,2787871
2025-12-15 14:30:00+00:00,274.1449890136719,279.79168701171875,273.6199951171875,279.75,8113962
2025-12-15 15:30:00+00:00,275.510009765625,275.6404113769531,273.7200012207031,274.1700134277344,3495538
2025-12-15 16:30:00+00:00,274.9200134277344,275.69500732421875,274.1499938964844,275.5400085449219,2136284
2025-12-15 17:30:00+00:00,274.0400085449219,275.1000061035156,273.7300109863281,274.92498779296875,1992688
2025-12-15 18:30:00+00:00,273.3699951171875,274.25,273.0799865722656,274.0199890136719,2430153
2025-12-15 19:30:00+00:00,273.80499267578125,273.8424987792969,272.8399963378906,273.3800048828125,2804616
2025-12-15 20:30:00+00:00,274.114990234375,274.7200012207031,273.5199890136719,273.80999755859375,4104430
2025-12-16 14:30:00+00:00,273.1700134277344,274.0299987792969,271.7900085449219,272.82000732421875,4976091
2025-12-16 15:30:00+00:00,272.80999755859375,273.82000732421875,272.5,273.1700134277344,2282059
2025-12-16 16:30:00+00:00,273.20001220703125,274.2799987792969,272.69000244140625,272.79998779296875,1929804
2025-12-16 17:30:00+00:00,272.1300048828125,273.489990234375,271.79998779296875,273.19989013671875,2118531
2025-12-16 18:30:00+00:00,273.56500244140625,273.9100036621094,272.135009765625,272.135009765625,2008038
2025-12-16 19:30:00+00:00,274.55999755859375,274.79998779296875,273.5400085449219,273.56500244140625,1912589
2025-12-16 20:30:00+00:00,274.4700012207031,275.5,274.45001220703125,274.54998779296875,2361847
2025-12-17 14:30:00+00:00,275.4949951171875,276.1600036621094,274.8299865722656,275.010009765625,4574850
2025-12-17 15:30:00+00:00,273.489990234375,275.7300109863281,273.0450134277344,275.4700012207031,3354929
2025-12-17 16:30:00+00:00,272.8699951171875,273.489990234375,272.2799987792969,273.489990234375,2372809
2025-12-17 17:30:00+00:00,273.0199890136719,273.69000244140625,272.6499938964844,272.8800048828125,1699122
2025-12-17 18:30:00+00:00,273.7850036621094,273.9700012207031,272.44000244140625,272.9901123046875,2046363
2025-12-17 19:30:00+00:00,273.65008544921875,274.1099853515625,273.57000732421875,273.7699890136719,2167480
2025-12-17 20:30:00+00:00,271.8599853515625,273.8699951171875,271.69000244140625,273.6700134277344,5130736
2025-12-18 14:30:00+00:00,270.8999938964844,273.6199951171875,266.9599914550781,273.6050109863281,10127086
2025-12-18 15:30:00+00:00,272.29998779296875,272.7200012207031,270.80999755859375,270.86199951171875,3659235
2025-12-18 16:30:00+00:00,270.25,273.16400146484375,269.94000244140625,272.2900085449219,3692916
2025-12-18 17:30:00+00:00,272.6499938964844,272.75,270.1199951171875,270.20001220703125,1920512
2025-12-18 18:30:00+00:00,271.3699951171875,272.9599914550781,271.0899963378906,272.6700134277344,2108845
2025-12-18 19:30:00+00:00,271.8399963378906,271.96990966796875,270.5,271.3699951171875,2747038
2025-12-18 20:30:00+00:00,272.1600036621094,273.20001220703125,271.7850036621094,271.8500061035156,2956766
2025-12-19 14:30:00+00:00,271.7349853515625,272.9200134277344,270.95001220703125,272.1449890136719,18574766
2025-12-19 15:30:00+00:00,271.26080322265625,272.82000732421875,270.9949951171875,271.7200927734375,2919546
2025-12-19 16:30:00+00:00,270.6549987792969,271.4599914550781,270.2699890136719,271.2622985839844,2629565
2025-12-19 17:30:00+00:00,270.75,271.80950927734375,270.3399963378906,270.6600036621094,3085614
2025-12-19 18:30:00+00:00,271.3699951171875,271.5098876953125,270.3999938964844,270.760009765625,2544938
2025-12-19 19:30:00+00:00,270.79998779296875,271.739990234375,270.17498779296875,271.3800048828125,3108119
2025-12-19 20:30:00+00:00,273.6700134277344,274.5762939453125,269.8999938964844,270.80999755859375,8193309
2025-12-22 14:30:00+00:00,272.0150146484375,273.8800048828125,271.57000732421875,272.8599853515625,6084655
2025-12-22 15:30:00+00:00,272.44000244140625,272.79998779296875,271.510009765625,272.0299987792969,2467910
2025-12-22 16:30:00+00:00,271.94000244140625,272.510009765625,271.5199890136719,272.4200134277344,2114933
2025-12-22 17:30:00+00:00,270.9399108886719,272.1400146484375,270.739990234375,271.9200134277344,2226647
2025-12-22 18:30:00+00:00,270.864990234375,271.1400146484375,270.510009765625,270.93499755859375,1960079
2025-12-22 19:30:00+00:00,270.7200012207031,271.1099853515625,270.7149963378906,270.8699951171875,1999793
2025-12-22 20:30:00+00:00,270.82000732421875,271.19989013671875,270.5050048828125,270.7149963378906,2599971
2025-12-23 14:30:00+00:00,270.8399963378906,271.92999267578125,269.55999755859375,270.0,5104762
2025-12-23 15:30:00+00:00,271.7814025878906,271.95001220703125,270.70001220703125,270.8399963378906,2241209
2025-12-23 16:30:00+00:00,271.5299987792969,272.3111877441406,271.4729919433594,271.81500244140625,2086319
2025-12-23 17:30:00+00:00,271.70001220703125,271.80999755859375,271.1099853515625,271.5400085449219,1310733
2025-12-23 18:30:00+00:00,271.80999755859375,272.1199951171875,271.5,271.70001220703125,1442128
2025-12-23 19:30:00+00:00,272.10699462890625,272.44000244140625,271.760009765625,271.80999755859375,1857021
2025-12-23 20:30:00+00:00,272.239990234375,272.45001220703125,271.8399963378906,272.1000061035156,2287709
2025-12-24 14:30:00+00:00,274.03509521484375,274.739990234375,273.0899963378906,273.25,4589623
2025-12-24 15:30:00+00:00,274.85101318359375,275.04998779296875,273.9100036621094,274.0400085449219,2096233
2025-12-24 16:30:00+00:00,275.3599853515625,275.42999267578125,274.8299865722656,274.8599853515625,2055154
2025-12-26 14:30:00+00:00,274.8247985839844,275.3699951171875,274.05999755859375,274.385009765625,2899986
2025-12-26 15:30:00+00:00,274.8800048828125,274.9800109863281,274.3699951171875,274.81500244140625,1434883
2025-12-26 16:30:00+00:00,274.6400146484375,274.93499755859375,274.4100036621094,274.8800048828125,1079100
2025-12-26 17:30:00+00:00,274.5199890136719,274.6499938964844,274.2250061035156,274.6300048828125,903247
2025-12-26 18:30:00+00:00,274.7601013183594,274.9849853515625,274.3800048828125,274.5249938964844,1447341
2025-12-26 19:30:00+00:00,273.9800109863281,274.8299865722656,273.8700866699219,274.7650146484375,1463547
2025-12-26 20:30:00+00:00,273.25,273.989990234375,272.8699951171875,273.9800109863281,2563251
2025-12-29 14:30:00+00:00,273.9543151855469,274.3599853515625,272.3900146484375,272.69000244140625,3705071
2025-12-29 15:30:00+00:00,273.2200012207031,274.0299987792969,272.989990234375,273.95001220703125,1533379
2025-12-29 16:30:00+00:00,273.0400085449219,273.2900085449219,272.8299865722656,273.21881103515625,1203367
2025-12-29 17:30:00+00:00,273.6400146484375,273.6700134277344,272.9502868652344,273.0400085449219,3234552
2025-12-29 18:30:00+00:00,273.67999267578125,274.0,273.44000244140625,273.6300048828125,0
2025-12-29 19:30:00+00:00,273.9028015136719,274.0,273.6700134277344,273.67999267578125,1410063
2025-12-29 20:30:00+00:00,273.79901123046875,273.94000244140625,273.4599914550781,273.9100036621094,1452813
2025-12-30 14:30:00+00:00,272.5899963378906,274.07000732421875,272.3948059082031,274.0,3335833
2025-12-30 15:30:00+00:00,272.85980224609375,273.32000732421875,272.4200134277344,272.5799865722656,1711221
2025-12-30 16:30:00+00:00,272.5899963378906,272.9200134277344,272.2799987792969,272.8299865722656,1582688
2025-12-30 17:30:00+00:00,273.1000061035156,273.19000244140625,272.55999755859375,272.5899963378906,1137372
2025-12-30 18:30:00+00:00,273.3900146484375,273.52178955078125,273.0101013183594,273.1000061035156,1396303
2025-12-30 19:30:00+00:00,273.1650085449219,273.4744873046875,273.0899963378906,273.3800048828125,1396305
2025-12-30 20:30:00+00:00,272.989990234375,273.2550048828125,272.739990234375,273.1600036621094,2121973
2025-12-31 14:30:00+00:00,272.489990234375,273.67999267578125,272.2318115234375,273.04998779296875,2706559
2025-12-31 15:30:00+00:00,272.489990234375,272.5849914550781,271.760009765625,272.4949951171875,1886713
2025-12-31 16:30:00+00:00,272.6700134277344,272.79998779296875,272.2699890136719,272.489990234375,1322310
2025-12-31 17:30:00+00:00,272.625,273.1000061035156,272.54998779296875,272.6600036621094,1445671
2025-12-31 18:30:00+00:00,272.9609069824219,273.42999267578125,272.5799865722656,272.625,1456290
2025-12-31 19:30:00+00:00,272.0799865722656,273.0068054199219,271.9599914550781,272.97021484375,1417798
2025-12-31 20:30:00+00:00,271.8399963378906,272.75,271.75,272.0899963378906,2509865
2026-01-02 14:30:00+00:00,273.3900146484375,277.8247985839844,272.3800048828125,272.69000244140625,7596139
2026-01-02 15:30:00+00:00,270.3245849609375,273.3900146484375,269.8299865722656,273.3699951171875,4078484
2026-01-02 16:30:00+00:00,270.1499938964844,270.9599914550781,269.1099853515625,270.29998779296875,2431873
2026-01-02 17:30:00+00:00,270.0799865722656,270.4800109863281,269.7300109863281,270.17999267578125,1780091
2026-01-02 18:30:00+00:00,270.1300048828125,270.2499084472656,269.0199890136719,270.0899963378906,2020830
2026-01-02 19:30:00+00:00,270.510009765625,270.8399963378906,270.0899963378906,270.1400146484375,2106622
2026-01-02 20:30:00+00:00,270.9800109863281,271.04998779296875,270.3500061035156,270.5299987792969,2650904
2026-01-05 14:30:00+00:00,269.80999755859375,271.17999267578125,267.8599853515625,270.635009765625,7189336
2026-01-05 15:30:00+00:00,268.7900085449219,270.2200012207031,268.70001220703125,269.79998779296875,3119976
2026-01-05 16:30:00+00:00,266.9700012207031,268.8500061035156,266.9200134277344,268.7799987792969,3085098
2026-01-05 17:30:00+00:00,267.4200134277344,267.8900146484375,266.7701110839844,266.989990234375,2496455
2026-01-05 18:30:00+00:00,266.2698974609375,267.6650085449219,266.1400146484375,267.4100036621094,2514491
2026-01-05 19:30:00+00:00,267.0190124511719,267.0400085449219,266.20001220703125,266.2699890136719,2686552
2026-01-05 20:30:00+00:00,267.260009765625,267.739990234375,266.45001220703125,267.0299987792969,2894622
2026-01-06 14:30:00+00:00,264.0299987792969,267.54998779296875,263.0299987792969,267.00799560546875,8140729
2026-01-06 15:30:00+00:00,262.4198913574219,265.1000061035156,262.29998779296875,264.0299987792969,4820286
2026-01-06 16:30:00+00:00,262.8846130371094,263.0,262.2099914550781,262.4200134277344,3187699
2026-01-06 17:30:00+00:00,262.5400085449219,263.79998779296875,262.4901123046875,262.8900146484375,2583269
2026-01-06 18:30:00+00:00,262.87701416015625,263.07000732421875,262.5400085449219,262.92999267578125,2024107
2026-01-06 19:30:00+00:00,262.82000732421875,263.0150146484375,262.260009765625,262.7799987792969,3190757
2026-01-06 20:30:00+00:00,262.42498779296875,262.9601135253906,262.3999938964844,262.8299865722656,2355864
2026-01-07 14:30:00+00:00,262.0299987792969,263.67999267578125,261.2099914550781,263.2699890136719,7368698
2026-01-07 15:30:00+00:00,261.0837097167969,262.2900085449219,260.9100036621094,262.0199890136719,3565599
2026-01-07 16:30:00+00:00,262.3599853515625,262.57000732421875,261.07000732421875,261.0849914550781,3336015
2026-01-07 17:30:00+00:00,261.2200012207031,262.70001220703125,261.0799865722656,262.3699951171875,2890664
2026-01-07 18:30:00+00:00,261.5899963378906,262.20001220703125,261.1300048828125,261.2449951171875,2574362
2026-01-07 19:30:00+00:00,261.3299865722656,262.5199890136719,261.260009765625,261.5899963378906,2727906
2026-01-07 20:30:00+00:00,260.3599853515625,261.3299865722656,259.82000732421875,261.3299865722656,4547876
2026-01-08 14:30:00+00:00,256.7449951171875,257.7699890136719,255.6999969482422,256.375,10183679
2026-01-08 15:30:00+00:00,256.1099853515625,257.19000244140625,255.9499969482422,256.7200927734375,4167093
2026-01-08 16:30:00+00:00,256.7090148925781,258.6000061035156,255.97000122070312,256.1099853515625,3892484
2026-01-08 17:30:00+00:00,257.4800109863281,257.6300048828125,256.5979919433594,256.6900939941406,2448318
2026-01-08 18:30:00+00:00,256.6000061035156,257.5199890136719,256.29998779296875,257.510009765625,2399355
2026-01-08 19:30:00+00:00,258.2799987792969,258.3299865722656,256.3800048828125,256.6050109863281,3537960
2026-01-08 20:30:00+00:00,259.05999755859375,259.2799987792969,257.9601135253906,258.2799987792969,3213685
2026-01-09 14:30:00+00:00,258.4599914550781,260.0,256.2200927734375,259.0,7220053
2026-01-09 15:30:00+00:00,256.9599914550781,258.75,256.8800048828125,258.4599914550781,3212319
2026-01-09 16:30:00+00:00,258.92999267578125,259.05499267578125,256.7663879394531,256.9512939453125,3345096
2026-01-09 17:30:00+00:00,259.1199951171875,259.1600036621094,258.2401123046875,258.9100036621094,2173770
2026-01-09 18:30:00+00:00,259.7300109863281,259.95001220703125,259.010009765625,259.1300048828125,1971968
2026-01-09 19:30:00+00:00,259.9649963378906,260.2099914550781,259.67999267578125,259.7300109863281,2732054
2026-01-09 20:30:00+00:00,259.3500061035156,260.05499267578125,258.95001220703125,259.95001220703125,2303687
2026-01-12 14:30:00+00:00,260.3500061035156,261.29998779296875,256.79998779296875,259.4100036621094,8505619
2026-01-12 15:30:00+00:00,260.2300109863281,260.45001220703125,259.04998779296875,260.364990234375,3280015
2026-01-12 16:30:00+00:00,260.60931396484375,261.1099853515625,259.7099914550781,260.2300109863281,2709473
2026-01-12 17:30:00+00:00,260.8900146484375,261.29998779296875,260.3500061035156,260.6000061035156,2160352
2026-01-12 18:30:00+00:00,260.6400146484375,260.94000244140625,260.19000244140625,260.8909912109375,1974059
2026-01-12 19:30:00+00:00,260.9700012207031,261.19000244140625,260.48529052734375,260.6499938964844,2654547
2026-01-12 20:30:00+00:00,260.2099914550781,261.1300048828125,260.010009765625,260.9599914550781,2380012
2026-01-13 14:30:00+00:00,260.090087890625,261.80999755859375,258.3900146484375,258.7200012207031,8478567
2026-01-13 15:30:00+00:00,259.9100036621094,260.2799072265625,259.489990234375,260.1400146484375,2608808
2026-01-13 16:30:00+00:00,260.8399963378906,261.1600036621094,259.8500061035156,259.8999938964844,2483937
2026-01-13 17:30:00+00:00,259.989990234375,261.44000244140625,259.989990234375,260.8500061035156,2059870
2026-01-13 18:30:00+00:00,259.739990234375,260.6736145019531,259.1499938964844,259.9800109863281,2357708
2026-01-13 19:30:00+00:00,259.0199890136719,259.79998779296875,258.7601013183594,259.7398986816406,1960648
2026-01-13 20:30:00+00:00,261.04998779296875,261.20001220703125,258.8399963378906,259.010009765625,12843144
2026-01-14 14:30:00+00:00,259.75,261.80999755859375,258.82000732421875,259.4800109863281,5147768
2026-01-14 15:30:00+00:00,258.739990234375,260.0,257.8599853515625,259.7550048828125,2978461
2026-01-14 16:30:00+00:00,257.3800048828125,258.80999755859375,256.7099914550781,258.739990234375,2333928
2026-01-14 17:30:00+00:00,257.5299987792969,257.7149963378906,256.9100036621094,257.3900146484375,1604961
2026-01-14 18:30:00+00:00,257.79998779296875,258.1000061035156,257.05499267578125,257.5299987792969,1777225
2026-01-14 19:30:00+00:00,259.9700012207031,259.9800109863281,257.7900085449219,257.79998779296875,2443932
2026-01-14 20:30:00+00:00,259.95001220703125,260.6000061035156,258.6841125488281,259.9800109863281,14485668
2026-01-15 14:30:00+00:00,260.10009765625,261.0299987792969,259.6199951171875,260.6499938964844,5046140
2026-01-15 15:30:00+00:00,260.4949951171875,260.78509521484375,259.19000244140625,260.1400146484375,2795244
2026-01-15 16:30:00+00:00,259.3299865722656,260.6300048828125,259.29998779296875,260.5,2122658
2026-01-15 17:30:00+00:00,259.5299987792969,259.56500244140625,258.0,259.3399963378906,2472715
2026-01-15 18:30:00+00:00,258.32000732421875,259.75,258.260009765625,259.54998779296875,2003848
2026-01-15 19:30:00+00:00,257.6700134277344,258.45001220703125,257.04998779296875,258.3434143066406,3158266
2026-01-15 20:30:00+00:00,258.3299865722656,258.3800048828125,257.1099853515625,257.6575012207031,2733911
2026-01-16 14:30:00+00:00,256.80999755859375,258.8999938964844,256.4601135253906,258.20001220703125,11278805
2026-01-16 15:30:00+00:00,256.4399108886719,256.9200134277344,256.05999755859375,256.80999755859375,2790833
2026-01-16 16:30:00+00:00,255.8300018310547,256.6300048828125,255.82000732421875,256.426513671875,2796717
2026-01-16 17:30:00+00:00,256.0299987792969,256.08990478515625,254.92999267578125,255.8300018310547,3606144
2026-01-16 18:30:00+00:00,256.0,257.1499938964844,255.9149932861328,256.0299987792969,2811980
2026-01-16 19:30:00+00:00,256.17999267578125,256.9700012207031,255.94000244140625,256.0,2648818
2026-01-16 20:30:00+00:00,255.47999572753906,256.4725036621094,255.1300048828125,256.1700134277344,3511559
