Datetime,Close,High,Low,Open,Volume
2025-01-17 14:30:00+00:00,196.177001953125,198.35000610351562,195.30999755859375,198.11000061035156,6833883
2025-01-17 15:30:00+00:00,197.6999969482422,197.77000427246094,195.84010314941406,196.13999938964844,1563528
2025-01-17 16:30:00+00:00,197.6199951171875,197.74330139160156,196.99000549316406,197.7100067138672,1770696
2025-01-17 17:30:00+00:00,198.2899932861328,198.80999755859375,197.4499969482422,197.61000061035156,953352
2025-01-17 18:30:00+00:00,197.55999755859375,198.4199981689453,197.44290161132812,198.2899932861328,1622899
2025-01-17 19:30:00+00:00,197.5500030517578,197.6699981689453,197.1699981689453,197.5850067138672,919632
2025-01-17 20:30:00+00:00,197.5800018310547,198.10000610351562,197.3800048828125,197.57000732421875,3972697
2025-01-21 14:30:00+00:00,201.72000122070312,203.83999633789062,199.7030029296875,200.50999450683594,5125332
2025-01-21 15:30:00+00:00,199.88999938964844,201.83999633789062,199.82000732421875,201.7100067138672,1365053
2025-01-21 16:30:00+00:00,201.08999633789062,201.16769409179688,199.44000244140625,199.8800048828125,1521457
2025-01-21 17:30:00+00:00,201.08999633789062,201.5,200.95140075683594,201.11000061035156,984751
2025-01-21 18:30:00+00:00,200.5460968017578,201.2899932861328,200.49000549316406,201.10000610351562,872343
2025-01-21 19:30:00+00:00,200.57260131835938,200.77999877929688,200.27999877929688,200.55999755859375,842614
2025-01-21 20:30:00+00:00,199.61000061035156,200.61000061035156,199.47999572753906,200.57000732421875,1614223
2025-01-22 14:30:00+00:00,201.07000732421875,202.1199951171875,200.42999267578125,200.5500030517578,4169274
2025-01-22 15:30:00+00:00,201.5500030517578,201.6300048828125,200.69000244140625,201.0800018310547,1493882
2025-01-22 16:30:00+00:00,201.91000366210938,201.99000549316406,201.3300018310547,201.5399932861328,1085810
2025-01-22 17:30:00+00:00,200.28500366210938,201.91799926757812,200.08999633789062,201.91000366210938,1012711
2025-01-22 18:30:00+00:00,199.5050048828125,200.77450561523438,199.42999267578125,200.3300018310547,1160241
2025-01-22 19:30:00+00:00,199.69000244140625,199.82989501953125,199.1999969482422,199.5030059814453,1484056
2025-01-22 20:30:00+00:00,199.99000549316406,200.38999938964844,199.52000427246094,199.69000244140625,1659789
2025-01-23 14:30:00+00:00,200.6300048828125,201.2899932861328,198.9481964111328,199.97000122070312,2668170
2025-01-23 15:30:00+00:00,201.91000366210938,201.94000244140625,200.5399932861328,200.625,2240927
2025-01-23 16:30:00+00:00,200.99009704589844,201.91000366210938,200.9199981689453,201.91000366210938,817043
2025-01-23 17:30:00+00:00,200.74000549316406,201.1999969482422,200.66000366210938,200.99000549316406,1018110
2025-01-23 18:30:00+00:00,197.9199981689453,200.89999389648438,196.82000732421875,200.75,2964288
2025-01-23 19:30:00+00:00,198.72999572753906,198.91000366210938,197.90499877929688,197.94000244140625,1198675
2025-01-23 20:30:00+00:00,199.58999633789062,199.60000610351562,198.47999572753906,198.77000427246094,1846692
2025-01-24 14:30:00+00:00,200.50900268554688,201.92999267578125,199.78419494628906,199.8699951171875,2897600
2025-01-24 15:30:00+00:00,201.1199951171875,201.2100067138672,200.0500030517578,200.4949951171875,1233819
2025-01-24 16:30:00+00:00,201.00999450683594,201.35000610351562,200.47000122070312,201.14999389648438,1161553
2025-01-24 17:30:00+00:00,201.62820434570312,201.83050537109375,200.9320068359375,200.97999572753906,1158625
2025-01-24 18:30:00+00:00,202.36000061035156,202.57000732421875,201.4499969482422,201.6300048828125,1117012
2025-01-24 19:30:00+00:00,201.5800018310547,202.44000244140625,201.4499969482422,202.35000610351562,1098430
2025-01-24 20:30:00+00:00,201.9199981689453,202.02999877929688,201.41000366210938,201.6199951171875,1488670
2025-01-27 14:30:00+00:00,197.2899932861328,197.3300018310547,194.19000244140625,194.19000244140625,7487311
2025-01-27 15:30:00+00:00,196.49000549316406,198.6699981689453,196.26499938964844,197.2899932861328,2429434
2025-01-27 16:30:00+00:00,195.66000366210938,196.8300018310547,195.13999938964844,196.47500610351562,2161079
2025-01-27 17:30:00+00:00,195.22000122070312,195.9600067138672,195.0500030517578,195.67999267578125,1416616
2025-01-27 18:30:00+00:00,195.72999572753906,195.8699951171875,194.89999389648438,195.2100067138672,1488185
2025-01-27 19:30:00+00:00,193.1300048828125,195.72999572753906,193.00999450683594,195.72999572753906,3223231
2025-01-27 20:30:00+00:00,193.75999450683594,193.94000244140625,192.70350646972656,193.14999389648438,2904136
2025-01-28 14:30:00+00:00,196.25999450683594,196.52999877929688,192.61000061035156,194.13009643554688,4416603
2025-01-28 15:30:00+00:00,196.27999877929688,197.07000732421875,195.66000366210938,196.25999450683594,1707822
2025-01-28 16:30:00+00:00,196.66000366210938,197.11000061035156,195.6999969482422,196.27000427246094,1128480
2025-01-28 17:30:00+00:00,196.6199951171875,196.83999633789062,196.38999938964844,196.6417999267578,995656
2025-01-28 18:30:00+00:00,196.61000061035156,196.99000549316406,196.50559997558594,196.6300048828125,902638
2025-01-28 19:30:00+00:00,196.92999267578125,197.22999572753906,196.39840698242188,196.6199951171875,1594457
2025-01-28 20:30:00+00:00,197.00999450683594,197.22000122070312,196.24000549316406,196.9499969482422,1889514
2025-01-29 14:30:00+00:00,195.75999450683594,198.0399932861328,195.19000244140625,197.36000061035156,2607191
2025-01-29 15:30:00+00:00,196.52999877929688,196.77999877929688,195.69000244140625,195.74000549316406,938410
2025-01-29 16:30:00+00:00,196.91000366210938,197.0850067138672,196.375,196.52999877929688,1929907
2025-01-29 17:30:00+00:00,196.7949981689453,196.90370178222656,195.97999572753906,196.89999389648438,0
2025-01-29 18:30:00+00:00,196.9600067138672,197.13999938964844,196.22000122070312,196.80499267578125,1203653
2025-01-29 19:30:00+00:00,198.13999938964844,198.45950317382812,196.76499938964844,196.92999267578125,1560602
2025-01-29 20:30:00+00:00,197.14999389648438,198.27999877929688,196.66000366210938,198.16000366210938,1342611
2025-01-30 14:30:00+00:00,201.6334991455078,203.2384033203125,199.75999450683594,199.75999450683594,4005699
2025-01-30 15:30:00+00:00,201.3000030517578,201.8000030517578,199.47999572753906,201.5800018310547,1519990
2025-01-30 16:30:00+00:00,201.07000732421875,202.02000427246094,201.0,201.2899932861328,1017878
2025-01-30 17:30:00+00:00,201.4600067138672,201.69000244140625,200.8800048828125,201.08999633789062,789198
2025-01-30 18:30:00+00:00,202.02000427246094,202.36000061035156,201.4600067138672,201.49000549316406,997467
2025-01-30 19:30:00+00:00,202.74000549316406,203.05999755859375,201.75,202.01300048828125,1365511
2025-01-30 20:30:00+00:00,202.60000610351562,202.97999572753906,201.94000244140625,202.7100067138672,2482182
2025-01-31 14:30:00+00:00,205.83999633789062,206.63999938964844,203.5800018310547,203.79800415039062,3808814
2025-01-31 15:30:00+00:00,206.1699981689453,206.77999877929688,205.77999877929688,205.82000732421875,1535299
2025-01-31 16:30:00+00:00,206.22000122070312,206.82000732421875,205.9499969482422,206.14999389648438,1327110
2025-01-31 17:30:00+00:00,206.5399932861328,207.0800018310547,205.89999389648438,206.22500610351562,1335035
2025-01-31 18:30:00+00:00,206.5200958251953,207.0500030517578,205.97999572753906,206.5,1418521
2025-01-31 19:30:00+00:00,205.14999389648438,206.72000122070312,204.8699951171875,206.52000427246094,1864364
2025-01-31 20:30:00+00:00,205.52000427246094,206.14999389648438,205.0,205.14999389648438,2064771
2025-02-03 14:30:00+00:00,203.99000549316406,204.5,201.66000366210938,202.21499633789062,5239249
2025-02-03 15:30:00+00:00,204.6654052734375,205.2100067138672,203.22000122070312,203.94500732421875,1834647
2025-02-03 16:30:00+00:00,204.1938018798828,205.22000122070312,203.85000610351562,204.66000366210938,1077337
2025-02-03 17:30:00+00:00,204.44000244140625,204.6300048828125,203.66189575195312,204.1999969482422,1104314
2025-02-03 18:30:00+00:00,204.2100067138672,204.6728057861328,203.97999572753906,204.47000122070312,1028879
2025-02-03 19:30:00+00:00,203.57000732421875,204.27000427246094,203.44000244140625,204.22999572753906,1158915
2025-02-03 20:30:00+00:00,202.6300048828125,203.75,202.4199981689453,203.58999633789062,1594429
2025-02-04 14:30:00+00:00,207.1634979248047,207.2899932861328,204.25999450683594,204.5,4968667
2025-02-04 15:30:00+00:00,207.35000610351562,208.22999572753906,206.64999389648438,207.1999969482422,2374361
2025-02-04 16:30:00+00:00,205.78500366210938,207.375,205.6199951171875,207.3300018310547,2134059
2025-02-04 17:30:00+00:00,207.1300048828125,207.49000549316406,205.52999877929688,205.80499267578125,1668798
2025-02-04 18:30:00+00:00,206.9149932861328,207.1300048828125,206.3300018310547,207.09080505371094,1564197
2025-02-04 19:30:00+00:00,207.0800018310547,207.93099975585938,206.60000610351562,206.9499969482422,2659070
2025-02-04 20:30:00+00:00,207.75999450683594,208.6999969482422,206.94000244140625,207.07000732421875,3638967
2025-02-05 14:30:00+00:00,190.27000427246094,194.54989624023438,189.91000366210938,192.86500549316406,17462324
2025-02-05 15:30:00+00:00,191.4949951171875,191.67100524902344,189.9700927734375,190.24000549316406,5354565
2025-02-05 16:30:00+00:00,192.5,193.32000732421875,191.31700134277344,191.47999572753906,4242302
2025-02-05 17:30:00+00:00,192.30999755859375,193.30499267578125,192.0500030517578,192.50999450683594,2973057
2025-02-05 18:30:00+00:00,191.7451934814453,193.16000366210938,191.55999755859375,192.31500244140625,2813543
2025-02-05 19:30:00+00:00,192.2198944091797,192.4700927734375,191.35000610351562,191.75,3330469
2025-02-05 20:30:00+00:00,193.3000030517578,193.52999877929688,191.52000427246094,192.1999969482422,4432809
2025-02-06 14:30:00+00:00,192.19000244140625,193.1699981689453,190.49000549316406,191.11000061035156,6854412
2025-02-06 15:30:00+00:00,192.5500030517578,192.8699951171875,191.72000122070312,192.17999267578125,2741784
2025-02-06 16:30:00+00:00,192.44009399414062,192.82000732421875,192.20120239257812,192.55999755859375,1640063
2025-02-06 17:30:00+00:00,193.32440185546875,193.4499969482422,192.31100463867188,192.47000122070312,1552559
2025-02-06 18:30:00+00:00,193.14500427246094,193.8300018310547,192.97000122070312,193.3300018310547,1563711
2025-02-06 19:30:00+00:00,192.63180541992188,193.3000030517578,192.1199951171875,193.16000366210938,1827803
2025-02-06 20:30:00+00:00,193.3350067138672,193.75,192.57000732421875,192.64999389648438,1972300
2025-02-07 14:30:00+00:00,188.14999389648438,193.01499938964844,187.8800048828125,192.7050018310547,8015159
2025-02-07 15:30:00+00:00,187.31619262695312,188.67999267578125,186.88999938964844,188.1199951171875,4244230
2025-02-07 16:30:00+00:00,185.44500732421875,187.49000549316406,185.11000061035156,187.34750366210938,3875821
2025-02-07 17:30:00+00:00,187.82850646972656,187.83999633789062,185.22000122070312,185.44000244140625,2476479
2025-02-07 18:30:00+00:00,187.3699951171875,188.17999267578125,186.8699951171875,187.80999755859375,2290224
2025-02-07 19:30:00+00:00,187.1237030029297,187.7899932861328,187.10000610351562,187.3699951171875,2085096
2025-02-07 20:30:00+00:00,187.19000244140625,187.4600067138672,186.89999389648438,187.1199951171875,2508441
2025-02-10 14:30:00+00:00,189.60000610351562,189.99000549316406,187.61000061035156,189.05999755859375,4461506
2025-02-10 15:30:00+00:00,188.97999572753906,189.89999389648438,188.82000732421875,189.60000610351562,1750732
2025-02-10 16:30:00+00:00,187.92660522460938,189.19740295410156,187.82000732421875,189.0,1432141
2025-02-10 17:30:00+00:00,188.52000427246094,188.61000061035156,187.89999389648438,187.93499755859375,1184283
2025-02-10 18:30:00+00:00,188.35780334472656,188.60989379882812,188.25,188.52000427246094,1030038
2025-02-10 19:30:00+00:00,188.39999389648438,188.54910278320312,188.25999450683594,188.33999633789062,1252259
2025-02-10 20:30:00+00:00,188.1999969482422,188.47999572753906,187.92999267578125,188.40499877929688,1574956
2025-02-11 14:30:00+00:00,188.1199951171875,188.8000030517578,186.55999755859375,186.8350067138672,2703596
2025-02-11 15:30:00+00:00,186.86000061035156,188.37010192871094,186.32000732421875,188.1199951171875,1757671
2025-02-11 16:30:00+00:00,186.6300048828125,187.11000061035156,186.0800018310547,186.83529663085938,1344325
2025-02-11 17:30:00+00:00,186.38999938964844,186.7550048828125,186.3300018310547,186.66000366210938,811465
2025-02-11 18:30:00+00:00,186.72000122070312,186.9199981689453,186.3800048828125,186.38999938964844,933830
2025-02-11 19:30:00+00:00,187.25999450683594,187.5399932861328,186.44000244140625,186.7100067138672,1226487
2025-02-11 20:30:00+00:00,187.10000610351562,187.27999877929688,186.5500946044922,187.25999450683594,1443151
2025-02-12 14:30:00+00:00,185.13499450683594,186.82000732421875,183.6300048828125,185.22999572753906,3414644
2025-02-12 15:30:00+00:00,184.41000366210938,185.77749633789062,184.24000549316406,185.13499450683594,1539592
2025-02-12 16:30:00+00:00,185.77000427246094,185.88999938964844,184.36000061035156,184.4199981689453,1259269
2025-02-12 17:30:00+00:00,185.68499755859375,186.4040069580078,185.52000427246094,185.77000427246094,1055264
2025-02-12 18:30:00+00:00,185.05999755859375,185.75259399414062,184.7899932861328,185.69500732421875,2563295
2025-02-12 19:30:00+00:00,185.2899932861328,185.8300018310547,185.06500244140625,185.06500244140625,1019971
2025-02-12 20:30:00+00:00,185.41000366210938,185.63999938964844,184.9550018310547,185.27999877929688,1372626
2025-02-13 14:30:00+00:00,186.0,186.3300018310547,184.88999938964844,185.97000122070312,2872251
2025-02-13 15:30:00+00:00,185.97999572753906,186.85000610351562,185.88499450683594,186.0,1470508
2025-02-13 16:30:00+00:00,185.75,186.19000244140625,185.4199981689453,185.99000549316406,1051418
2025-02-13 17:30:00+00:00,185.6699981689453,186.13999938964844,185.34500122070312,185.7449951171875,1091338
2025-02-13 18:30:00+00:00,186.1300048828125,186.1999969482422,185.3300018310547,185.6999969482422,1144848
2025-02-13 19:30:00+00:00,187.1699981689453,187.27999877929688,186.0751953125,186.13999938964844,1310796
2025-02-13 20:30:00+00:00,187.86000061035156,187.99000549316406,187.09500122070312,187.1699981689453,1454393
2025-02-14 14:30:00+00:00,186.60000610351562,188.14999389648438,186.2100067138672,186.8300018310547,3260220
2025-02-14 15:30:00+00:00,187.0500030517578,187.2698974609375,186.1999969482422,186.58999633789062,1395256
2025-02-14 16:30:00+00:00,186.24000549316406,187.1217041015625,186.16000366210938,187.05999755859375,1112384
2025-02-14 17:30:00+00:00,186.6699981689453,186.91000366210938,186.11000061035156,186.27000427246094,1068398
2025-02-14 18:30:00+00:00,187.00999450683594,187.24000549316406,186.6300048828125,186.64500427246094,900263
2025-02-14 19:30:00+00:00,186.97999572753906,187.05999755859375,186.6699981689453,187.02000427246094,1077278
2025-02-14 20:30:00+00:00,186.8800048828125,187.66000366210938,186.8000030517578,187.0,1550641
2025-02-18 14:30:00+00:00,185.58999633789062,187.77999877929688,185.3300018310547,187.3800048828125,5016083
2025-02-18 15:30:00+00:00,186.08999633789062,186.38999938964844,185.57000732421875,185.60000610351562,1441748
2025-02-18 16:30:00+00:00,185.31500244140625,186.30450439453125,185.30999755859375,186.08999633789062,1300545
2025-02-18 17:30:00+00:00,184.94500732421875,185.77000427246094,184.8699951171875,185.3249969482422,1468405
2025-02-18 18:30:00+00:00,184.36000061035156,185.0399932861328,183.5800018310547,184.93499755859375,2132068
2025-02-18 19:30:00+00:00,184.9499053955078,185.147705078125,184.1699981689453,184.36000061035156,1577491
2025-02-18 20:30:00+00:00,185.8000030517578,185.86000061035156,184.72999572753906,184.9199981689453,2756495
2025-02-19 14:30:00+00:00,186.11500549316406,186.6999969482422,185.5050048828125,186.18499755859375,2620942
2025-02-19 15:30:00+00:00,186.4199981689453,187.10000610351562,185.65989685058594,186.0937042236328,1482364
2025-02-19 16:30:00+00:00,186.35000610351562,186.86000061035156,186.33999633789062,186.41000366210938,887418
2025-02-19 17:30:00+00:00,186.6300048828125,186.8699951171875,186.21499633789062,186.35000610351562,1014441
2025-02-19 18:30:00+00:00,186.52999877929688,186.77000427246094,186.2899932861328,186.63999938964844,826880
2025-02-19 19:30:00+00:00,186.51919555664062,186.8000030517578,186.3699951171875,186.52999877929688,1119685
2025-02-19 20:30:00+00:00,187.13999938964844,187.36000061035156,186.47000122070312,186.5399932861328,1503409
2025-02-20 14:30:00+00:00,185.64999389648438,187.1199951171875,184.60000610351562,186.52000427246094,2766545
2025-02-20 15:30:00+00:00,185.80999755859375,186.1300048828125,184.99000549316406,185.64999389648438,1270462
2025-02-20 16:30:00+00:00,185.69000244140625,185.94000244140625,185.33999633789062,185.82000732421875,927783
2025-02-20 17:30:00+00:00,185.94000244140625,186.0299072265625,185.5850067138672,185.66050720214844,820925
2025-02-20 18:30:00+00:00,186.35000610351562,186.63999938964844,185.8699951171875,185.94000244140625,870318
2025-02-20 19:30:00+00:00,186.0399932861328,186.52000427246094,185.91000366210938,186.35000610351562,981249
2025-02-20 20:30:00+00:00,186.66000366210938,186.89999389648438,185.97000122070312,186.02999877929688,1954623
2025-02-21 14:30:00+00:00,185.05999755859375,187.4499969482422,184.9499969482422,187.27499389648438,3975932
2025-02-21 15:30:00+00:00,183.4949951171875,185.25,183.4199981689453,185.0500030517578,2384752
2025-02-21 16:30:00+00:00,183.22999572753906,183.47999572753906,182.6999969482422,183.47999572753906,2024271
2025-02-21 17:30:00+00:00,182.44009399414062,183.22999572753906,181.81900024414062,183.2050018310547,1910619
2025-02-21 18:30:00+00:00,182.0399932861328,182.83999633789062,181.89999389648438,182.4600067138672,1291516
2025-02-21 19:30:00+00:00,181.75999450683594,182.3300018310547,181.18190002441406,182.0500030517578,2210809
2025-02-21 20:30:00+00:00,181.5500030517578,181.99000549316406,181.1300048828125,181.77000427246094,2616487
2025-02-24 14:30:00+00:00,182.27520751953125,185.08999633789062,181.33999633789062,183.89999389648438,4894395
2025-02-24 15:30:00+00:00,182.55999755859375,183.05999755859375,181.82000732421875,182.25999450683594,1558690
2025-02-24 16:30:00+00:00,182.97000122070312,183.2178955078125,182.10000610351562,182.5800018310547,1149288
2025-02-24 17:30:00+00:00,182.86500549316406,183.14999389648438,182.4499969482422,182.9499969482422,1615807
2025-02-24 18:30:00+00:00,182.63999938964844,182.89999389648438,182.3699951171875,182.8800048828125,1058613
2025-02-24 19:30:00+00:00,182.16000366210938,182.77999877929688,182.1009979248047,182.64999389648438,1251444
2025-02-24 20:30:00+00:00,181.25,182.4199981689453,180.8800048828125,182.19000244140625,2643039
2025-02-25 14:30:00+00:00,177.59579467773438,180.75999450683594,177.50999450683594,180.15499877929688,4682461
2025-02-25 15:30:00+00:00,177.3699951171875,178.35000610351562,176.94000244140625,177.6199951171875,3014767
2025-02-25 16:30:00+00:00,178.81500244140625,179.00999450683594,176.77999877929688,177.3800048828125,2257124
2025-02-25 17:30:00+00:00,178.55999755859375,179.52000427246094,178.50999450683594,178.80999755859375,1433053
2025-02-25 18:30:00+00:00,178.5399932861328,179.53500366210938,178.46499633789062,178.5449981689453,1161201
2025-02-25 19:30:00+00:00,178.15499877929688,178.67999267578125,178.0540008544922,178.52000427246094,1892396
2025-02-25 20:30:00+00:00,177.39999389648438,178.19500732421875,177.0,178.15499877929688,2416371
2025-02-26 14:30:00+00:00,177.1300048828125,178.0800018310547,174.92999267578125,175.72500610351562,5425533
2025-02-26 15:30:00+00:00,177.36000061035156,177.75999450683594,176.97999572753906,177.1300048828125,2515046
2025-02-26 16:30:00+00:00,176.30029296875,177.41000366210938,176.0399932861328,177.375,2174873
2025-02-26 17:30:00+00:00,174.77999877929688,176.3800048828125,174.74000549316406,176.30999755859375,3028220
2025-02-26 18:30:00+00:00,174.27999877929688,175.2198944091797,174.1199951171875,174.75999450683594,2312069
2025-02-26 19:30:00+00:00,174.66000366210938,174.7899932861328,173.58999633789062,174.25999450683594,2658662
2025-02-26 20:30:00+00:00,174.67999267578125,175.02999877929688,174.35000610351562,174.64999389648438,2339872
2025-02-27 14:30:00+00:00,172.93499755859375,176.58999633789062,171.02999877929688,175.88600158691406,5629537
2025-02-27 15:30:00+00:00,172.97000122070312,173.6999969482422,171.67999267578125,172.91000366210938,2973542
2025-02-27 16:30:00+00:00,173.12010192871094,173.30999755859375,172.10000610351562,172.97000122070312,1887472
2025-02-27 17:30:00+00:00,172.77999877929688,173.44009399414062,172.24009704589844,173.13999938964844,1521816
2025-02-27 18:30:00+00:00,171.88999938964844,173.29559326171875,171.7899932861328,172.80999755859375,1517428
2025-02-27 19:30:00+00:00,170.4600067138672,171.91000366210938,170.42999267578125,171.91000366210938,2795351
2025-02-27 20:30:00+00:00,170.25999450683594,171.02000427246094,169.7519989013672,170.4499969482422,3793999
2025-02-28 14:30:00+00:00,171.22000122070312,171.8000030517578,168.38999938964844,170.3000030517578,7041406
2025-02-28 15:30:00+00:00,169.77999877929688,171.2086944580078,169.72999572753906,171.1999969482422,2716000
2025-02-28 16:30:00+00:00,170.4600067138672,171.02000427246094,169.6300048828125,169.75999450683594,1785506
2025-02-28 17:30:00+00:00,169.9503936767578,170.6199951171875,169.0399932861328,170.47999572753906,1982126
2025-02-28 18:30:00+00:00,169.32000732421875,170.2899932861328,168.9600067138672,169.9199981689453,3266873
2025-02-28 19:30:00+00:00,171.01499938964844,171.0500030517578,169.1699981689453,169.32000732421875,1891645
2025-02-28 20:30:00+00:00,172.16000366210938,172.5,170.3699951171875,171.02999877929688,3329730
2025-03-03 14:30:00+00:00,172.47999572753906,175.0,170.77999877929688,173.7100067138672,5575794
2025-03-03 15:30:00+00:00,171.97999572753906,172.7899932861328,171.77000427246094,172.47999572753906,1776438
2025-03-03 16:30:00+00:00,171.72999572753906,172.2407989501953,171.52000427246094,172.0,1458252
2025-03-03 17:30:00+00:00,170.0,171.8300018310547,169.92010498046875,171.75,1723618
2025-03-03 18:30:00+00:00,170.5489959716797,171.0,169.67999267578125,169.97500610351562,1784038
2025-03-03 19:30:00+00:00,168.0800018310547,171.0399932861328,167.92999267578125,170.5500030517578,2840631
2025-03-03 20:30:00+00:00,168.68499755859375,168.69000244140625,167.63999938964844,168.05999755859375,3211573
2025-03-04 14:30:00+00:00,168.3000030517578,169.9199981689453,167.55999755859375,168.4499969482422,7642841
2025-03-04 15:30:00+00:00,169.20660400390625,170.02999877929688,168.2050018310547,168.3000030517578,4418225
2025-03-04 16:30:00+00:00,172.7100067138672,173.11000061035156,169.1999969482422,169.23500061035156,3867169
2025-03-04 17:30:00+00:00,172.4199981689453,173.6199951171875,171.94000244140625,172.6699981689453,2321780
2025-03-04 18:30:00+00:00,173.99000549316406,174.1999969482422,172.1699981689453,172.41000366210938,1901336
2025-03-04 19:30:00+00:00,174.7100067138672,175.1649932861328,173.74000549316406,173.99000549316406,3011769
2025-03-04 20:30:00+00:00,172.66000366210938,174.77000427246094,171.63999938964844,174.7100067138672,3293815
2025-03-05 14:30:00+00:00,171.91000366210938,173.4199981689453,171.02769470214844,172.32000732421875,4297340
2025-03-05 15:30:00+00:00,171.90969848632812,172.58999633789062,171.125,171.92999267578125,1807762
2025-03-05 16:30:00+00:00,172.84500122070312,172.9199981689453,170.9499969482422,171.8300018310547,1633747
2025-03-05 17:30:00+00:00,174.11000061035156,174.99000549316406,172.80999755859375,172.8699951171875,2658932
2025-03-05 18:30:00+00:00,174.88999938964844,175.22500610351562,173.69000244140625,174.1199951171875,1464194
2025-03-05 19:30:00+00:00,175.47000122070312,175.66000366210938,174.6199951171875,174.875,1710987
2025-03-05 20:30:00+00:00,174.99000549316406,175.75,174.86000061035156,175.4250030517578,2362453
2025-03-06 14:30:00+00:00,176.3699951171875,176.47000122070312,172.50799560546875,172.5500030517578,4119818
2025-03-06 15:30:00+00:00,176.1999969482422,176.72999572753906,175.57000732421875,176.32000732421875,2222304
2025-03-06 16:30:00+00:00,173.8300018310547,176.61000061035156,173.44520568847656,176.14999389648438,2119625
2025-03-06 17:30:00+00:00,174.4199981689453,175.02000427246094,173.61000061035156,173.85000610351562,2082240
2025-03-06 18:30:00+00:00,173.72000122070312,174.67999267578125,173.53500366210938,174.42999267578125,1853670
2025-03-06 19:30:00+00:00,174.2899932861328,174.77999877929688,173.37139892578125,173.6999969482422,1857050
2025-03-06 20:30:00+00:00,174.25999450683594,174.63999938964844,173.74000549316406,174.30999755859375,1960360
2025-03-07 14:30:00+00:00,174.02000427246094,175.6699981689453,173.0800018310547,173.24200439453125,3304959
2025-03-07 15:30:00+00:00,173.02999877929688,174.13999938964844,172.60000610351562,174.02000427246094,2508046
2025-03-07 16:30:00+00:00,173.5800018310547,173.6199951171875,172.25,173.02999877929688,1784424
2025-03-07 17:30:00+00:00,175.26499938964844,175.8800048828125,173.30999755859375,173.5800018310547,1939583
2025-03-07 18:30:00+00:00,176.6699981689453,176.89999389648438,175.05999755859375,175.25999450683594,1395127
2025-03-07 19:30:00+00:00,175.73500061035156,176.87840270996094,175.4600067138672,176.74000549316406,1765900
2025-03-07 20:30:00+00:00,175.72000122070312,176.41000366210938,174.61000061035156,175.6999969482422,1721635
2025-03-10 13:30:00+00:00,168.2899932861328,170.4499969482422,167.94630432128906,170.16000366210938,5466753
2025-03-10 14:30:00+00:00,168.27000427246094,168.50999450683594,165.56500244140625,168.33999633789062,5071191
2025-03-10 15:30:00+00:00,167.7899932861328,168.8800048828125,167.00999450683594,168.25,2140910
2025-03-10 16:30:00+00:00,167.07000732421875,168.41000366210938,166.98500061035156,167.8699951171875,2450309
2025-03-10 17:30:00+00:00,166.44259643554688,167.25999450683594,166.07000732421875,167.08999633789062,2087743
2025-03-10 18:30:00+00:00,167.50999450683594,168.02000427246094,165.81019592285156,166.4600067138672,2833322
2025-03-10 19:30:00+00:00,167.85000610351562,168.44000244140625,167.1300048828125,167.47999572753906,4400910
2025-03-11 13:30:00+00:00,165.84500122070312,168.65499877929688,165.81500244140625,166.67999267578125,4282365
2025-03-11 14:30:00+00:00,166.4600067138672,167.0449981689453,165.3300018310547,165.8699951171875,2671798
2025-03-11 15:30:00+00:00,165.6300048828125,167.3300018310547,165.23500061035156,166.4600067138672,2273665
2025-03-11 16:30:00+00:00,163.56419372558594,165.92999267578125,163.55999755859375,165.64999389648438,2725405
2025-03-11 17:30:00+00:00,165.83790588378906,166.25,163.24000549316406,163.55999755859375,2500690
2025-03-11 18:30:00+00:00,167.0399932861328,168.3300018310547,165.4600067138672,165.80999755859375,3784489
2025-03-11 19:30:00+00:00,165.9199981689453,167.2299041748047,165.8800048828125,167.0800018310547,1996314
2025-03-12 13:30:00+00:00,167.12899780273438,169.3000030517578,165.47999572753906,168.4499969482422,4582114
2025-03-12 14:30:00+00:00,166.69590759277344,167.6699981689453,165.9929962158203,167.17559814453125,2172779
2025-03-12 15:30:00+00:00,167.9250030517578,168.22000122070312,166.42999267578125,166.76499938964844,1771814
2025-03-12 16:30:00+00:00,168.97000122070312,169.06100463867188,167.30499267578125,167.97999572753906,1648144
2025-03-12 17:30:00+00:00,168.97999572753906,169.2100067138672,167.5399932861328,168.94000244140625,1691591
2025-03-12 18:30:00+00:00,169.2899932861328,169.47999572753906,168.6699981689453,169.0,1475646
2025-03-12 19:30:00+00:00,169.02999877929688,169.52999877929688,168.5399932861328,169.3000030517578,1723913
2025-03-13 13:30:00+00:00,166.17999267578125,168.1199951171875,164.8000030517578,168.0,3650726
2025-03-13 14:30:00+00:00,165.48500061035156,167.0,165.14999389648438,166.2100067138672,1448661
2025-03-13 15:30:00+00:00,165.0800018310547,166.0800018310547,164.89999389648438,165.47000122070312,1573854
2025-03-13 16:30:00+00:00,164.66000366210938,165.6999969482422,164.22999572753906,165.1199951171875,1618919
2025-03-13 17:30:00+00:00,165.5,165.52999877929688,164.07000732421875,164.64999389648438,1455292
2025-03-13 18:30:00+00:00,164.69000244140625,166.10000610351562,164.50999450683594,165.5449981689453,1388365
2025-03-13 19:30:00+00:00,164.75,164.9149932861328,164.27999877929688,164.75999450683594,1946304
2025-03-14 13:30:00+00:00,165.1999969482422,166.4600067138672,164.50999450683594,165.67999267578125,4099020
2025-03-14 14:30:00+00:00,166.1999969482422,166.61000061035156,165.10000610351562,165.19000244140625,1969844
2025-03-14 15:30:00+00:00,166.5800018310547,167.2899932861328,166.13999938964844,166.22000122070312,2102332
2025-03-14 16:30:00+00:00,166.6300048828125,167.55999755859375,166.50999450683594,166.58999633789062,1469523
2025-03-14 17:30:00+00:00,166.8000030517578,166.93020629882812,166.1199951171875,166.6300048828125,1148476
2025-03-14 18:30:00+00:00,166.88999938964844,167.31500244140625,166.78199768066406,166.8000030517578,1377853
2025-03-14 19:30:00+00:00,167.52999877929688,168.25,166.89999389648438,166.89999389648438,2890329
2025-03-17 13:30:00+00:00,166.77000427246094,168.44000244140625,166.72999572753906,167.3249969482422,2987066
2025-03-17 14:30:00+00:00,166.375,167.22999572753906,166.3300018310547,166.74000549316406,1763622
2025-03-17 15:30:00+00:00,166.55999755859375,166.86000061035156,165.80999755859375,166.35000610351562,1601392
2025-03-17 16:30:00+00:00,166.8800048828125,167.0050048828125,166.36000061035156,166.5749969482422,1019637
2025-03-17 17:30:00+00:00,167.47000122070312,167.51499938964844,166.82000732421875,166.92999267578125,1162275
2025-03-17 18:30:00+00:00,167.14999389648438,167.67759704589844,166.8000030517578,167.47000122070312,1980825
2025-03-17 19:30:00+00:00,166.5800018310547,167.55499267578125,166.16000366210938,167.13999938964844,2611078
2025-03-18 13:30:00+00:00,159.1999969482422,166.44000244140625,159.08090209960938,165.9600067138672,7973295
2025-03-18 14:30:00+00:00,160.6750030517578,160.94000244140625,158.8000030517578,159.1999969482422,3965948
2025-03-18 15:30:00+00:00,162.4600067138672,162.49000549316406,160.5500030517578,160.66000366210938,1814793
2025-03-18 16:30:00+00:00,161.88499450683594,162.5,161.05999755859375,162.4199981689453,1811248
2025-03-18 17:30:00+00:00,162.08999633789062,162.398193359375,161.72000122070312,161.8800048828125,1247031
2025-03-18 18:30:00+00:00,162.5594024658203,162.85499572753906,161.89999389648438,162.13499450683594,1703317
2025-03-18 19:30:00+00:00,162.69000244140625,162.8592987060547,162.02000427246094,162.6199951171875,2028411
2025-03-19 13:30:00+00:00,163.94749450683594,164.7899932861328,163.05999755859375,163.9149932861328,2996939
2025-03-19 14:30:00+00:00,164.7100067138672,164.8300018310547,163.64999389648438,163.9550018310547,1730982
2025-03-19 15:30:00+00:00,165.17999267578125,165.24000549316406,164.4499969482422,164.72000122070312,1516098
2025-03-19 16:30:00+00:00,164.6699981689453,165.27000427246094,164.53500366210938,165.17999267578125,1401385
2025-03-19 17:30:00+00:00,165.64999389648438,165.92999267578125,164.39999389648438,164.69000244140625,2022042
2025-03-19 18:30:00+00:00,166.97999572753906,168.13340759277344,165.64999389648438,165.64999389648438,3680585
2025-03-19 19:30:00+00:00,166.3000030517578,168.1300048828125,166.11000061035156,166.97000122070312,3809013
2025-03-20 13:30:00+00:00,166.52999877929688,166.6199951171875,163.13999938964844,163.8249969482422,4108001
2025-03-20 14:30:00+00:00,166.30999755859375,167.02999877929688,166.0,166.52499389648438,2189499
2025-03-20 15:30:00+00:00,164.5399932861328,166.38499450683594,164.49000549316406,166.30650329589844,2154552
2025-03-20 16:30:00+00:00,164.3350067138672,165.09500122070312,164.3300018310547,164.5850067138672,1498081
2025-03-20 17:30:00+00:00,164.1649932861328,164.99600219726562,164.12600708007812,164.343994140625,1156620
2025-03-20 18:30:00+00:00,164.47779846191406,164.9600067138672,163.75999450683594,164.16000366210938,1700310
2025-03-20 19:30:00+00:00,165.0399932861328,165.4499969482422,164.47000122070312,164.47000122070312,2371249
2025-03-21 13:30:00+00:00,164.82000732421875,164.9499969482422,163.0500030517578,163.52999877929688,7169508
2025-03-21 14:30:00+00:00,164.52000427246094,165.6201934814453,164.4499969482422,164.83999633789062,1526113
2025-03-21 15:30:00+00:00,165.3699951171875,165.67999267578125,163.97000122070312,164.4949951171875,1359750
2025-03-21 16:30:00+00:00,164.9499969482422,165.77000427246094,164.8000030517578,165.3800048828125,1104797
2025-03-21 17:30:00+00:00,165.1199951171875,165.55999755859375,164.82000732421875,164.97000122070312,981501
2025-03-21 18:30:00+00:00,165.22000122070312,165.38999938964844,164.7740020751953,165.1199951171875,1261396
2025-03-21 19:30:00+00:00,166.25,166.47000122070312,165.10000610351562,165.2100067138672,3597568
2025-03-24 13:30:00+00:00,169.90499877929688,170.00999450683594,167.44000244140625,169.26499938964844,3858740
2025-03-24 14:30:00+00:00,169.3800048828125,170.0,169.33999633789062,169.91000366210938,1533346
2025-03-24 15:30:00+00:00,169.1199951171875,169.44000244140625,168.8699951171875,169.39999389648438,1393271
2025-03-24 16:30:00+00:00,169.2449951171875,169.52499389648438,168.97000122070312,169.10000610351562,1036721
2025-03-24 17:30:00+00:00,169.5399932861328,169.5500030517578,168.94000244140625,169.25,844418
2025-03-24 18:30:00+00:00,169.9600067138672,170.02999877929688,169.30999755859375,169.5500030517578,1341070
2025-03-24 19:30:00+00:00,169.80499267578125,170.3300018310547,169.5500030517578,169.97999572753906,2342961
2025-03-25 13:30:00+00:00,171.83999633789062,171.95880126953125,170.55999755859375,171.22000122070312,2857958
2025-03-25 14:30:00+00:00,172.41000366210938,172.7100067138672,171.60000610351562,171.83999633789062,1601113
2025-03-25 15:30:00+00:00,171.6199951171875,172.47500610351562,171.5500030517578,172.4199981689453,1067815
2025-03-25 16:30:00+00:00,171.77000427246094,172.30999755859375,169.92999267578125,171.6300048828125,853266
2025-03-25 17:30:00+00:00,172.25,172.2949981689453,171.66000366210938,171.77999877929688,908111
2025-03-25 18:30:00+00:00,172.27000427246094,172.5498046875,171.8800048828125,172.3000030517578,1158042
2025-03-25 19:30:00+00:00,172.77200317382812,172.91000366210938,172.24000549316406,172.25999450683594,1633492
2025-03-26 13:30:00+00:00,170.1999969482422,171.93960571289062,169.63999938964844,171.27999877929688,4064107
2025-03-26 14:30:00+00:00,170.55499267578125,170.9199981689453,169.9600067138672,170.17999267578125,1759408
2025-03-26 15:30:00+00:00,169.94000244140625,170.85000610351562,169.72999572753906,170.5500030517578,1604015
2025-03-26 16:30:00+00:00,168.77000427246094,170.0,168.68499755859375,169.94000244140625,1938936
2025-03-26 17:30:00+00:00,168.6699981689453,168.75999450683594,168.05499267578125,168.7449951171875,2294961
2025-03-26 18:30:00+00:00,167.1999969482422,168.64999389648438,167.16000366210938,168.64999389648438,4173675
2025-03-26 19:30:00+00:00,167.13999938964844,167.6199951171875,166.860595703125,167.1999969482422,3519766
2025-03-27 13:30:00+00:00,166.38800048828125,167.44000244140625,165.5500030517578,166.7239990234375,4181542
2025-03-27 14:30:00+00:00,165.8000030517578,166.60000610351562,165.7301025390625,166.39999389648438,3060445
2025-03-27 15:30:00+00:00,165.49000549316406,166.16000366210938,165.1999969482422,165.82000732421875,1938127
2025-03-27 16:30:00+00:00,164.93499755859375,165.77999877929688,164.88650512695312,165.47999572753906,1513714
2025-03-27 17:30:00+00:00,164.57000732421875,165.2855987548828,164.45249938964844,164.9250030517578,1949796
2025-03-27 18:30:00+00:00,164.9980010986328,165.07000732421875,164.3300018310547,164.5500030517578,1909191
2025-03-27 19:30:00+00:00,164.05999755859375,165.0,163.85000610351562,165.0,3214365
2025-03-28 13:30:00+00:00,160.0,163.80999755859375,159.7899932861328,162.3699951171875,6236961
2025-03-28 14:30:00+00:00,158.72000122070312,160.3800048828125,158.00999450683594,160.01499938964844,4383042
2025-03-28 15:30:00+00:00,157.7550048828125,158.9250030517578,157.69000244140625,158.67999267578125,3036712
2025-03-28 16:30:00+00:00,156.60000610351562,158.0399932861328,156.49000549316406,157.7550048828125,3304721
2025-03-28 17:30:00+00:00,156.85000610351562,157.42999267578125,156.30499267578125,156.5998992919922,3571452
2025-03-28 18:30:00+00:00,156.13999938964844,157.10000610351562,156.0,156.85000610351562,4642785
2025-03-28 19:30:00+00:00,156.00999450683594,156.2666015625,155.3394012451172,156.13999938964844,5431104
2025-03-31 13:30:00+00:00,153.14999389648438,155.49000549316406,152.2100067138672,154.89999389648438,7452118
2025-03-31 14:30:00+00:00,154.32000732421875,154.60000610351562,153.00999450683594,153.13999938964844,3158495
2025-03-31 15:30:00+00:00,155.63999938964844,155.77999877929688,154.00999450683594,154.27499389648438,3106500
2025-03-31 16:30:00+00:00,155.41000366210938,155.95419311523438,154.63180541992188,155.63999938964844,1961283
2025-03-31 17:30:00+00:00,155.9149932861328,155.9149932861328,154.77000427246094,155.4199981689453,2225677
2025-03-31 18:30:00+00:00,156.0,156.3800048828125,155.60000610351562,155.91000366210938,2173355
2025-03-31 19:30:00+00:00,156.1199951171875,157.1199951171875,155.89500427246094,155.97000122070312,4049948
2025-04-01 13:30:00+00:00,157.57000732421875,157.77490234375,155.2550048828125,155.2550048828125,5131626
2025-04-01 14:30:00+00:00,159.24000549316406,159.57000732421875,157.50999450683594,157.5500030517578,2987758
2025-04-01 15:30:00+00:00,159.32839965820312,160.0800018310547,159.07000732421875,159.2449951171875,2352853
2025-04-01 16:30:00+00:00,158.82009887695312,159.527099609375,158.63999938964844,159.3249969482422,1632711
2025-04-01 17:30:00+00:00,157.60000610351562,159.1300048828125,157.39999389648438,158.80999755859375,1670358
2025-04-01 18:30:00+00:00,158.13999938964844,158.53500366210938,157.57000732421875,157.60000610351562,1579109
2025-04-01 19:30:00+00:00,158.8699951171875,159.14999389648438,158.10000610351562,158.14999389648438,1987484
2025-04-02 13:30:00+00:00,158.25999450683594,158.8896942138672,156.52999877929688,156.9600067138672,3395704
2025-04-02 14:30:00+00:00,158.6300048828125,158.80999755859375,157.9250030517578,158.25,1583754
2025-04-02 15:30:00+00:00,159.0500030517578,159.25,158.02499389648438,158.6199951171875,1462878
2025-04-02 16:30:00+00:00,159.97000122070312,160.27499389648438,158.8699951171875,159.0800018310547,1533798
2025-04-02 17:30:00+00:00,157.92999267578125,159.97000122070312,157.92999267578125,159.9600067138672,1675210
2025-04-02 18:30:00+00:00,158.4499969482422,158.55999755859375,157.67999267578125,157.91000366210938,1717257
2025-04-02 19:30:00+00:00,158.72999572753906,159.03500366210938,158.27000427246094,158.4499969482422,2375651
2025-04-03 13:30:00+00:00,153.68499755859375,154.3300018310547,152.30999755859375,152.8350067138672,7744304
2025-04-03 14:30:00+00:00,153.70989990234375,154.1750030517578,152.17999267578125,153.6699981689453,3668224
2025-04-03 15:30:00+00:00,154.27999877929688,154.46499633789062,153.3800048828125,153.69000244140625,2856923
2025-04-03 16:30:00+00:00,153.91000366210938,154.68719482421875,153.5800018310547,154.3300018310547,2273002
2025-04-03 17:30:00+00:00,153.1999969482422,154.27000427246094,152.94000244140625,153.8800048828125,1836192
2025-04-03 18:30:00+00:00,152.93719482421875,153.75,152.83999633789062,153.19000244140625,2788083
2025-04-03 19:30:00+00:00,152.64999389648438,153.5500030517578,152.4600067138672,152.94000244140625,3168887
2025-04-04 13:30:00+00:00,150.72340393066406,153.08999633789062,149.89999389648438,149.89999389648438,8064006
2025-04-04 14:30:00+00:00,150.60690307617188,152.35000610351562,148.1999969482422,150.74000549316406,6520231
2025-04-04 15:30:00+00:00,150.12989807128906,151.5850067138672,149.8000030517578,150.64999389648438,4122066
2025-04-04 16:30:00+00:00,149.86000061035156,151.0,148.74000549316406,150.10000610351562,2745596
2025-04-04 17:30:00+00:00,149.6999969482422,151.03500366210938,149.32000732421875,149.85499572753906,2582612
2025-04-04 18:30:00+00:00,150.11000061035156,150.4499969482422,148.5500030517578,149.72000122070312,3071098
2025-04-04 19:30:00+00:00,147.63999938964844,151.10499572753906,147.5500030517578,150.07000732421875,4876113
2025-04-07 13:30:00+00:00,147.36000061035156,154.92250061035156,142.66000366210938,144.17999267578125,14652237
2025-04-07 14:30:00+00:00,146.22000122070312,151.1999969482422,145.05499267578125,147.3800048828125,8135477
2025-04-07 15:30:00+00:00,148.0050048828125,149.1699981689453,146.1999969482422,146.36000061035156,3895554
2025-04-07 16:30:00+00:00,149.9949951171875,150.0500030517578,146.75,147.97999572753906,3124829
2025-04-07 17:30:00+00:00,149.47000122070312,151.13999938964844,148.8699951171875,149.97500610351562,3437441
2025-04-07 18:30:00+00:00,148.02999877929688,150.58999633789062,147.88999938964844,149.46499633789062,3263489
2025-04-07 19:30:00+00:00,149.24000549316406,149.77000427246094,148.02999877929688,148.0500030517578,4497747
2025-04-08 13:30:00+00:00,153.8300018310547,154.44000244140625,152.1199951171875,153.5749969482422,7257340
2025-04-08 14:30:00+00:00,151.8800048828125,154.25999450683594,151.32000732421875,153.8350067138672,3959934
2025-04-08 15:30:00+00:00,151.10000610351562,152.64999389648438,150.39039611816406,151.89500427246094,2750581
2025-04-08 16:30:00+00:00,148.68499755859375,151.3350067138672,148.5749969482422,151.08999633789062,3791753
2025-04-08 17:30:00+00:00,148.74000549316406,150.42999267578125,148.60000610351562,148.6750030517578,2770777
2025-04-08 18:30:00+00:00,146.92999267578125,150.08999633789062,145.91000366210938,148.74000549316406,3605515
2025-04-08 19:30:00+00:00,146.58999633789062,146.97999572753906,145.2100067138672,146.91000366210938,5373534
2025-04-09 13:30:00+00:00,147.44000244140625,148.4199981689453,145.82000732421875,146.34500122070312,6499025
2025-04-09 14:30:00+00:00,147.39999389648438,148.07000732421875,145.92999267578125,147.52999877929688,2918855
2025-04-09 15:30:00+00:00,148.16000366210938,148.4425048828125,146.1999969482422,147.41000366210938,2370553
2025-04-09 16:30:00+00:00,154.85000610351562,158.08999633789062,146.9199981689453,148.10000610351562,6633962
2025-04-09 17:30:00+00:00,158.61000061035156,158.97979736328125,154.85879516601562,155.0399932861328,8327331
2025-04-09 18:30:00+00:00,158.9600067138672,159.22999572753906,156.3300018310547,158.6300048828125,4817643
2025-04-09 19:30:00+00:00,161.1199951171875,161.8699951171875,158.9199981689453,158.92999267578125,5912383
2025-04-10 13:30:00+00:00,157.32000732421875,160.02999877929688,156.60000610351562,158.75999450683594,6589382
2025-04-10 14:30:00+00:00,156.77999877929688,158.60000610351562,156.7100067138672,157.3699951171875,2701571
2025-04-10 15:30:00+00:00,152.77499389648438,156.92999267578125,152.1999969482422,156.77000427246094,4201901
2025-04-10 16:30:00+00:00,155.10000610351562,156.77000427246094,152.6999969482422,152.80999755859375,5484783
2025-04-10 17:30:00+00:00,156.9199981689453,157.11000061035156,154.57000732421875,155.0,3647677
2025-04-10 18:30:00+00:00,155.10000610351562,157.1199951171875,155.08999633789062,156.94000244140625,3269202
2025-04-10 19:30:00+00:00,155.27000427246094,156.05999755859375,153.94500732421875,155.10000610351562,4052389
2025-04-11 13:30:00+00:00,156.36000061035156,158.8300018310547,155.5850067138672,155.5850067138672,4935101
2025-04-11 14:30:00+00:00,157.27000427246094,158.36000061035156,156.19000244140625,156.41000366210938,3182778
2025-04-11 15:30:00+00:00,158.33999633789062,158.75999450683594,157.1199951171875,157.24000549316406,1770975
2025-04-11 16:30:00+00:00,158.36000061035156,159.75999450683594,158.25999450683594,158.34500122070312,1861989
2025-04-11 17:30:00+00:00,158.82000732421875,159.85000610351562,157.90499877929688,158.3800048828125,1981773
2025-04-11 18:30:00+00:00,159.39500427246094,159.55999755859375,158.4001007080078,158.82000732421875,1794010
2025-04-11 19:30:00+00:00,159.3000030517578,159.8300018310547,158.85000610351562,159.39500427246094,3149656
2025-04-14 13:30:00+00:00,163.4199981689453,163.66000366210938,161.5500030517578,162.3000030517578,4326316
2025-04-14 14:30:00+00:00,162.1750030517578,164.02999877929688,162.15499877929688,163.44000244140625,2168964
2025-04-14 15:30:00+00:00,160.55999755859375,162.49000549316406,160.22500610351562,162.19000244140625,2120911
2025-04-14 16:30:00+00:00,160.89999389648438,161.44000244140625,159.9199981689453,160.5399932861328,1568666
2025-04-14 17:30:00+00:00,161.91000366210938,162.00999450683594,160.52000427246094,160.85000610351562,1098586
2025-04-14 18:30:00+00:00,162.37750244140625,162.7899932861328,161.8000030517578,161.90390014648438,1285958
2025-04-14 19:30:00+00:00,161.49000549316406,162.61000061035156,161.18499755859375,162.36000061035156,2098105
2025-04-15 13:30:00+00:00,159.5399932861328,162.02999877929688,159.24000549316406,161.5,3295940
2025-04-15 14:30:00+00:00,159.30999755859375,160.38999938964844,159.2899932861328,159.55999755859375,1865903
2025-04-15 15:30:00+00:00,159.1699981689453,159.702392578125,158.89999389648438,159.2899932861328,1686471
2025-04-15 16:30:00+00:00,157.91000366210938,159.1999969482422,157.6649932861328,159.18499755859375,1579594
2025-04-15 17:30:00+00:00,158.11500549316406,158.5399932861328,157.64500427246094,157.9149932861328,1183564
2025-04-15 18:30:00+00:00,158.3300018310547,158.6999969482422,158.10000610351562,158.11000061035156,1108592
2025-04-15 19:30:00+00:00,158.61000061035156,158.85000610351562,157.94500732421875,158.36000061035156,1995207
2025-04-16 13:30:00+00:00,156.70899963378906,156.88999938964844,155.02000427246094,155.47999572753906,3459421
2025-04-16 14:30:00+00:00,157.8000030517578,158.1699981689453,156.66000366210938,156.74000549316406,1675938
2025-04-16 15:30:00+00:00,157.36000061035156,157.80999755859375,156.85000610351562,157.80999755859375,1149991
2025-04-16 16:30:00+00:00,157.22500610351562,157.64999389648438,156.99000549316406,157.34500122070312,866297
2025-04-16 17:30:00+00:00,155.7572021484375,157.2100067138672,154.97000122070312,157.2100067138672,2125037
2025-04-16 18:30:00+00:00,154.07000732421875,155.77000427246094,153.91000366210938,155.72999572753906,1659096
2025-04-16 19:30:00+00:00,155.5500030517578,155.97000122070312,154.0800018310547,154.0800018310547,2410670
2025-04-17 13:30:00+00:00,154.89810180664062,157.07000732421875,154.85000610351562,156.63800048828125,3791362
2025-04-17 14:30:00+00:00,152.8699951171875,155.10000610351562,150.89999389648438,154.92999267578125,5242072
2025-04-17 15:30:00+00:00,153.80999755859375,154.05880737304688,152.81500244140625,152.89999389648438,1743853
2025-04-17 16:30:00+00:00,153.19000244140625,154.0399932861328,152.92999267578125,153.77999877929688,1271330
2025-04-17 17:30:00+00:00,153.85000610351562,154.33999633789062,153.1925048828125,153.19500732421875,1234017
2025-04-17 18:30:00+00:00,153.2550048828125,154.19000244140625,152.89999389648438,153.84930419921875,1801351
2025-04-17 19:30:00+00:00,153.30499267578125,153.67999267578125,152.79100036621094,153.24000549316406,1809714
2025-04-21 13:30:00+00:00,149.7899932861328,151.05999755859375,148.97000122070312,150.96499633789062,3111465
2025-04-21 14:30:00+00:00,149.30499267578125,150.23300170898438,149.17999267578125,149.77999877929688,1481476
2025-04-21 15:30:00+00:00,149.00999450683594,149.35000610351562,148.49000549316406,149.30999755859375,1502437
2025-04-21 16:30:00+00:00,148.75979614257812,149.60000610351562,148.57000732421875,149.00999450683594,1055175
2025-04-21 17:30:00+00:00,149.0500030517578,149.14999389648438,148.60020446777344,148.74000549316406,895108
2025-04-21 18:30:00+00:00,148.9600067138672,149.3000030517578,148.39999389648438,149.0500030517578,1271248
2025-04-21 19:30:00+00:00,149.91000366210938,150.19430541992188,148.95010375976562,148.9600067138672,1782021
2025-04-22 13:30:00+00:00,152.00050354003906,152.40989685058594,150.87100219726562,151.23800659179688,2506838
2025-04-22 14:30:00+00:00,153.07000732421875,153.15499877929688,151.72000122070312,151.97999572753906,1582961
2025-04-22 15:30:00+00:00,154.47500610351562,154.61000061035156,152.4499969482422,153.0500030517578,1582047
2025-04-22 16:30:00+00:00,152.22000122070312,154.5,152.08999633789062,154.49000549316406,1450450
2025-04-22 17:30:00+00:00,153.11000061035156,153.2100067138672,152.07000732421875,152.22000122070312,1096691
2025-04-22 18:30:00+00:00,152.5399932861328,153.72000122070312,152.41000366210938,153.16000366210938,1289280
2025-04-22 19:30:00+00:00,153.86000061035156,154.1300048828125,152.4199981689453,152.52000427246094,2134599
2025-04-23 13:30:00+00:00,159.52879333496094,159.94000244140625,157.75,157.91000366210938,4811371
2025-04-23 14:30:00+00:00,157.81500244140625,160.02000427246094,157.4604034423828,159.52000427246094,2160964
2025-04-23 15:30:00+00:00,157.2100067138672,158.0399932861328,156.35000610351562,157.83999633789062,1534370
2025-04-23 16:30:00+00:00,158.0399932861328,158.33999633789062,156.99000549316406,157.21499633789062,992168
2025-04-23 17:30:00+00:00,157.72500610351562,158.43499755859375,157.5399932861328,158.05999755859375,1082288
2025-04-23 18:30:00+00:00,157.22000122070312,158.10000610351562,157.00999450683594,157.72500610351562,1370647
2025-04-23 19:30:00+00:00,157.6300048828125,158.0500030517578,156.76010131835938,157.24000549316406,2276833
2025-04-24 13:30:00+00:00,160.1199951171875,160.34970092773438,158.10000610351562,159.03250122070312,4366447
2025-04-24 14:30:00+00:00,160.00999450683594,160.6300048828125,159.57000732421875,160.1199951171875,1946347
2025-04-24 15:30:00+00:00,160.77999877929688,160.99000549316406,159.83999633789062,160.02999877929688,1697821
2025-04-24 16:30:00+00:00,160.7100067138672,161.0,160.3249969482422,160.7698974609375,1786214
2025-04-24 17:30:00+00:00,160.8000030517578,160.89999389648438,160.32000732421875,160.6999969482422,2510959
2025-04-24 18:30:00+00:00,160.47999572753906,161.4600067138672,160.19000244140625,160.80499267578125,3578606
2025-04-24 19:30:00+00:00,161.24000549316406,161.70799255371094,160.42999267578125,160.48480224609375,3283341
2025-04-25 13:30:00+00:00,164.75,168.24000549316406,164.32000732421875,167.10000610351562,12705871
2025-04-25 14:30:00+00:00,164.8800048828125,165.7899932861328,164.2899932861328,164.75,4159920
2025-04-25 15:30:00+00:00,164.0399932861328,164.94000244140625,163.6501007080078,164.8800048828125,3451964
2025-04-25 16:30:00+00:00,164.86500549316406,165.14999389648438,163.65989685058594,164.02999877929688,3523670
2025-04-25 17:30:00+00:00,163.60000610351562,164.8800048828125,163.15249633789062,164.8800048828125,2837063
2025-04-25 18:30:00+00:00,163.83999633789062,164.3000030517578,163.02999877929688,163.6199951171875,2332004
2025-04-25 19:30:00+00:00,163.77999877929688,164.0399932861328,163.55999755859375,163.77999877929688,2858275
2025-04-28 13:30:00+00:00,161.97999572753906,164.9499969482422,161.8612060546875,164.1300048828125,5852807
2025-04-28 14:30:00+00:00,161.33999633789062,162.85000610351562,161.22999572753906,161.97999572753906,2321153
2025-04-28 15:30:00+00:00,160.67999267578125,161.84649658203125,160.58999633789062,161.30999755859375,2013878
2025-04-28 16:30:00+00:00,160.60000610351562,161.1750030517578,160.5102996826172,160.7191925048828,1529522
2025-04-28 17:30:00+00:00,161.1851043701172,161.41000366210938,160.38009643554688,160.58999633789062,1682060
2025-04-28 18:30:00+00:00,161.95799255371094,161.9949951171875,160.72000122070312,161.2050018310547,1726381
2025-04-28 19:30:00+00:00,162.36000061035156,162.72999572753906,161.67520141601562,161.94000244140625,2091020
2025-04-29 13:30:00+00:00,161.50999450683594,162.1750030517578,159.38999938964844,162.0449981689453,4960959
2025-04-29 14:30:00+00:00,161.24000549316406,162.3699951171875,161.05999755859375,161.5,1805026
2025-04-29 15:30:00+00:00,161.9550018310547,162.0,160.82000732421875,161.24000549316406,1440067
2025-04-29 16:30:00+00:00,161.5449981689453,162.0800018310547,161.0500030517578,161.97000122070312,1371361
2025-04-29 17:30:00+00:00,162.44000244140625,162.6699981689453,161.5,161.53500366210938,1501390
2025-04-29 18:30:00+00:00,162.2100067138672,162.5500030517578,162.00999450683594,162.4499969482422,1311915
2025-04-29 19:30:00+00:00,162.0399932861328,162.44000244140625,161.80999755859375,162.2100067138672,1506770
2025-04-30 13:30:00+00:00,158.86000061035156,159.85400390625,157.15499877929688,159.83999633789062,4204017
2025-04-30 14:30:00+00:00,159.28500366210938,159.60000610351562,158.2595977783203,158.8300018310547,2270099
2025-04-30 15:30:00+00:00,158.9600067138672,159.39500427246094,158.83999633789062,159.27000427246094,1838712
2025-04-30 16:30:00+00:00,159.43499755859375,159.4499969482422,158.3800048828125,158.9600067138672,1463451
2025-04-30 17:30:00+00:00,159.38999938964844,160.2100067138672,159.00010681152344,159.42999267578125,1673672
2025-04-30 18:30:00+00:00,159.4199981689453,159.6999969482422,159.11500549316406,159.38999938964844,1422517
2025-04-30 19:30:00+00:00,160.82000732421875,161.37399291992188,159.39500427246094,159.4199981689453,2619385
2025-05-01 13:30:00+00:00,162.44000244140625,163.15499877929688,160.92999267578125,162.52000427246094,4694555
2025-05-01 14:30:00+00:00,163.3699951171875,163.94000244140625,162.19500732421875,162.4239959716797,2547267
2025-05-01 15:30:00+00:00,162.52059936523438,163.46910095214844,162.26100158691406,163.3800048828125,1920630
2025-05-01 16:30:00+00:00,162.9250030517578,163.25999450683594,162.11000061035156,162.5500030517578,1750864
2025-05-01 17:30:00+00:00,163.3800048828125,163.7100067138672,162.72000122070312,162.93499755859375,1531539
2025-05-01 18:30:00+00:00,163.2899932861328,163.69000244140625,163.0,163.38999938964844,1617452
2025-05-01 19:30:00+00:00,162.75999450683594,163.35899353027344,162.63499450683594,163.27000427246094,2968858
2025-05-02 13:30:00+00:00,165.92999267578125,165.97999572753906,163.66000366210938,164.99000549316406,4307381
2025-05-02 14:30:00+00:00,165.5749969482422,166.4499053955078,165.4199981689453,165.9499969482422,2414296
2025-05-02 15:30:00+00:00,165.97000122070312,166.2100067138672,165.34449768066406,165.5800018310547,2062244
2025-05-02 16:30:00+00:00,165.7843017578125,166.6999969482422,165.74029541015625,165.97999572753906,1416505
2025-05-02 17:30:00+00:00,166.13999938964844,166.25,165.67999267578125,165.77999877929688,1012144
2025-05-02 18:30:00+00:00,165.875,166.3800048828125,165.44000244140625,166.14999389648438,1313811
2025-05-02 19:30:00+00:00,165.7899932861328,166.0399932861328,165.39999389648438,165.87010192871094,1920401
2025-05-05 13:30:00+00:00,166.64419555664062,166.9199981689453,164.47000122070312,164.47000122070312,3606753
2025-05-05 14:30:00+00:00,166.22500610351562,166.94500732421875,166.10000610351562,166.67999267578125,1534678
2025-05-05 15:30:00+00:00,166.6300048828125,166.6699981689453,165.89999389648438,166.21510314941406,1124618
2025-05-05 16:30:00+00:00,166.67010498046875,167.02499389648438,166.42999267578125,166.6999969482422,1073124
2025-05-05 17:30:00+00:00,166.86000061035156,167.08999633789062,166.61000061035156,166.6699981689453,857707
2025-05-05 18:30:00+00:00,166.69000244140625,167.09869384765625,166.5399932861328,166.86000061035156,899989
2025-05-05 19:30:00+00:00,166.13999938964844,166.9499053955078,165.9199981689453,166.67999267578125,1475657
2025-05-06 13:30:00+00:00,165.58999633789062,165.64999389648438,163.1300048828125,163.89999389648438,2799956
2025-05-06 14:30:00+00:00,165.9499969482422,166.0399932861328,165.3350067138672,165.58999633789062,1175093
2025-05-06 15:30:00+00:00,165.83999633789062,166.73500061035156,165.62060546875,165.92999267578125,950731
2025-05-06 16:30:00+00:00,165.625,166.1840057373047,165.52499389648438,165.81480407714844,783553
2025-05-06 17:30:00+00:00,165.67999267578125,165.77999877929688,165.18099975585938,165.62379455566406,822107
2025-05-06 18:30:00+00:00,165.82000732421875,165.88999938964844,165.54409790039062,165.67999267578125,850171
2025-05-06 19:30:00+00:00,165.17999267578125,165.89999389648438,165.13999938964844,165.82000732421875,1377451
2025-05-07 13:30:00+00:00,165.60000610351562,166.97999572753906,165.1300048828125,166.05999755859375,2914916
2025-05-07 14:30:00+00:00,155.8249969482422,165.83999633789062,155.6699981689453,165.58999633789062,15003641
2025-05-07 15:30:00+00:00,150.32000732421875,155.83399963378906,150.27059936523438,155.80999755859375,17679506
2025-05-07 16:30:00+00:00,152.7100067138672,152.74000549316406,149.49009704589844,150.32000732421875,15171209
2025-05-07 17:30:00+00:00,151.22999572753906,152.97999572753906,150.5500030517578,152.72500610351562,8631193
2025-05-07 18:30:00+00:00,151.44000244140625,152.22999572753906,150.31979370117188,151.22720336914062,7641780
2025-05-07 19:30:00+00:00,152.77999877929688,152.9600067138672,151.2801055908203,151.4199981689453,5881471
2025-05-08 13:30:00+00:00,155.41000366210938,155.9499969482422,154.10000610351562,155.85499572753906,13655057
2025-05-08 14:30:00+00:00,155.6300048828125,155.9199981689453,154.77999877929688,155.41000366210938,4933167
2025-05-08 15:30:00+00:00,156.3699951171875,156.82000732421875,155.47000122070312,155.63999938964844,4452059
2025-05-08 16:30:00+00:00,156.4199981689453,156.66000366210938,156.05999755859375,156.36000061035156,2635240
2025-05-08 17:30:00+00:00,156.4199981689453,156.7364959716797,156.1699981689453,156.4250030517578,2249809
2025-05-08 18:30:00+00:00,157.0019989013672,157.41000366210938,156.38540649414062,156.4199981689453,3356731
2025-05-08 19:30:00+00:00,155.75,157.41000366210938,155.4600067138672,157.00999450683594,3452000
2025-05-09 13:30:00+00:00,154.2100067138672,156.4199981689453,154.10499572753906,155.58999633789062,6062436
2025-05-09 14:30:00+00:00,155.09500122070312,155.39999389648438,153.8300018310547,154.21249389648438,3464551
2025-05-09 15:30:00+00:00,154.6199951171875,155.32000732421875,154.22999572753906,155.0800018310547,2229396
2025-05-09 16:30:00+00:00,154.27999877929688,154.73500061035156,154.0,154.5800018310547,1864497
2025-05-09 17:30:00+00:00,154.02000427246094,154.49000549316406,153.89999389648438,154.3000030517578,2010161
2025-05-09 18:30:00+00:00,154.1999969482422,154.39999389648438,153.9145050048828,154.02000427246094,2028311
2025-05-09 19:30:00+00:00,154.35000610351562,154.5,153.99000549316406,154.23609924316406,2335500
2025-05-12 13:30:00+00:00,158.5850067138672,159.83999633789062,158.2028045654297,159.0,8053667
2025-05-12 14:30:00+00:00,158.3300018310547,159.31080627441406,158.22999572753906,158.60000610351562,3054041
2025-05-12 15:30:00+00:00,158.7050018310547,158.74000549316406,157.88980102539062,158.3300018310547,2848976
2025-05-12 16:30:00+00:00,159.52000427246094,160.44000244140625,158.75,158.8300018310547,3987174
2025-05-12 17:30:00+00:00,160.0399932861328,160.22999572753906,159.52999877929688,159.52999877929688,2470615
2025-05-12 18:30:00+00:00,159.5399932861328,160.3699951171875,159.4149932861328,160.0399932861328,2755502
2025-05-12 19:30:00+00:00,159.6199951171875,159.6999969482422,158.97999572753906,159.5399932861328,4185522
2025-05-13 13:30:00+00:00,161.01499938964844,161.42999267578125,157.5850067138672,159.33999633789062,7506251
2025-05-13 14:30:00+00:00,161.3300018310547,161.4199981689453,160.33999633789062,161.00999450683594,3234951
2025-05-13 15:30:00+00:00,161.4149932861328,161.75999450683594,160.97999572753906,161.31500244140625,2643155
2025-05-13 16:30:00+00:00,161.49000549316406,162.05999755859375,161.30169677734375,161.41000366210938,2051907
2025-05-13 17:30:00+00:00,160.8699951171875,161.72000122070312,160.82000732421875,161.50999450683594,1890391
2025-05-13 18:30:00+00:00,160.9398956298828,161.25,160.6300048828125,160.8699951171875,1992615
2025-05-13 19:30:00+00:00,160.80999755859375,161.22000122070312,160.6999969482422,160.92010498046875,2296766
2025-05-14 13:30:00+00:00,164.38999938964844,164.42999267578125,160.92999267578125,161.30999755859375,6203924
2025-05-14 14:30:00+00:00,165.65499877929688,166.14990234375,163.8699951171875,164.42999267578125,5489770
2025-05-14 15:30:00+00:00,168.02999877929688,168.1999969482422,165.43499755859375,165.6199951171875,5531518
2025-05-14 16:30:00+00:00,166.3000030517578,168.33999633789062,165.8699951171875,168.02999877929688,2682101
2025-05-14 17:30:00+00:00,166.64999389648438,167.10000610351562,166.0749969482422,166.2899932861328,2024485
2025-05-14 18:30:00+00:00,166.02999877929688,167.06500244140625,165.8300018310547,166.66000366210938,2489192
2025-05-14 19:30:00+00:00,166.82000732421875,166.8800048828125,165.99000549316406,166.00999450683594,2729276
2025-05-15 13:30:00+00:00,165.8000030517578,167.5,165.39999389648438,167.13999938964844,6376564
2025-05-15 14:30:00+00:00,166.8300018310547,167.02000427246094,165.60000610351562,165.83999633789062,2323978
2025-05-15 15:30:00+00:00,166.51499938964844,167.22999572753906,166.341796875,166.83920288085938,1871757
2025-05-15 16:30:00+00:00,166.35000610351562,166.9499969482422,166.10000610351562,166.49000549316406,1513401
2025-05-15 17:30:00+00:00,164.89999389648438,166.57000732421875,164.61000061035156,166.36000061035156,2570334
2025-05-15 18:30:00+00:00,164.0800018310547,165.17999267578125,163.83999633789062,164.89999389648438,2390195
2025-05-15 19:30:00+00:00,165.39999389648438,165.39999389648438,164.11000061035156,164.11500549316406,2706156
2025-05-16 13:30:00+00:00,168.85499572753906,170.64999389648438,168.39999389648438,168.9550018310547,11359434
2025-05-16 14:30:00+00:00,167.3699951171875,168.86000061035156,166.9499969482422,168.86000061035156,6435631
2025-05-16 15:30:00+00:00,167.8300018310547,168.1199951171875,167.36000061035156,167.36000061035156,2989527
2025-05-16 16:30:00+00:00,167.83999633789062,167.99000549316406,167.4001007080078,167.83999633789062,2148573
2025-05-16 17:30:00+00:00,167.3887939453125,167.86000061035156,166.96499633789062,167.85499572753906,2072074
2025-05-16 18:30:00+00:00,167.71499633789062,168.1649932861328,167.3000030517578,167.38499450683594,3411836
2025-05-16 19:30:00+00:00,167.3800048828125,167.72999572753906,167.16000366210938,167.6999969482422,3398175
2025-05-19 13:30:00+00:00,165.9199981689453,167.22500610351562,165.4320068359375,165.71499633789062,6358319
2025-05-19 14:30:00+00:00,166.3300018310547,166.33999633789062,165.4199981689453,165.9199981689453,2441070
2025-05-19 15:30:00+00:00,166.69000244140625,166.80999755859375,165.9600067138672,166.31500244140625,2150391
2025-05-19 16:30:00+00:00,167.05999755859375,167.35910034179688,166.27999877929688,166.7100067138672,1482133
2025-05-19 17:30:00+00:00,166.7449951171875,167.25999450683594,166.67349243164062,167.05499267578125,1231245
2025-05-19 18:30:00+00:00,166.97999572753906,167.22000122070312,166.74000549316406,166.75,2364553
2025-05-19 19:30:00+00:00,167.86000061035156,167.9499969482422,166.9250030517578,166.97000122070312,1987344
2025-05-20 13:30:00+00:00,167.60000610351562,168.7100067138672,166.64999389648438,167.75999450683594,6155710
2025-05-20 14:30:00+00:00,167.80999755859375,168.25999450683594,167.52000427246094,167.58999633789062,3339086
2025-05-20 15:30:00+00:00,168.47999572753906,168.66879272460938,167.7100067138672,167.82000732421875,1967872
2025-05-20 16:30:00+00:00,168.1208038330078,169.67999267578125,168.1199951171875,168.47999572753906,3458008
2025-05-20 17:30:00+00:00,165.73500061035156,168.17999267578125,164.3300018310547,168.13999938964844,8370600
2025-05-20 18:30:00+00:00,165.02999877929688,165.88999938964844,164.25999450683594,165.72999572753906,3529530
2025-05-20 19:30:00+00:00,165.3300018310547,165.57000732421875,165.0500030517578,165.0500030517578,2442852
2025-05-21 13:30:00+00:00,170.55999755859375,171.02999877929688,164.91000366210938,164.91000366210938,10953014
2025-05-21 14:30:00+00:00,174.07479858398438,174.52999877929688,170.19000244140625,170.57000732421875,11275401
2025-05-21 15:30:00+00:00,172.9600067138672,174.09500122070312,172.60009765625,174.07000732421875,6019597
2025-05-21 16:30:00+00:00,170.5,173.14999389648438,170.43499755859375,172.9499969482422,3956902
2025-05-21 17:30:00+00:00,170.82949829101562,171.9499969482422,170.13450622558594,170.49000549316406,3737047
2025-05-21 18:30:00+00:00,169.94500732421875,171.38999938964844,169.84959411621094,170.83999633789062,3454694
2025-05-21 19:30:00+00:00,170.0500030517578,170.92999267578125,169.9499969482422,169.9499969482422,3488219
2025-05-22 13:30:00+00:00,176.6699981689453,178.1300048828125,172.1280059814453,173.30999755859375,16048552
2025-05-22 14:30:00+00:00,173.73500061035156,177.3699951171875,173.39999389648438,176.66000366210938,7838094
2025-05-22 15:30:00+00:00,174.55999755859375,175.47999572753906,173.74000549316406,173.74000549316406,4938733
2025-05-22 16:30:00+00:00,173.83999633789062,174.58999633789062,173.17999267578125,174.52999877929688,3438472
2025-05-22 17:30:00+00:00,173.91650390625,174.32000732421875,173.52000427246094,173.85000610351562,2241976
2025-05-22 18:30:00+00:00,173.78500366210938,174.50999450683594,173.6199951171875,173.88999938964844,2297231
2025-05-22 19:30:00+00:00,172.00999450683594,173.86500549316406,171.8800048828125,173.8000030517578,4894641
2025-05-23 13:30:00+00:00,170.25999450683594,171.08619689941406,169.25999450683594,170.27999877929688,7653394
2025-05-23 14:30:00+00:00,170.5,171.14999389648438,170.02999877929688,170.25999450683594,2261199
2025-05-23 15:30:00+00:00,170.3800048828125,170.8000030517578,169.98019409179688,170.5189971923828,2039703
2025-05-23 16:30:00+00:00,171.1699981689453,171.2050018310547,170.14999389648438,170.375,1614591
2025-05-23 17:30:00+00:00,170.81500244140625,171.1699981689453,170.52499389648438,171.1699981689453,1560556
2025-05-23 18:30:00+00:00,170.36000061035156,170.9949951171875,169.9199981689453,170.81500244140625,2132783
2025-05-23 19:30:00+00:00,169.5800018310547,170.44000244140625,169.38999938964844,170.36000061035156,4112905
2025-05-27 13:30:00+00:00,173.69000244140625,174.1999969482422,171.2100067138672,171.34249877929688,7299975
2025-05-27 14:30:00+00:00,173.21499633789062,174.1199951171875,172.90499877929688,173.7050018310547,3371163
2025-05-27 15:30:00+00:00,173.1656036376953,173.36000061035156,172.55999755859375,173.1999969482422,2409218
2025-05-27 16:30:00+00:00,173.50559997558594,173.80999755859375,173.14149475097656,173.14999389648438,2276687
2025-05-27 17:30:00+00:00,173.83999633789062,174.08999633789062,173.42999267578125,173.50999450683594,1722101
2025-05-27 18:30:00+00:00,173.7001953125,173.9698944091797,173.47000122070312,173.8300018310547,1952817
2025-05-27 19:30:00+00:00,173.9600067138672,174.25999450683594,173.6750030517578,173.6999969482422,2799665
2025-05-28 13:30:00+00:00,174.4250030517578,176.47999572753906,173.82000732421875,173.97999572753906,6238301
2025-05-28 14:30:00+00:00,174.50999450683594,174.61500549316406,173.8000030517578,174.4250030517578,2438902
2025-05-28 15:30:00+00:00,174.07000732421875,174.63499450683594,173.97999572753906,174.5,1927534
2025-05-28 16:30:00+00:00,174.15499877929688,174.52999877929688,174.02999877929688,174.0850067138672,1322908
2025-05-28 17:30:00+00:00,173.625,174.30999755859375,173.44500732421875,174.14999389648438,1437131
2025-05-28 18:30:00+00:00,173.8699951171875,174.08999633789062,173.0800018310547,173.6199951171875,1820549
2025-05-28 19:30:00+00:00,173.39999389648438,174.1199951171875,173.0146026611328,173.85000610351562,2369697
2025-05-29 13:30:00+00:00,173.4499969482422,175.39999389648438,172.5301055908203,175.0449981689453,5813439
2025-05-29 14:30:00+00:00,173.48500061035156,173.85000610351562,173.22000122070312,173.4499969482422,2179026
2025-05-29 15:30:00+00:00,172.61000061035156,173.50379943847656,171.77999877929688,173.47000122070312,2679910
2025-05-29 16:30:00+00:00,172.52999877929688,172.97999572753906,172.1790008544922,172.61000061035156,1855424
2025-05-29 17:30:00+00:00,172.10879516601562,172.73500061035156,172.0500030517578,172.51499938964844,1732370
2025-05-29 18:30:00+00:00,172.67539978027344,172.97000122070312,172.10499572753906,172.10499572753906,1861292
2025-05-29 19:30:00+00:00,172.9600067138672,173.3800048828125,172.52000427246094,172.6649932861328,2482166
2025-05-30 13:30:00+00:00,171.67999267578125,172.75,170.91000366210938,172.41000366210938,4057753
2025-05-30 14:30:00+00:00,171.4499969482422,172.10000610351562,170.91990661621094,171.6699981689453,2489407
2025-05-30 15:30:00+00:00,169.8000030517578,171.5850067138672,169.7449951171875,171.39999389648438,2615227
2025-05-30 16:30:00+00:00,169.69000244140625,169.7899932861328,168.52499389648438,169.76499938964844,3634896
2025-05-30 17:30:00+00:00,170.8000946044922,171.0800018310547,169.67999267578125,169.72999572753906,1979309
2025-05-30 18:30:00+00:00,172.0749969482422,172.2252960205078,170.73500061035156,170.82000732421875,2950377
2025-05-30 19:30:00+00:00,172.77000427246094,173.44000244140625,171.91000366210938,172.0800018310547,5331720
2025-06-02 13:30:00+00:00,170.3553009033203,171.06239318847656,168.64999389648438,169.06500244140625,6879706
2025-06-02 14:30:00+00:00,170.19000244140625,170.6300048828125,169.6699981689453,170.35000610351562,2873873
2025-06-02 15:30:00+00:00,170.28500366210938,170.52000427246094,169.75999450683594,170.19000244140625,1630122
2025-06-02 16:30:00+00:00,170.5,170.61000061035156,170.22000122070312,170.27000427246094,1205566
2025-06-02 17:30:00+00:00,170.00999450683594,170.5,169.56500244140625,170.5,1816555
2025-06-02 18:30:00+00:00,170.57000732421875,170.60499572753906,169.9600067138672,170.01499938964844,1512871
2025-06-02 19:30:00+00:00,170.30999755859375,170.75999450683594,170.16000366210938,170.56500244140625,2586839
2025-06-03 13:30:00+00:00,168.7100067138672,169.57000732421875,166.67999267578125,168.86500549316406,9131376
2025-06-03 14:30:00+00:00,168.44500732421875,168.97300720214844,168.17999267578125,168.6999969482422,2751680
2025-06-03 15:30:00+00:00,169.02999877929688,169.0699005126953,168.1699981689453,168.44500732421875,1640389
2025-06-03 16:30:00+00:00,169.4521942138672,169.8000030517578,168.86500549316406,169.00999450683594,1923280
2025-06-03 17:30:00+00:00,168.7949981689453,169.5850067138672,168.73500061035156,169.4499969482422,1701859
2025-06-03 18:30:00+00:00,168.42999267578125,168.9499969482422,168.15879821777344,168.77000427246094,2176352
2025-06-03 19:30:00+00:00,167.75,168.4678955078125,167.60000610351562,168.44000244140625,2983221
2025-06-04 13:30:00+00:00,168.51499938964844,169.5800018310547,167.82000732421875,168.27999877929688,4791756
2025-06-04 14:30:00+00:00,168.0399932861328,168.93499755859375,168.0,168.50999450683594,2163552
2025-06-04 15:30:00+00:00,168.13229370117188,168.4600067138672,167.7949981689453,168.0399932861328,1804939
2025-06-04 16:30:00+00:00,168.58999633789062,168.75,167.97000122070312,168.1300048828125,1354136
2025-06-04 17:30:00+00:00,168.97999572753906,169.17999267578125,168.5,168.5500030517578,1564355
2025-06-04 18:30:00+00:00,169.10000610351562,169.36000061035156,168.90499877929688,168.97999572753906,1987950
2025-06-04 19:30:00+00:00,169.41000366210938,169.57000732421875,169.02999877929688,169.08999633789062,1752395
2025-06-05 13:30:00+00:00,171.0399932861328,172.36000061035156,169.7899932861328,171.75999450683594,5337681
2025-06-05 14:30:00+00:00,171.44000244140625,172.1199951171875,170.14999389648438,171.01010131835938,3106407
2025-06-05 15:30:00+00:00,171.5500030517578,171.64999389648438,170.8300018310547,171.44000244140625,2225074
2025-06-05 16:30:00+00:00,171.5800018310547,171.75,170.3699951171875,171.54100036621094,1754434
2025-06-05 17:30:00+00:00,171.5399932861328,171.89500427246094,170.85000610351562,171.60499572753906,1569013
2025-06-05 18:30:00+00:00,169.8249969482422,171.67999267578125,169.36000061035156,171.52999877929688,2213092
2025-06-05 19:30:00+00:00,169.88999938964844,170.60499572753906,169.71499633789062,169.84500122070312,2616102
2025-06-06 13:30:00+00:00,174.25999450683594,175.42999267578125,172.3000030517578,172.67999267578125,6978266
2025-06-06 14:30:00+00:00,173.94000244140625,174.7100067138672,173.30999755859375,174.39999389648438,2636572
2025-06-06 15:30:00+00:00,174.14999389648438,174.7100067138672,173.85000610351562,173.92999267578125,1569151
2025-06-06 16:30:00+00:00,174.30999755859375,174.5,173.61749267578125,174.0946044921875,1387245
2025-06-06 17:30:00+00:00,175.4199981689453,175.82000732421875,174.25999450683594,174.32000732421875,2026762
2025-06-06 18:30:00+00:00,174.84500122070312,175.66000366210938,174.67999267578125,175.39999389648438,2191311
2025-06-06 19:30:00+00:00,174.9199981689453,175.5,174.77999877929688,174.83999633789062,3322854
2025-06-09 13:30:00+00:00,176.8699951171875,177.6678009033203,175.66000366210938,176.05999755859375,4316560
2025-06-09 14:30:00+00:00,176.83999633789062,177.3800048828125,176.25999450683594,176.8699951171875,2445910
2025-06-09 15:30:00+00:00,176.89500427246094,177.42999267578125,176.72000122070312,176.83070373535156,1531859
2025-06-09 16:30:00+00:00,177.39999389648438,177.64500427246094,176.88409423828125,176.91000366210938,1256600
2025-06-09 17:30:00+00:00,177.3699951171875,177.63900756835938,176.97000122070312,177.3699951171875,1393835
2025-06-09 18:30:00+00:00,177.5050048828125,177.9149932861328,177.33999633789062,177.36500549316406,1768697
2025-06-09 19:30:00+00:00,177.58999633789062,177.83999633789062,177.2050018310547,177.5,3031001
2025-06-10 13:30:00+00:00,181.125,181.75999450683594,177.3800048828125,177.86349487304688,9808857
2025-06-10 14:30:00+00:00,181.02000427246094,182.44500732421875,180.88999938964844,181.1300048828125,4607777
2025-06-10 15:30:00+00:00,181.65499877929688,181.80999755859375,180.1699981689453,181.00999450683594,2491025
2025-06-10 16:30:00+00:00,180.97999572753906,181.75999450683594,180.97000122070312,181.64999389648438,1587573
2025-06-10 17:30:00+00:00,180.22000122070312,180.97500610351562,179.68499755859375,180.93240356445312,1478750
2025-06-10 18:30:00+00:00,179.33999633789062,180.7949981689453,176.47500610351562,180.22000122070312,5032007
2025-06-10 19:30:00+00:00,180.00999450683594,180.22500610351562,179.25999450683594,179.3300018310547,3283492
2025-06-11 13:30:00+00:00,180.3699951171875,181.3800048828125,179.52000427246094,181.13999938964844,5464751
2025-06-11 14:30:00+00:00,180.08999633789062,180.4199981689453,179.75999450683594,180.36000061035156,1991348
2025-06-11 15:30:00+00:00,179.1999969482422,180.1999969482422,178.7899932861328,180.08999633789062,1913714
2025-06-11 16:30:00+00:00,179.02000427246094,179.6199951171875,178.99000549316406,179.2122039794922,1215988
2025-06-11 17:30:00+00:00,178.75,179.0800018310547,178.0,179.02000427246094,1769678
2025-06-11 18:30:00+00:00,178.83999633789062,179.44000244140625,178.32000732421875,178.74000549316406,2102484
2025-06-11 19:30:00+00:00,178.80999755859375,179.22999572753906,178.52000427246094,178.83999633789062,2238744
2025-06-12 13:30:00+00:00,177.41000366210938,178.7899932861328,176.1199951171875,177.4600067138672,5093301
2025-06-12 14:30:00+00:00,177.02999877929688,177.64999389648438,176.8000030517578,177.38999938964844,1543864
2025-06-12 15:30:00+00:00,177.88999938964844,177.99000549316406,176.97999572753906,177.0399932861328,1468996
2025-06-12 16:30:00+00:00,177.61000061035156,178.11000061035156,177.49000549316406,177.8800048828125,1188084
2025-06-12 17:30:00+00:00,177.3350067138672,177.91000366210938,177.2310028076172,177.60000610351562,1173285
2025-06-12 18:30:00+00:00,177.28500366210938,177.55499267578125,177.095703125,177.33999633789062,1503160
2025-06-12 19:30:00+00:00,176.97999572753906,177.2949981689453,176.52999877929688,177.27000427246094,2208342
2025-06-13 13:30:00+00:00,175.25,175.9185028076172,173.57269287109375,173.8300018310547,4346936
2025-06-13 14:30:00+00:00,177.33999633789062,177.4149932861328,175.19000244140625,175.22500610351562,2746602
2025-06-13 15:30:00+00:00,178.13499450683594,178.2480010986328,177.25,177.33999633789062,1559293
2025-06-13 16:30:00+00:00,177.82000732421875,178.34320068359375,177.5800018310547,178.14500427246094,1351065
2025-06-13 17:30:00+00:00,177.30999755859375,178.17999267578125,177.08999633789062,177.77499389648438,1541427
2025-06-13 18:30:00+00:00,176.3350067138672,177.33509826660156,176.16000366210938,177.30999755859375,2882014
2025-06-13 19:30:00+00:00,175.8800048828125,176.52999877929688,175.6199951171875,176.3300018310547,3351472
2025-06-16 13:30:00+00:00,177.24490356445312,177.38209533691406,175.82000732421875,176.0749969482422,4288150
2025-06-16 14:30:00+00:00,177.08999633789062,177.73500061035156,176.77999877929688,177.27090454101562,2440801
2025-06-16 15:30:00+00:00,176.36500549316406,177.2899932861328,176.30499267578125,177.0800018310547,1426053
2025-06-16 16:30:00+00:00,176.99000549316406,177.22000122070312,176.32000732421875,176.4149932861328,1246964
2025-06-16 17:30:00+00:00,177.3800048828125,177.47999572753906,176.9250030517578,176.97999572753906,1171987
2025-06-16 18:30:00+00:00,177.90480041503906,178.125,177.29209899902344,177.3800048828125,1468822
2025-06-16 19:30:00+00:00,177.97000122070312,178.2100067138672,177.72999572753906,177.91000366210938,1875071
2025-06-17 13:30:00+00:00,177.22000122070312,177.9600067138672,175.94000244140625,177.00999450683594,3458610
2025-06-17 14:30:00+00:00,177.75999450683594,178.5500030517578,177.08999633789062,177.19000244140625,2221155
2025-06-17 15:30:00+00:00,178.41000366210938,178.5800018310547,177.6750030517578,177.77000427246094,1608336
2025-06-17 16:30:00+00:00,177.99000549316406,178.7100067138672,177.50999450683594,178.39999389648438,1389397
2025-06-17 17:30:00+00:00,177.4199981689453,178.27999877929688,177.17999267578125,177.97999572753906,1391223
2025-06-17 18:30:00+00:00,177.75999450683594,178.0,177.1199951171875,177.4250030517578,1165218
2025-06-17 19:30:00+00:00,177.2100067138672,177.8300018310547,177.0800018310547,177.77000427246094,1601679
2025-06-18 13:30:00+00:00,176.6699981689453,177.77999877929688,176.33999633789062,177.4199981689453,3648608
2025-06-18 14:30:00+00:00,176.3300018310547,177.08999633789062,176.2899932861328,176.6699981689453,2149964
2025-06-18 15:30:00+00:00,176.7097930908203,176.89999389648438,176.17999267578125,176.57000732421875,1607589
2025-06-18 16:30:00+00:00,176.7830047607422,177.47999572753906,176.66000366210938,176.6999969482422,1462722
2025-06-18 17:30:00+00:00,177.14999389648438,177.47999572753906,176.57000732421875,176.75999450683594,1206225
2025-06-18 18:30:00+00:00,176.4499969482422,177.5,176.17999267578125,177.1199951171875,2004345
2025-06-18 19:30:00+00:00,173.97999572753906,176.8300018310547,173.9199981689453,176.4600067138672,7746074
2025-06-20 13:30:00+00:00,173.3300018310547,175.36500549316406,173.2899932861328,174.77000427246094,8993185
2025-06-20 14:30:00+00:00,169.97000122070312,173.3300018310547,169.1699981689453,173.3300018310547,7073784
2025-06-20 15:30:00+00:00,170.2899932861328,170.49000549316406,169.2949981689453,169.97999572753906,4314231
2025-06-20 16:30:00+00:00,169.57000732421875,170.52000427246094,169.51890563964844,170.28500366210938,2938738
2025-06-20 17:30:00+00:00,169.97000122070312,170.35000610351562,169.10000610351562,169.57000732421875,2670016
2025-06-20 18:30:00+00:00,168.67250061035156,170.1300048828125,168.5283966064453,169.96499633789062,4467246
2025-06-20 19:30:00+00:00,167.72000122070312,168.7899932861328,166.27000427246094,168.6999969482422,11086827
2025-06-23 13:30:00+00:00,167.4499969482422,167.55189514160156,164.92999267578125,167.32000732421875,6974753
2025-06-23 14:30:00+00:00,166.67999267578125,168.47999572753906,166.48500061035156,167.4550018310547,2826937
2025-06-23 15:30:00+00:00,164.75999450683594,166.6699981689453,164.67999267578125,166.50999450683594,4619445
2025-06-23 16:30:00+00:00,163.77000427246094,164.9499969482422,163.3300018310547,164.7449951171875,5671682
2025-06-23 17:30:00+00:00,164.7899932861328,165.10000610351562,163.77999877929688,163.77999877929688,4318802
2025-06-23 18:30:00+00:00,165.82000732421875,165.86849975585938,164.57000732421875,164.8000030517578,2997170
2025-06-23 19:30:00+00:00,166.00999450683594,166.14999389648438,165.1699981689453,165.82000732421875,4249308
2025-06-24 13:30:00+00:00,168.02999877929688,168.3300018310547,166.94749450683594,167.12269592285156,6614343
2025-06-24 14:30:00+00:00,168.5850067138672,168.8000030517578,167.8000030517578,168.02999877929688,3455325
2025-06-24 15:30:00+00:00,169.09109497070312,169.2156982421875,168.4801025390625,168.66000366210938,2943416
2025-06-24 16:30:00+00:00,168.47000122070312,169.25,168.25999450683594,169.08999633789062,2673698
2025-06-24 17:30:00+00:00,168.33999633789062,168.61500549316406,168.22999572753906,168.4499969482422,1704491
2025-06-24 18:30:00+00:00,168.031005859375,168.87449645996094,167.85000610351562,168.33200073242188,2034396
2025-06-24 19:30:00+00:00,167.7100067138672,168.18960571289062,167.55999755859375,168.02999877929688,2754452
2025-06-25 13:30:00+00:00,172.00999450683594,172.1699981689453,168.5605010986328,168.64999389648438,7207756
2025-06-25 14:30:00+00:00,172.5399932861328,172.81500244140625,171.50999450683594,172.02000427246094,3338864
2025-06-25 15:30:00+00:00,171.74000549316406,173.36000061035156,171.72500610351562,172.5399932861328,2649459
2025-06-25 16:30:00+00:00,171.19500732421875,172.19000244140625,171.1300048828125,171.74000549316406,1800729
2025-06-25 17:30:00+00:00,171.48500061035156,171.52999877929688,170.7100067138672,171.1999969482422,1595829
2025-06-25 18:30:00+00:00,171.60499572753906,171.72999572753906,171.17660522460938,171.47999572753906,1301022
2025-06-25 19:30:00+00:00,171.5,171.8699951171875,171.10000610351562,171.6199951171875,2708045
2025-06-26 13:30:00+00:00,172.23800659179688,173.35000610351562,170.860107421875,173.0500030517578,6502541
2025-06-26 14:30:00+00:00,173.63999938964844,173.91000366210938,172.02999877929688,172.24000549316406,3460887
2025-06-26 15:30:00+00:00,173.57000732421875,173.89999389648438,173.10000610351562,173.6300048828125,2701697
2025-06-26 16:30:00+00:00,173.7899932861328,173.8874053955078,173.1699981689453,173.55999755859375,1553814
2025-06-26 17:30:00+00:00,174.1699981689453,174.4600067138672,173.72000122070312,173.8000030517578,2443826
2025-06-26 18:30:00+00:00,173.96499633789062,174.36000061035156,173.63999938964844,174.1699981689453,2171079
2025-06-26 19:30:00+00:00,174.44000244140625,174.64999389648438,173.8350067138672,173.9600067138672,3583089
2025-06-27 13:30:00+00:00,174.80999755859375,176.02000427246094,174.4907989501953,174.6300048828125,5169276
2025-06-27 14:30:00+00:00,174.71499633789062,175.5800018310547,174.47000122070312,174.80999755859375,3409181
2025-06-27 15:30:00+00:00,173.99859619140625,174.94000244140625,173.72999572753906,174.7100067138672,3368197
2025-06-27 16:30:00+00:00,174.02999877929688,174.4949951171875,173.78329467773438,174.01499938964844,2904431
2025-06-27 17:30:00+00:00,173.66000366210938,174.1999969482422,173.4801025390625,174.06500244140625,3668130
2025-06-27 18:30:00+00:00,174.19000244140625,174.3800048828125,172.72000122070312,173.6699981689453,4027495
2025-06-27 19:30:00+00:00,178.3800048828125,178.83999633789062,174.1750030517578,174.1750030517578,13493678
2025-06-30 13:30:00+00:00,178.0,181.5500030517578,177.4499969482422,180.52999877929688,11543925
2025-06-30 14:30:00+00:00,177.17999267578125,178.1300048828125,176.31500244140625,178.00999450683594,5272293
2025-06-30 15:30:00+00:00,177.3300018310547,177.42999267578125,176.8300018310547,177.19000244140625,4576711
2025-06-30 16:30:00+00:00,178.44000244140625,178.7100067138672,177.32000732421875,177.3300018310547,2990941
2025-06-30 17:30:00+00:00,177.55499267578125,178.5500030517578,177.47999572753906,178.42999267578125,2295760
2025-06-30 18:30:00+00:00,177.15499877929688,177.88380432128906,175.5,177.55999755859375,5151451
2025-06-30 19:30:00+00:00,177.33999633789062,177.66000366210938,176.80999755859375,177.15499877929688,4934331
2025-07-01 13:30:00+00:00,176.4600067138672,177.22000122070312,175.47000122070312,176.80499267578125,5521074
2025-07-01 14:30:00+00:00,176.03729248046875,176.4600067138672,174.66000366210938,176.4600067138672,4495233
2025-07-01 15:30:00+00:00,175.4600067138672,176.33999633789062,175.15499877929688,176.02999877929688,2899231
2025-07-01 16:30:00+00:00,176.1999969482422,176.5998992919922,175.3000030517578,175.44009399414062,2469410
2025-07-01 17:30:00+00:00,176.69000244140625,176.90499877929688,176.28500366210938,176.3697967529297,1994497
2025-07-01 18:30:00+00:00,176.8300018310547,176.96499633789062,175.8300018310547,176.69000244140625,1890730
2025-07-01 19:30:00+00:00,176.86000061035156,177.0,176.53990173339844,176.83999633789062,2139424
2025-07-02 13:30:00+00:00,177.92649841308594,178.11000061035156,176.13999938964844,176.34500122070312,4472118
2025-07-02 14:30:00+00:00,178.55999755859375,178.8188018798828,177.5,177.94000244140625,2141770
2025-07-02 15:30:00+00:00,178.85499572753906,179.3300018310547,178.45480346679688,178.55999755859375,2386686
2025-07-02 16:30:00+00:00,179.60479736328125,179.93499755859375,178.72479248046875,178.84500122070312,2283068
2025-07-02 17:30:00+00:00,179.14999389648438,179.82000732421875,179.0998992919922,179.61000061035156,1423389
2025-07-02 18:30:00+00:00,179.42999267578125,179.60000610351562,178.93499755859375,179.14999389648438,1776555
2025-07-02 19:30:00+00:00,179.75999450683594,179.82000732421875,179.17999267578125,179.47999572753906,2337673
2025-07-03 13:30:00+00:00,179.40499877929688,180.64999389648438,178.19000244140625,180.0,5497119
2025-07-03 14:30:00+00:00,179.77999877929688,180.0449981689453,179.36000061035156,179.4600067138672,2166335
2025-07-03 15:30:00+00:00,179.8715057373047,180.24000549316406,179.66000366210938,179.75999450683594,1901727
2025-07-07 13:30:00+00:00,178.72999572753906,180.33999633789062,178.50999450683594,180.13499450683594,5341077
2025-07-07 14:30:00+00:00,178.52000427246094,178.71730041503906,177.5500030517578,178.71730041503906,3265494
2025-07-07 15:30:00+00:00,177.72500610351562,178.67999267578125,177.39210510253906,178.4949951171875,2071844
2025-07-07 16:30:00+00:00,177.26499938964844,178.05999755859375,177.0,177.72999572753906,1843469
2025-07-07 17:30:00+00:00,176.68499755859375,177.67999267578125,176.67999267578125,177.27499389648438,1783605
2025-07-07 18:30:00+00:00,177.1699981689453,177.38999938964844,176.63999938964844,176.6699981689453,1604853
2025-07-07 19:30:00+00:00,177.5850067138672,177.66000366210938,176.93499755859375,177.17999267578125,2847279
2025-07-08 13:30:00+00:00,176.07000732421875,178.77999877929688,175.72000122070312,178.7550048828125,5645201
2025-07-08 14:30:00+00:00,174.33070373535156,176.8000030517578,173.9199981689453,176.02999877929688,4473673
2025-07-08 15:30:00+00:00,175.49000549316406,175.77999877929688,174.32000732421875,174.32000732421875,2281461
2025-07-08 16:30:00+00:00,175.1199951171875,175.58999633789062,174.92010498046875,175.49000549316406,1627360
2025-07-08 17:30:00+00:00,174.77000427246094,175.2899932861328,174.75999450683594,175.1300048828125,1361048
2025-07-08 18:30:00+00:00,174.96499633789062,174.97000122070312,174.4447021484375,174.77999877929688,2030100
2025-07-08 19:30:00+00:00,175.16000366210938,175.25,174.60499572753906,174.97000122070312,3678496
2025-07-09 13:30:00+00:00,179.52999877929688,180.27999877929688,175.64999389648438,176.11000061035156,8302745
2025-07-09 14:30:00+00:00,178.8699951171875,179.58999633789062,176.4199981689453,179.50999450683594,4357649
2025-07-09 15:30:00+00:00,178.0,179.14500427246094,177.66000366210938,178.8800048828125,2358266
2025-07-09 16:30:00+00:00,178.25,178.72000122070312,177.97999572753906,177.97999572753906,1652374
2025-07-09 17:30:00+00:00,177.24000549316406,178.66000366210938,173.8800048828125,178.26499938964844,6157366
2025-07-09 18:30:00+00:00,177.38999938964844,177.72000122070312,176.89999389648438,177.30999755859375,2364327
2025-07-09 19:30:00+00:00,177.72000122070312,178.1199951171875,177.24000549316406,177.38999938964844,2157594
2025-07-10 13:30:00+00:00,176.27499389648438,177.13999938964844,175.75,176.77999877929688,4908137
2025-07-10 14:30:00+00:00,177.5,177.7449951171875,176.05999755859375,176.27999877929688,3269263
2025-07-10 15:30:00+00:00,177.8699951171875,177.89999389648438,177.0399932861328,177.5,2349077
2025-07-10 16:30:00+00:00,179.3000030517578,179.57000732421875,177.66000366210938,177.84500122070312,2717364
2025-07-10 17:30:00+00:00,178.77499389648438,179.58999633789062,178.5500030517578,179.3000030517578,2461179
2025-07-10 18:30:00+00:00,178.88999938964844,179.02000427246094,178.3300018310547,178.77999877929688,2314273
2025-07-10 19:30:00+00:00,178.69000244140625,178.97000122070312,178.35000610351562,178.8800048828125,2991261
2025-07-11 13:30:00+00:00,178.4949951171875,178.9199981689453,177.54049682617188,177.74000549316406,4343053
2025-07-11 14:30:00+00:00,179.9846954345703,180.02499389648438,178.48500061035156,178.5,3531461
2025-07-11 15:30:00+00:00,181.10000610351562,181.97999572753906,179.97999572753906,179.9949951171875,4751043
2025-07-11 16:30:00+00:00,181.69000244140625,181.77999877929688,180.6699981689453,181.11000061035156,2265448
2025-07-11 17:30:00+00:00,182.07000732421875,182.61000061035156,181.30999755859375,181.69000244140625,2597549
2025-07-11 18:30:00+00:00,181.5800018310547,182.32000732421875,181.42999267578125,182.07000732421875,1931044
2025-07-11 19:30:00+00:00,181.25999450683594,181.6699981689453,181.24000549316406,181.5800018310547,2151938
2025-07-14 13:30:00+00:00,181.24000549316406,184.72999572753906,180.99000549316406,182.1300048828125,6990922
2025-07-14 14:30:00+00:00,181.86630249023438,182.1300048828125,180.71090698242188,181.1999969482422,2692310
2025-07-14 15:30:00+00:00,181.75999450683594,182.07020568847656,181.49000549316406,181.89999389648438,1478974
2025-07-14 16:30:00+00:00,182.30999755859375,182.94500732421875,181.57000732421875,181.75999450683594,1556476
2025-07-14 17:30:00+00:00,182.88999938964844,183.16000366210938,182.19000244140625,182.32000732421875,1518109
2025-07-14 18:30:00+00:00,182.625,183.10000610351562,182.25,182.88999938964844,1624788
2025-07-14 19:30:00+00:00,182.77999877929688,183.00999450683594,182.52999877929688,182.61000061035156,2257706
2025-07-15 13:30:00+00:00,183.5601043701172,184.58999633789062,182.77000427246094,183.94000244140625,5035206
2025-07-15 14:30:00+00:00,185.02000427246094,185.1999969482422,183.51499938964844,183.55499267578125,3397835
2025-07-15 15:30:00+00:00,184.33489990234375,185.02999877929688,183.80999755859375,185.02499389648438,2078120
2025-07-15 16:30:00+00:00,184.5625,184.6999969482422,183.89999389648438,184.3350067138672,1095521
2025-07-15 17:30:00+00:00,185.05999755859375,185.14999389648438,184.5301971435547,184.5500030517578,1544944
2025-07-15 18:30:00+00:00,184.47000122070312,185.39999389648438,184.27000427246094,185.0565948486328,2547391
2025-07-15 19:30:00+00:00,183.0500030517578,184.89999389648438,182.38999938964844,184.47999572753906,4806215
2025-07-16 13:30:00+00:00,184.9001007080078,185.1999969482422,183.0800018310547,184.3800048828125,4974044
2025-07-16 14:30:00+00:00,184.9600067138672,185.335205078125,184.27499389648438,184.88499450683594,3020029
2025-07-16 15:30:00+00:00,183.97000122070312,184.9199981689453,183.17999267578125,184.9199981689453,2340581
2025-07-16 16:30:00+00:00,184.97000122070312,185.2100067138672,183.9199981689453,183.99099731445312,1369433
2025-07-16 17:30:00+00:00,184.91000366210938,185.17999267578125,184.6199951171875,184.9600067138672,1125209
2025-07-16 18:30:00+00:00,184.13499450683594,184.9799041748047,184.07000732421875,184.88999938964844,1589295
2025-07-16 19:30:00+00:00,183.77000427246094,184.6300048828125,183.67999267578125,184.13499450683594,3623835
2025-07-17 13:30:00+00:00,183.5,183.92999267578125,181.5,183.11500549316406,6428431
2025-07-17 14:30:00+00:00,183.47000122070312,183.72000122070312,182.86000061035156,183.49000549316406,2332729
2025-07-17 15:30:00+00:00,183.94000244140625,184.0050048828125,183.16000366210938,183.4600067138672,1720551
2025-07-17 16:30:00+00:00,184.11000061035156,184.22000122070312,183.36000061035156,183.94000244140625,1703539
2025-07-17 17:30:00+00:00,184.91000366210938,185.05999755859375,184.0,184.11000061035156,1993163
2025-07-17 18:30:00+00:00,184.92999267578125,185.14500427246094,184.59500122070312,184.9149932861328,1889319
2025-07-17 19:30:00+00:00,184.72999572753906,185.1873016357422,184.41000366210938,184.91000366210938,2923440
2025-07-18 13:30:00+00:00,185.17999267578125,187.36000061035156,185.0500030517578,186.64999389648438,6619483
2025-07-18 14:30:00+00:00,185.6699981689453,185.97000122070312,184.72999572753906,185.19000244140625,2956468
2025-07-18 15:30:00+00:00,186.02000427246094,186.5399932861328,185.61000061035156,185.67999267578125,2191716
2025-07-18 16:30:00+00:00,186.1199951171875,186.35000610351562,185.69000244140625,186.0449981689453,1727677
2025-07-18 17:30:00+00:00,186.03500366210938,186.3800048828125,185.66000366210938,186.1199951171875,1580292
2025-07-18 18:30:00+00:00,185.74000549316406,186.03909301757812,185.4550018310547,186.02999877929688,1519566
2025-07-18 19:30:00+00:00,185.92999267578125,186.13999938964844,185.5,185.71189880371094,2102279
2025-07-21 13:30:00+00:00,189.86900329589844,190.83999633789062,187.0500030517578,187.1199951171875,7820895
2025-07-21 14:30:00+00:00,190.00390625,190.44000244140625,189.66000366210938,189.88999938964844,3017265
2025-07-21 15:30:00+00:00,189.82000732421875,190.3800048828125,189.07000732421875,190.0299072265625,2173345
2025-07-21 16:30:00+00:00,190.25999450683594,190.44000244140625,189.8000030517578,189.80999755859375,1668749
2025-07-21 17:30:00+00:00,190.72999572753906,190.88999938964844,190.25,190.25,1806306
2025-07-21 18:30:00+00:00,190.70010375976562,191.10499572753906,190.5500030517578,190.72000122070312,2142193
2025-07-21 19:30:00+00:00,191.1300048828125,191.25999450683594,190.6999969482422,190.6999969482422,2841729
2025-07-22 13:30:00+00:00,189.95970153808594,192.52999877929688,188.4949951171875,192.4199981689453,7422000
2025-07-22 14:30:00+00:00,190.14999389648438,190.86000061035156,189.83999633789062,189.94000244140625,2418900
2025-07-22 15:30:00+00:00,190.57000732421875,191.55999755859375,190.10499572753906,190.14999389648438,3083037
2025-07-22 16:30:00+00:00,192.05999755859375,192.1649932861328,190.52499389648438,190.57119750976562,2399024
2025-07-22 17:30:00+00:00,191.72999572753906,192.08900451660156,191.19000244140625,192.0500030517578,1822712
2025-07-22 18:30:00+00:00,192.2100067138672,192.52999877929688,191.67999267578125,191.72000122070312,2708720
2025-07-22 19:30:00+00:00,192.11500549316406,192.5,192.02099609375,192.1999969482422,2898259
2025-07-23 13:30:00+00:00,190.9600067138672,193.36000061035156,190.22000122070312,192.36000061035156,5739692
2025-07-23 14:30:00+00:00,190.63499450683594,191.02999877929688,190.17999267578125,190.97999572753906,2903594
2025-07-23 15:30:00+00:00,190.67999267578125,191.50999450683594,190.3699951171875,190.63999938964844,2309104
2025-07-23 16:30:00+00:00,191.08999633789062,191.19000244140625,190.2949981689453,190.6699981689453,1985040
2025-07-23 17:30:00+00:00,191.4600067138672,191.72999572753906,190.960693359375,191.09500122070312,2104199
2025-07-23 18:30:00+00:00,191.94500732421875,191.95669555664062,191.22999572753906,191.4499969482422,2755959
2025-07-23 19:30:00+00:00,191.6999969482422,192.10000610351562,190.5,191.94500732421875,4077536
2025-07-24 13:30:00+00:00,194.03500366210938,198.97000122070312,191.9499969482422,197.88999938964844,19246513
2025-07-24 14:30:00+00:00,195.3000030517578,195.3000030517578,193.12010192871094,194.02000427246094,6063417
2025-07-24 15:30:00+00:00,193.55999755859375,195.32000732421875,193.16000366210938,195.2998046875,4543844
2025-07-24 16:30:00+00:00,193.96029663085938,194.11000061035156,192.67030334472656,193.52999877929688,3156049
2025-07-24 17:30:00+00:00,195.14999389648438,195.16000366210938,193.8300018310547,193.96929931640625,2492405
2025-07-24 18:30:00+00:00,194.0,195.19000244140625,193.77000427246094,195.13999938964844,3032420
2025-07-24 19:30:00+00:00,193.17999267578125,194.1199951171875,193.0,193.97999572753906,4295390
2025-07-25 13:30:00+00:00,194.11500549316406,195.27499389648438,192.1300048828125,192.92999267578125,9820114
2025-07-25 14:30:00+00:00,194.66099548339844,194.7698974609375,193.4199981689453,194.11500549316406,3775781
2025-07-25 15:30:00+00:00,194.34500122070312,194.89500427246094,193.94000244140625,194.65499877929688,3785608
2025-07-25 16:30:00+00:00,194.18479919433594,194.58999633789062,193.82000732421875,194.32000732421875,2499221
2025-07-25 17:30:00+00:00,194.32000732421875,194.3699951171875,193.6999969482422,194.17999267578125,2312234
2025-07-25 18:30:00+00:00,193.92999267578125,194.86099243164062,193.8699951171875,194.34500122070312,3486787
2025-07-25 19:30:00+00:00,194.08999633789062,194.36500549316406,193.85000610351562,193.94000244140625,3053211
2025-07-28 13:30:00+00:00,192.656005859375,194.82000732421875,192.1300048828125,194.4550018310547,7351518
2025-07-28 14:30:00+00:00,192.1199951171875,193.13499450683594,191.91000366210938,192.64999389648438,4108225
2025-07-28 15:30:00+00:00,192.25,192.4600067138672,191.85499572753906,192.1199951171875,2518899
2025-07-28 16:30:00+00:00,192.91000366210938,193.13580322265625,192.10499572753906,192.25,2416133
2025-07-28 17:30:00+00:00,193.25999450683594,193.4199981689453,192.88009643554688,192.89999389648438,1984276
2025-07-28 18:30:00+00:00,192.8350067138672,193.3000030517578,192.59359741210938,193.27999877929688,1862078
2025-07-28 19:30:00+00:00,193.4199981689453,193.52000427246094,192.66000366210938,192.8300018310547,2853325
2025-07-29 13:30:00+00:00,193.9499969482422,194.55999755859375,192.99000549316406,193.2899932861328,7387228
2025-07-29 14:30:00+00:00,194.06509399414062,194.65499877929688,193.60000610351562,193.9499969482422,2983267
2025-07-29 15:30:00+00:00,195.47000122070312,195.5800018310547,194.0500030517578,194.05999755859375,3886816
2025-07-29 16:30:00+00:00,195.81309509277344,196.5,195.33999633789062,195.4499969482422,2733504
2025-07-29 17:30:00+00:00,195.9499969482422,196.22000122070312,195.4600067138672,195.82000732421875,2873734
2025-07-29 18:30:00+00:00,196.07000732421875,196.36000061035156,195.7100067138672,195.9499969482422,2550967
2025-07-29 19:30:00+00:00,196.44000244140625,196.66000366210938,195.8699951171875,196.05999755859375,3673980
2025-07-30 13:30:00+00:00,196.47999572753906,197.61000061035156,195.55999755859375,196.3000030517578,4544247
2025-07-30 14:30:00+00:00,197.6699981689453,197.875,196.4600067138672,196.4600067138672,2712574
2025-07-30 15:30:00+00:00,198.2100067138672,198.22999572753906,197.593994140625,197.69500732421875,1657437
2025-07-30 16:30:00+00:00,197.7550048828125,198.4799041748047,197.74000549316406,198.1999969482422,1573085
2025-07-30 17:30:00+00:00,197.97000122070312,198.17999267578125,197.2899932861328,197.75999450683594,1259030
2025-07-30 18:30:00+00:00,196.6999969482422,198.24000549316406,196.18600463867188,197.99000549316406,2778862
2025-07-30 19:30:00+00:00,197.49000549316406,197.5,196.67999267578125,196.69000244140625,2779394
2025-07-31 13:30:00+00:00,194.90499877929688,196.8300018310547,192.80999755859375,195.10000610351562,8390345
2025-07-31 14:30:00+00:00,193.4499969482422,195.0050048828125,192.3000030517578,194.89999389648438,4021569
2025-07-31 15:30:00+00:00,194.7949981689453,194.99000549316406,193.16000366210938,193.4499969482422,1812988
2025-07-31 16:30:00+00:00,193.11000061035156,194.89500427246094,192.97999572753906,194.7899932861328,1649449
2025-07-31 17:30:00+00:00,193.3000030517578,194.10000610351562,192.81419372558594,193.11749267578125,1655557
2025-07-31 18:30:00+00:00,192.77000427246094,193.57000732421875,192.57000732421875,193.27000427246094,2249349
2025-07-31 19:30:00+00:00,192.88999938964844,193.13999938964844,192.11000061035156,192.77999877929688,2973316
2025-08-01 13:30:00+00:00,190.26510620117188,191.61749267578125,188.6999969482422,189.9149932861328,6903518
2025-08-01 14:30:00+00:00,189.6199951171875,190.9499969482422,189.40020751953125,190.3000030517578,3043420
2025-08-01 15:30:00+00:00,189.91400146484375,190.34500122070312,189.53720092773438,189.5800018310547,1457503
2025-08-01 16:30:00+00:00,189.32000732421875,190.00999450683594,188.8300018310547,189.89999389648438,1382272
2025-08-01 17:30:00+00:00,189.92999267578125,189.9949951171875,189.25999450683594,189.30999755859375,1779133
2025-08-01 18:30:00+00:00,189.75,190.2100067138672,189.61000061035156,189.9250030517578,1765436
2025-08-01 19:30:00+00:00,189.9499969482422,190.30999755859375,189.49000549316406,189.75,2441638
2025-08-04 13:30:00+00:00,195.3000030517578,195.41879272460938,190.9199981689453,191.1750030517578,5939751
2025-08-04 14:30:00+00:00,194.0,195.32000732421875,193.62030029296875,195.32000732421875,1910263
2025-08-04 15:30:00+00:00,194.74000549316406,195.05499267578125,193.87249755859375,193.98019409179688,1714565
2025-08-04 16:30:00+00:00,195.19000244140625,195.25999450683594,194.5924072265625,194.72999572753906,1303028
2025-08-04 17:30:00+00:00,195.3800048828125,195.6199951171875,194.9199981689453,195.1999969482422,2068706
2025-08-04 18:30:00+00:00,195.14999389648438,196.0800018310547,195.13999938964844,195.38999938964844,2931504
2025-08-04 19:30:00+00:00,195.75,195.88999938964844,195.10000610351562,195.13999938964844,2798081
2025-08-05 13:30:00+00:00,197.8260955810547,198.6999969482422,195.5449981689453,196.3300018310547,5779509
2025-08-05 14:30:00+00:00,196.34010314941406,197.86990356445312,195.92999267578125,197.8459930419922,2098788
2025-08-05 15:30:00+00:00,196.32839965820312,196.63999938964844,195.91000366210938,196.33999633789062,1102985
2025-08-05 16:30:00+00:00,196.3000030517578,196.4600067138672,195.46499633789062,196.36000061035156,1151974
2025-08-05 17:30:00+00:00,195.87010192871094,196.4499969482422,195.8000030517578,196.2899932861328,1016396
2025-08-05 18:30:00+00:00,195.2100067138672,195.9949951171875,195.0800018310547,195.8699951171875,1641494
2025-08-05 19:30:00+00:00,195.32000732421875,195.55999755859375,194.6750030517578,195.19000244140625,2377589
2025-08-06 13:30:00+00:00,194.57000732421875,196.33999633789062,194.46730041503906,195.25999450683594,3285764
2025-08-06 14:30:00+00:00,195.75999450683594,196.3800048828125,194.51499938964844,194.5540008544922,2031517
2025-08-06 15:30:00+00:00,196.80999755859375,197.3800048828125,195.61000061035156,195.75450134277344,2069362
2025-08-06 16:30:00+00:00,196.6300048828125,197.27999877929688,196.6199951171875,196.77999877929688,1021248
2025-08-06 17:30:00+00:00,196.9600067138672,197.27999877929688,196.49200439453125,196.63999938964844,1178739
2025-08-06 18:30:00+00:00,197.1649932861328,197.27000427246094,196.9499969482422,196.9499969482422,1151836
2025-08-06 19:30:00+00:00,196.92999267578125,197.1927032470703,196.3300018310547,197.14089965820312,1935606
2025-08-07 13:30:00+00:00,197.75,198.35000610351562,196.3000030517578,197.7100067138672,3941934
2025-08-07 14:30:00+00:00,197.22520446777344,198.1663055419922,196.9600067138672,197.67999267578125,1515428
2025-08-07 15:30:00+00:00,197.375,197.72000122070312,196.9427032470703,197.22000122070312,1234025
2025-08-07 16:30:00+00:00,196.47500610351562,197.5500030517578,196.4499969482422,197.3800048828125,1199456
2025-08-07 17:30:00+00:00,195.69070434570312,196.5800018310547,195.41000366210938,196.47999572753906,1309481
2025-08-07 18:30:00+00:00,196.27000427246094,196.31500244140625,195.22000122070312,195.67999267578125,1270958
2025-08-07 19:30:00+00:00,197.35000610351562,197.35000610351562,196.14999389648438,196.25999450683594,1685787
2025-08-08 13:30:00+00:00,201.9199981689453,202.38999938964844,197.89999389648438,198.13499450683594,7701759
2025-08-08 14:30:00+00:00,203.32000732421875,203.32969665527344,201.50999450683594,201.91000366210938,4104057
2025-08-08 15:30:00+00:00,201.8489990234375,203.4250030517578,201.3300018310547,203.3000030517578,2589143
2025-08-08 16:30:00+00:00,201.4969940185547,201.875,201.2100067138672,201.85989379882812,1833860
2025-08-08 17:30:00+00:00,201.88189697265625,202.02000427246094,201.49000549316406,201.49029541015625,1566737
2025-08-08 18:30:00+00:00,202.3000030517578,202.39999389648438,201.41009521484375,201.90499877929688,1952911
2025-08-08 19:30:00+00:00,202.1649932861328,202.36000061035156,201.8800048828125,202.2949981689453,1741068
2025-08-11 13:30:00+00:00,200.39999389648438,201.8800048828125,199.8000030517578,201.55499267578125,4098885
2025-08-11 14:30:00+00:00,201.5749969482422,201.77999877929688,200.3000030517578,200.36000061035156,1413879
2025-08-11 15:30:00+00:00,201.9803924560547,202.07980346679688,201.17999267578125,201.60000610351562,1232367
2025-08-11 16:30:00+00:00,201.61000061035156,202.16000366210938,201.44000244140625,201.9949951171875,978758
2025-08-11 17:30:00+00:00,201.50979614257812,201.89500427246094,201.44000244140625,201.6300048828125,1694497
2025-08-11 18:30:00+00:00,201.80999755859375,201.89999389648438,201.0399932861328,201.49000549316406,1293768
2025-08-11 19:30:00+00:00,201.5399932861328,201.91000366210938,201.14999389648438,201.83999633789062,2099434
2025-08-12 13:30:00+00:00,203.1199951171875,205.1300048828125,201.41000366210938,202.09500122070312,5046556
2025-08-12 14:30:00+00:00,203.44000244140625,204.14999389648438,202.4499969482422,203.1199951171875,1884153
2025-08-12 15:30:00+00:00,204.47000122070312,204.52000427246094,202.23800659179688,203.47999572753906,3171192
2025-08-12 16:30:00+00:00,204.23240661621094,204.98500061035156,204.05999755859375,204.4550018310547,1631083
2025-08-12 17:30:00+00:00,204.38250732421875,204.60000610351562,204.17999267578125,204.25999450683594,1912635
2025-08-12 18:30:00+00:00,204.7884063720703,204.85000610351562,204.2801971435547,204.38999938964844,1289074
2025-08-12 19:30:00+00:00,204.15899658203125,204.9499969482422,204.0500030517578,204.7899932861328,2634937
2025-08-13 13:30:00+00:00,204.22039794921875,205.3699951171875,203.17999267578125,204.9250030517578,4373783
2025-08-13 14:30:00+00:00,204.5229949951172,204.8209991455078,204.02999877929688,204.2449951171875,1955118
2025-08-13 15:30:00+00:00,203.5800018310547,204.63980102539062,203.34500122070312,204.5399932861328,1465392
2025-08-13 16:30:00+00:00,203.75,203.85000610351562,203.2100067138672,203.55999755859375,1271628
2025-08-13 17:30:00+00:00,203.52499389648438,204.05999755859375,203.52000427246094,203.7550048828125,1288163
2025-08-13 18:30:00+00:00,203.0500030517578,203.5500030517578,198.63999938964844,203.52999877929688,5606458
2025-08-13 19:30:00+00:00,202.97999572753906,203.15499877929688,202.5500030517578,203.02000427246094,1372218
2025-08-14 13:30:00+00:00,203.46029663085938,204.2371063232422,202.32449340820312,202.55999755859375,3455983
2025-08-14 14:30:00+00:00,204.3000030517578,205.41000366210938,203.28500366210938,203.4499969482422,2633455
2025-08-14 15:30:00+00:00,204.4499969482422,205.3000030517578,204.11000061035156,204.3000030517578,1520865
2025-08-14 16:30:00+00:00,205.0800018310547,205.1699981689453,204.42520141601562,204.44500732421875,1271623
2025-08-14 17:30:00+00:00,203.9600067138672,205.15499877929688,203.73500061035156,205.10000610351562,1172689
2025-08-14 18:30:00+00:00,203.94000244140625,204.47999572753906,203.8800048828125,203.97000122070312,1386528
2025-08-14 19:30:00+00:00,203.77999877929688,204.3699951171875,203.77000427246094,203.94000244140625,1549301
2025-08-15 13:30:00+00:00,206.8813934326172,207.3300018310547,203.89999389648438,204.6999969482422,6061610
2025-08-15 14:30:00+00:00,205.89999389648438,207.27999877929688,205.7602996826172,206.875,1763043
2025-08-15 15:30:00+00:00,206.1300048828125,206.23500061035156,205.16000366210938,205.8206024169922,1475382
2025-08-15 16:30:00+00:00,207.05999755859375,207.1999969482422,206.11000061035156,206.13999938964844,1337282
2025-08-15 17:30:00+00:00,206.66000366210938,207.2843017578125,202.0850067138672,207.08999633789062,3944520
2025-08-15 18:30:00+00:00,205.97000122070312,206.86000061035156,205.71009826660156,206.67999267578125,1241099
2025-08-15 19:30:00+00:00,204.92999267578125,206.0500030517578,204.75999450683594,205.9600067138672,2298915
2025-08-18 13:30:00+00:00,205.3300018310547,206.13999938964844,204.64999389648438,205.15499877929688,2802492
2025-08-18 14:30:00+00:00,204.08999633789062,205.36000061035156,204.00999450683594,205.27499389648438,1439830
2025-08-18 15:30:00+00:00,203.7949981689453,204.25,203.66000366210938,204.10000610351562,1133128
2025-08-18 16:30:00+00:00,203.8699951171875,203.94000244140625,203.4199981689453,203.7899932861328,1336556
2025-08-18 17:30:00+00:00,203.88999938964844,204.10079956054688,203.7100067138672,203.8800048828125,1026938
2025-08-18 18:30:00+00:00,204.13999938964844,204.25,203.6999969482422,203.88999938964844,1361397
2025-08-18 19:30:00+00:00,204.2899932861328,204.52499389648438,204.0399932861328,204.14649963378906,1821571
2025-08-19 13:30:00+00:00,202.0500030517578,204.2899932861328,201.83999633789062,203.91000366210938,3244374
2025-08-19 14:30:00+00:00,201.4250030517578,202.28509521484375,201.0,202.0500030517578,2076697
2025-08-19 15:30:00+00:00,201.49000549316406,201.8300018310547,200.92999267578125,201.4499969482422,1171616
2025-08-19 16:30:00+00:00,201.75999450683594,201.79620361328125,201.21499633789062,201.50999450683594,998695
2025-08-19 17:30:00+00:00,202.0,202.16000366210938,201.7449951171875,201.7550048828125,770875
2025-08-19 18:30:00+00:00,202.25999450683594,202.3948974609375,201.89999389648438,201.9949951171875,1108970
2025-08-19 19:30:00+00:00,202.42999267578125,202.52999877929688,202.02000427246094,202.27000427246094,1337183
2025-08-20 13:30:00+00:00,198.5449981689453,202.1699981689453,197.9199981689453,201.67999267578125,4355424
2025-08-20 14:30:00+00:00,199.4199981689453,199.72999572753906,197.4600067138672,198.5399932861328,2055768
2025-08-20 15:30:00+00:00,200.9199981689453,200.94000244140625,199.27499389648438,199.3800048828125,1511713
2025-08-20 16:30:00+00:00,200.61000061035156,200.9550018310547,200.0612030029297,200.93499755859375,922416
2025-08-20 17:30:00+00:00,200.22999572753906,201.41000366210938,200.22000122070312,200.61500549316406,933595
2025-08-20 18:30:00+00:00,200.74000549316406,201.2100067138672,200.19500732421875,200.24000549316406,950010
2025-08-20 19:30:00+00:00,200.17100524902344,200.94000244140625,200.14010620117188,200.75,1399010
2025-08-21 13:30:00+00:00,202.75399780273438,202.85000610351562,200.39999389648438,200.72500610351562,3346041
2025-08-21 14:30:00+00:00,201.00050354003906,203.35000610351562,200.97000122070312,202.75,1778930
2025-08-21 15:30:00+00:00,200.6300048828125,201.25999450683594,200.42999267578125,201.0,1027592
2025-08-21 16:30:00+00:00,200.5928955078125,200.97000122070312,200.44000244140625,200.68499755859375,627552
2025-08-21 17:30:00+00:00,200.60360717773438,201.17999267578125,200.5500946044922,200.58999633789062,642226
2025-08-21 18:30:00+00:00,200.91000366210938,201.1300048828125,200.48599243164062,200.59500122070312,721825
2025-08-21 19:30:00+00:00,200.6199951171875,200.97000122070312,200.47000122070312,200.9250030517578,1185390
2025-08-22 13:30:00+00:00,204.43299865722656,204.9600067138672,202.1300048828125,203.9600067138672,5893030
2025-08-22 14:30:00+00:00,205.05999755859375,205.57000732421875,204.38999938964844,204.42999267578125,2356017
2025-08-22 15:30:00+00:00,205.0449981689453,205.99000549316406,204.49000549316406,205.07000732421875,1841196
2025-08-22 16:30:00+00:00,207.97039794921875,208.0500030517578,204.4499969482422,205.07000732421875,4553691
2025-08-22 17:30:00+00:00,208.4149932861328,209.22999572753906,207.60000610351562,207.93499755859375,3953974
2025-08-22 18:30:00+00:00,206.94000244140625,208.6199951171875,206.86019897460938,208.4149932861328,2639672
2025-08-22 19:30:00+00:00,206.75,206.92999267578125,206.07000732421875,206.9199981689453,2546848
2025-08-25 13:30:00+00:00,209.15499877929688,209.32000732421875,205.97999572753906,206.94000244140625,5230366
2025-08-25 14:30:00+00:00,209.60740661621094,210.27999877929688,208.11070251464844,209.13999938964844,4272775
2025-08-25 15:30:00+00:00,210.75999450683594,211.08999633789062,209.17999267578125,209.6300048828125,2075330
2025-08-25 16:30:00+00:00,210.1750030517578,210.97000122070312,210.07000732421875,210.75,1592905
2025-08-25 17:30:00+00:00,209.64010620117188,210.5198974609375,209.6199951171875,210.1750030517578,1615415
2025-08-25 18:30:00+00:00,209.45559692382812,209.78370666503906,209.25999450683594,209.63999938964844,1558072
2025-08-25 19:30:00+00:00,209.16000366210938,209.91000366210938,209.1199951171875,209.47999572753906,3052018
2025-08-26 13:30:00+00:00,207.63999938964844,208.1300048828125,206.45010375976562,207.8800048828125,4166983
2025-08-26 14:30:00+00:00,207.22999572753906,207.6300048828125,206.64999389648438,207.6199951171875,1942451
2025-08-26 15:30:00+00:00,208.13999938964844,208.4600067138672,207.08009338378906,207.25,1378065
2025-08-26 16:30:00+00:00,207.50999450683594,208.1999969482422,207.4199981689453,208.1300048828125,991859
2025-08-26 17:30:00+00:00,207.58999633789062,207.75999450683594,207.3350067138672,207.50999450683594,1048596
2025-08-26 18:30:00+00:00,207.92999267578125,208.0500030517578,207.36000061035156,207.60000610351562,1887537
2025-08-26 19:30:00+00:00,207.9600067138672,208.14999389648438,206.55999755859375,207.94000244140625,2590193
2025-08-27 13:30:00+00:00,209.2550048828125,209.52999877929688,206.38999938964844,206.40499877929688,3510364
2025-08-27 14:30:00+00:00,208.6999969482422,209.56500244140625,208.5,209.24000549316406,1702000
2025-08-27 15:30:00+00:00,207.72500610351562,208.97999572753906,206.93499755859375,208.6999969482422,2466445
2025-08-27 16:30:00+00:00,207.943603515625,208.3000030517578,207.4499969482422,207.7100067138672,869517
2025-08-27 17:30:00+00:00,208.0399932861328,208.29600524902344,207.85000610351562,207.9499969482422,678067
2025-08-27 18:30:00+00:00,207.88499450683594,208.07000732421875,207.38009643554688,208.03280639648438,973505
2025-08-27 19:30:00+00:00,208.17999267578125,208.78970336914062,207.8800048828125,207.88499450683594,1800465
2025-08-28 13:30:00+00:00,211.0800018310547,211.77000427246094,207.60000610351562,207.83999633789062,5146524
2025-08-28 14:30:00+00:00,211.94500732421875,212.5800018310547,211.04010009765625,211.08999633789062,2681247
2025-08-28 15:30:00+00:00,212.72999572753906,212.8800048828125,211.6999969482422,211.97000122070312,1329011
2025-08-28 16:30:00+00:00,212.74899291992188,212.8000030517578,212.0800018310547,212.74000549316406,905473
2025-08-28 17:30:00+00:00,212.22500610351562,212.85499572753906,212.19259643554688,212.77999877929688,1139796
2025-08-28 18:30:00+00:00,212.5500030517578,212.8000030517578,212.0800018310547,212.23500061035156,1302856
2025-08-28 19:30:00+00:00,212.3800048828125,212.8800048828125,212.25,212.57000732421875,1907267
2025-08-29 13:30:00+00:00,212.9499053955078,213.08999633789062,210.97000122070312,211.27999877929688,3788625
2025-08-29 14:30:00+00:00,212.55999755859375,212.97000122070312,211.86000061035156,212.9499969482422,1674504
2025-08-29 15:30:00+00:00,212.6999969482422,212.87049865722656,212.0800018310547,212.5697021484375,1414628
2025-08-29 16:30:00+00:00,212.33999633789062,213.05499267578125,212.1199951171875,212.6999969482422,1107909
2025-08-29 17:30:00+00:00,214.38999938964844,215.33999633789062,212.14999389648438,212.33999633789062,4561368
2025-08-29 18:30:00+00:00,213.91000366210938,214.64999389648438,213.77999877929688,214.39999389648438,1744252
2025-08-29 19:30:00+00:00,213.66000366210938,214.25,213.00999450683594,213.9199981689453,2829163
2025-09-02 13:30:00+00:00,210.27999877929688,210.66000366210938,208.13999938964844,208.9149932861328,5786017
2025-09-02 14:30:00+00:00,207.63839721679688,210.64999389648438,207.3249969482422,210.25999450683594,2465514
2025-09-02 15:30:00+00:00,208.36000061035156,208.41000366210938,206.9600067138672,207.625,1862319
2025-09-02 16:30:00+00:00,209.66099548339844,209.75,208.27999877929688,208.36000061035156,1604315
2025-09-02 17:30:00+00:00,210.4300994873047,211.39999389648438,209.6300048828125,209.64999389648438,1738828
2025-09-02 18:30:00+00:00,211.3549041748047,211.38999938964844,210.22000122070312,210.42999267578125,1297587
2025-09-02 19:30:00+00:00,211.9199981689453,212.36900329589844,211.27999877929688,211.35000610351562,2681646
2025-09-03 13:30:00+00:00,228.07000732421875,231.3083038330078,225.1199951171875,226.42999267578125,28605986
2025-09-03 14:30:00+00:00,229.49000549316406,231.22000122070312,228.00999450683594,228.0749969482422,8191922
2025-09-03 15:30:00+00:00,230.39500427246094,230.75999450683594,228.97999572753906,229.47000122070312,5664836
2025-09-03 16:30:00+00:00,230.83999633789062,231.8000030517578,230.0500030517578,230.40589904785156,5460864
2025-09-03 17:30:00+00:00,229.92999267578125,231.22000122070312,229.3101043701172,230.84500122070312,4210685
2025-09-03 18:30:00+00:00,230.0800018310547,230.36000061035156,228.82000732421875,229.92990112304688,4374214
2025-09-03 19:30:00+00:00,231.10000610351562,231.52999877929688,228.0500030517578,230.05999755859375,7886376
2025-09-04 13:30:00+00:00,227.00750732421875,231.02999877929688,226.86000061035156,230.08999633789062,9252900
2025-09-04 14:30:00+00:00,228.42999267578125,228.60000610351562,226.75999450683594,226.97999572753906,3815418
2025-09-04 15:30:00+00:00,228.5386962890625,228.77999877929688,228.02000427246094,228.42999267578125,2330969
2025-09-04 16:30:00+00:00,229.60000610351562,229.6300048828125,228.3300018310547,228.50999450683594,1933940
2025-09-04 17:30:00+00:00,230.97999572753906,231.1199951171875,229.56500244140625,229.6300048828125,2141220
2025-09-04 18:30:00+00:00,231.92359924316406,231.9600067138672,230.83999633789062,230.9550018310547,2861281
2025-09-04 19:30:00+00:00,232.67999267578125,232.77000427246094,231.8699951171875,231.9149932861328,4079765
2025-09-05 13:30:00+00:00,232.9600067138672,236.12989807128906,232.62600708007812,232.64999389648438,6793523
2025-09-05 14:30:00+00:00,234.14599609375,234.22999572753906,232.41000366210938,232.94500732421875,3567338
2025-09-05 15:30:00+00:00,235.16000366210938,235.33999633789062,233.75,234.14500427246094,2439907
2025-09-05 16:30:00+00:00,234.36000061035156,235.28990173339844,233.8450927734375,235.17999267578125,2071734
2025-09-05 17:30:00+00:00,233.4600067138672,234.64999389648438,233.41000366210938,234.36000061035156,1814910
2025-09-05 18:30:00+00:00,234.6199951171875,234.72000122070312,233.13999938964844,233.47999572753906,2612629
2025-09-05 19:30:00+00:00,235.1699981689453,235.66000366210938,234.25,234.64999389648438,3050781
2025-09-08 13:30:00+00:00,236.375,238.35000610351562,235.55999755859375,235.9199981689453,5906425
2025-09-08 14:30:00+00:00,235.75,236.6699981689453,235.1300048828125,236.36500549316406,2618937
2025-09-08 15:30:00+00:00,235.27000427246094,236.39999389648438,235.13999938964844,235.7678985595703,1991606
2025-09-08 16:30:00+00:00,234.8699951171875,235.49000549316406,234.2899932861328,235.28500366210938,1817020
2025-09-08 17:30:00+00:00,234.9199981689453,235.02000427246094,234.1699981689453,234.88499450683594,1763591
2025-09-08 18:30:00+00:00,234.27000427246094,235.02000427246094,233.9700927734375,234.9199981689453,2141915
2025-09-08 19:30:00+00:00,234.16000366210938,234.71499633789062,233.72999572753906,234.27000427246094,3347544
2025-09-09 13:30:00+00:00,236.58999633789062,236.83999633789062,233.38999938964844,234.19000244140625,4672631
2025-09-09 14:30:00+00:00,236.32000732421875,237.2899932861328,235.6999969482422,236.56430053710938,3031589
2025-09-09 15:30:00+00:00,237.1699981689453,237.33299255371094,235.92999267578125,236.30999755859375,1581097
2025-09-09 16:30:00+00:00,238.30999755859375,238.5800018310547,237.07000732421875,237.1649932861328,2312768
2025-09-09 17:30:00+00:00,238.85000610351562,239.14999389648438,237.82020568847656,238.31069946289062,2166844
2025-09-09 18:30:00+00:00,240.27000427246094,240.35000610351562,238.5800018310547,238.86000061035156,3288959
2025-09-09 19:30:00+00:00,239.97999572753906,240.58999633789062,239.25,240.27999877929688,3041736
2025-09-10 13:30:00+00:00,240.47999572753906,241.58999633789062,238.17999267578125,239.32000732421875,5247855
2025-09-10 14:30:00+00:00,240.4600067138672,241.2100067138672,239.92999267578125,240.5,2575438
2025-09-10 15:30:00+00:00,241.01919555664062,241.52999877929688,240.24000549316406,240.49000549316406,1794209
2025-09-10 16:30:00+00:00,240.97000122070312,242.0800018310547,240.83999633789062,241.02000427246094,1630179
2025-09-10 17:30:00+00:00,239.74380493164062,241.58999633789062,239.4499969482422,240.9600067138672,1671473
2025-09-10 18:30:00+00:00,239.1909942626953,240.3000030517578,238.92999267578125,239.7550048828125,1453684
2025-09-10 19:30:00+00:00,239.5500030517578,240.75999450683594,239.17999267578125,239.19500732421875,2036338
2025-09-11 13:30:00+00:00,238.3699951171875,240.75,237.3000030517578,240.1999969482422,4036984
2025-09-11 14:30:00+00:00,239.5800018310547,239.77999877929688,236.5800018310547,238.3699951171875,449915
2025-09-11 15:30:00+00:00,240.3173065185547,240.47500610351562,239.47000122070312,239.55999755859375,4088610
2025-09-11 16:30:00+00:00,240.3000030517578,240.4250030517578,239.52999877929688,240.30999755859375,1612786
2025-09-11 17:30:00+00:00,241.38999938964844,241.39999389648438,240.0500030517578,240.3000030517578,1576667
2025-09-11 18:30:00+00:00,242.33999633789062,242.38499450683594,241.16000366210938,241.38999938964844,2137449
2025-09-11 19:30:00+00:00,240.72000122070312,242.57000732421875,240.64999389648438,242.30999755859375,2928870
2025-09-12 13:30:00+00:00,239.47349548339844,241.14999389648438,238.5,240.80499267578125,3764482
2025-09-12 14:30:00+00:00,240.38450622558594,240.9149932861328,239.4199981689453,239.5,1700121
2025-09-12 15:30:00+00:00,241.27000427246094,241.41000366210938,240.33999633789062,240.3800048828125,1176346
2025-09-12 16:30:00+00:00,241.5399932861328,241.8699951171875,241.0749969482422,241.22999572753906,909323
2025-09-12 17:30:00+00:00,241.52000427246094,242.42269897460938,241.4561004638672,241.55999755859375,1116586
2025-09-12 18:30:00+00:00,241.52999877929688,242.11500549316406,241.47999572753906,241.51739501953125,1226323
2025-09-12 19:30:00+00:00,241.27999877929688,241.57000732421875,241.08399963378906,241.50999450683594,1606880
2025-09-15 13:30:00+00:00,251.42999267578125,252.74989318847656,245.0,245.52999877929688,10342121
2025-09-15 14:30:00+00:00,248.83999633789062,251.4250030517578,248.3800048828125,251.4250030517578,3307777
2025-09-15 15:30:00+00:00,249.72000122070312,251.0,248.71099853515625,248.8094024658203,2876588
2025-09-15 16:30:00+00:00,249.72999572753906,249.91000366210938,248.66000366210938,249.72000122070312,1887591
2025-09-15 17:30:00+00:00,249.99000549316406,250.5449981689453,248.7270965576172,249.74000549316406,1648021
2025-09-15 18:30:00+00:00,250.55999755859375,250.6699981689453,248.9550018310547,250.00999450683594,2355022
2025-09-15 19:30:00+00:00,251.85000610351562,252.14999389648438,250.4600067138672,250.5800018310547,3714936
2025-09-16 13:30:00+00:00,251.17999267578125,253.22999572753906,249.71499633789062,252.35499572753906,6874072
2025-09-16 14:30:00+00:00,251.05499267578125,252.1199951171875,250.75,251.2100067138672,2501229
2025-09-16 15:30:00+00:00,252.08999633789062,252.10000610351562,250.7899932861328,251.05499267578125,2206201
2025-09-16 16:30:00+00:00,252.32760620117188,252.58999633789062,251.97000122070312,252.10000610351562,1757378
2025-09-16 17:30:00+00:00,252.19000244140625,252.3800048828125,251.75,252.3300018310547,1479625
2025-09-16 18:30:00+00:00,252.19500732421875,252.5,251.77999877929688,252.19500732421875,1482660
2025-09-16 19:30:00+00:00,251.41000366210938,252.2100067138672,251.3300018310547,252.2100067138672,1816000
2025-09-17 13:30:00+00:00,249.2550048828125,251.9499969482422,248.89999389648438,251.4600067138672,4484217
2025-09-17 14:30:00+00:00,248.1999969482422,249.97000122070312,247.99000549316406,249.28439331054688,2100324
2025-09-17 15:30:00+00:00,249.1300048828125,249.27999877929688,247.8800048828125,248.25,1565514
2025-09-17 16:30:00+00:00,248.3553924560547,249.31170654296875,248.11000061035156,249.1750030517578,1576370
2025-09-17 17:30:00+00:00,248.90989685058594,249.36000061035156,246.5800018310547,248.36000061035156,2865801
2025-09-17 18:30:00+00:00,250.55999755859375,250.74000549316406,247.7050018310547,248.9219970703125,2998391
2025-09-17 19:30:00+00:00,249.85000610351562,250.75999450683594,249.51499938964844,250.56509399414062,2101352
2025-09-18 13:30:00+00:00,252.085205078125,254.13999938964844,251.4199981689453,251.86000061035156,5408221
2025-09-18 14:30:00+00:00,250.64999389648438,252.25999450683594,250.57000732421875,252.07000732421875,2566722
2025-09-18 15:30:00+00:00,250.40499877929688,250.9499969482422,250.11000061035156,250.6699981689453,1471687
2025-09-18 16:30:00+00:00,251.05499267578125,251.41000366210938,250.25999450683594,250.39999389648438,1244884
2025-09-18 17:30:00+00:00,251.9550018310547,252.13999938964844,250.77499389648438,251.05499267578125,1480854
2025-09-18 18:30:00+00:00,251.85000610351562,252.37840270996094,251.58999633789062,251.97000122070312,1613177
2025-09-18 19:30:00+00:00,252.35499572753906,252.60000610351562,251.58999633789062,251.8300018310547,2294528
2025-09-19 13:30:00+00:00,253.3699951171875,254.4250030517578,252.0675048828125,253.56100463867188,7605675
2025-09-19 14:30:00+00:00,253.25,253.3800048828125,252.35000610351562,253.31979370117188,1723610
2025-09-19 15:30:00+00:00,254.3101043701172,254.39500427246094,252.47500610351562,253.25,1936531
2025-09-19 16:30:00+00:00,254.9600067138672,254.96499633789062,253.97079467773438,254.3300018310547,1156525
2025-09-19 17:30:00+00:00,254.97000122070312,255.2100067138672,254.47999572753906,254.93499755859375,2024493
2025-09-19 18:30:00+00:00,255.8300018310547,256.0799865722656,254.94500732421875,254.97000122070312,1722648
2025-09-19 19:30:00+00:00,255.125,256.70001220703125,254.3300018310547,255.83999633789062,3579327
2025-09-22 13:30:00+00:00,255.14999389648438,256.30999755859375,253.39590454101562,254.5399932861328,3531952
2025-09-22 14:30:00+00:00,254.1107940673828,255.52000427246094,254.1107940673828,255.14999389648438,1697671
2025-09-22 15:30:00+00:00,253.0399932861328,254.19000244140625,250.80999755859375,254.13619995117188,4672396
2025-09-22 16:30:00+00:00,252.1959991455078,253.0500030517578,251.55599975585938,253.02000427246094,1590565
2025-09-22 17:30:00+00:00,253.4199981689453,253.57960510253906,251.74009704589844,252.1999969482422,1329718
2025-09-22 18:30:00+00:00,252.3800048828125,253.5399932861328,251.86000061035156,253.44000244140625,1531892
2025-09-22 19:30:00+00:00,252.88499450683594,253.08999633789062,251.6699981689453,252.38999938964844,2384061
2025-09-23 13:30:00+00:00,252.61929321289062,254.75999450683594,251.83999633789062,253.65499877929688,2232839
2025-09-23 14:30:00+00:00,252.6999969482422,252.77000427246094,251.4600067138672,252.6199951171875,1242449
2025-09-23 15:30:00+00:00,253.24000549316406,254.25,252.6009979248047,252.7100067138672,1139413
2025-09-23 16:30:00+00:00,252.3249969482422,253.9199981689453,252.19009399414062,253.21499633789062,694587
2025-09-23 17:30:00+00:00,251.91490173339844,252.50999450683594,251.08999633789062,252.3000030517578,1010369
2025-09-23 18:30:00+00:00,251.61000061035156,252.25,251.1300048828125,251.91000366210938,4410777
2025-09-23 19:30:00+00:00,252.3300018310547,252.35000610351562,251.5399932861328,251.63999938964844,2173031
2025-09-24 13:30:00+00:00,250.11990356445312,252.9600067138672,248.8000030517578,252.11000061035156,3058924
2025-09-24 14:30:00+00:00,250.33999633789062,250.94000244140625,249.66000366210938,250.08999633789062,1097733
2025-09-24 15:30:00+00:00,249.44000244140625,250.35000610351562,247.7899932861328,250.35000610351562,1259044
2025-09-24 16:30:00+00:00,249.40499877929688,249.5800018310547,248.89999389648438,249.4499969482422,613453
2025-09-24 17:30:00+00:00,247.8699951171875,249.52999877929688,247.22000122070312,249.41000366210938,931306
2025-09-24 18:30:00+00:00,248.24000549316406,248.94500732421875,248.05999755859375,248.11000061035156,740759
2025-09-24 19:30:00+00:00,247.77000427246094,248.27000427246094,247.3300018310547,248.22999572753906,1364225
2025-09-25 13:30:00+00:00,246.27000427246094,246.83999633789062,241.64999389648438,244.875,4066310
2025-09-25 14:30:00+00:00,246.2449951171875,247.05990600585938,245.47000122070312,246.2346954345703,1460563
2025-09-25 15:30:00+00:00,246.27999877929688,247.31500244140625,246.17999267578125,246.25999450683594,734042
2025-09-25 16:30:00+00:00,245.86000061035156,246.84500122070312,245.72999572753906,246.30999755859375,587183
2025-09-25 17:30:00+00:00,246.3000030517578,246.38999938964844,244.60000610351562,245.83999633789062,947336
2025-09-25 18:30:00+00:00,246.1999969482422,247.19000244140625,246.08999633789062,246.33970642089844,805681
2025-09-25 19:30:00+00:00,246.57000732421875,246.72000122070312,245.69000244140625,246.1999969482422,986449
2025-09-26 13:30:00+00:00,247.4600067138672,250.1199951171875,246.75999450683594,247.78500366210938,2689712
2025-09-26 14:30:00+00:00,247.63999938964844,248.4499969482422,246.99000549316406,247.4499969482422,993238
2025-09-26 15:30:00+00:00,247.84010314941406,248.08999633789062,246.66000366210938,247.625,762977
2025-09-26 16:30:00+00:00,248.5749969482422,248.6300048828125,247.58999633789062,247.8699951171875,745209
2025-09-26 17:30:00+00:00,247.5399932861328,248.66000366210938,247.02499389648438,248.55999755859375,872830
2025-09-26 18:30:00+00:00,247.6199951171875,247.88999938964844,247.19000244140625,247.57000732421875,586146
2025-09-26 19:30:00+00:00,247.19000244140625,247.6300048828125,246.63999938964844,247.6199951171875,946945
2025-09-29 13:30:00+00:00,249.8350067138672,251.64830017089844,247.72999572753906,248.27499389648438,2981083
2025-09-29 14:30:00+00:00,248.3000030517578,249.9499969482422,247.89999389648438,249.86000061035156,1218148
2025-09-29 15:30:00+00:00,248.57000732421875,248.8699951171875,248.1820068359375,248.30999755859375,866075
2025-09-29 16:30:00+00:00,245.906005859375,248.72000122070312,245.16000366210938,248.56500244140625,1947695
2025-09-29 17:30:00+00:00,245.9499969482422,246.13999938964844,244.66720581054688,245.89999389648438,1447095
2025-09-29 18:30:00+00:00,243.72999572753906,246.0,243.61000061035156,245.9600067138672,1603609
2025-09-29 19:30:00+00:00,244.3800048828125,244.5399932861328,243.1999969482422,243.72999572753906,1911076
2025-09-30 13:30:00+00:00,240.52499389648438,243.5500030517578,239.57069396972656,243.0850067138672,4050751
2025-09-30 14:30:00+00:00,240.22999572753906,242.00999450683594,240.0,240.5399932861328,1612529
2025-09-30 15:30:00+00:00,241.83999633789062,242.22999572753906,240.02000427246094,240.22000122070312,1214548
2025-09-30 16:30:00+00:00,241.57000732421875,242.44000244140625,241.22000122070312,241.8699951171875,1006183
2025-09-30 17:30:00+00:00,241.69000244140625,242.02000427246094,241.25999450683594,241.55999755859375,725820
2025-09-30 18:30:00+00:00,243.07000732421875,243.14979553222656,241.6300048828125,241.69000244140625,881911
2025-09-30 19:30:00+00:00,243.5500030517578,243.6750030517578,242.86000061035156,243.0399932861328,1234361
2025-10-01 13:30:00+00:00,241.38999938964844,242.35940551757812,239.1999969482422,241.17999267578125,3209773
2025-10-01 14:30:00+00:00,241.42999267578125,241.77000427246094,240.5,241.4199981689453,4217990
2025-10-01 15:30:00+00:00,243.7899932861328,244.1199951171875,241.4149932861328,241.42999267578125,0
2025-10-01 16:30:00+00:00,244.77999877929688,244.9499969482422,243.8300018310547,243.8300018310547,1183075
2025-10-01 17:30:00+00:00,245.67999267578125,245.74000549316406,243.89999389648438,244.77000427246094,5133547
2025-10-01 18:30:00+00:00,246.7100067138672,246.77000427246094,245.5749969482422,245.69000244140625,3106851
2025-10-01 19:30:00+00:00,245.5399932861328,247.14999389648438,245.3300018310547,246.6999969482422,4218979
2025-10-02 13:30:00+00:00,246.0,247.63499450683594,244.72999572753906,245.63999938964844,3934946
2025-10-02 14:30:00+00:00,244.53399658203125,246.5019989013672,243.10499572753906,246.0050048828125,3536663
2025-10-02 15:30:00+00:00,244.50999450683594,245.3350067138672,244.27000427246094,244.50999450683594,1435349
2025-10-02 16:30:00+00:00,244.3699951171875,244.82000732421875,243.75,244.5050048828125,1098719
2025-10-02 17:30:00+00:00,245.1300048828125,245.1300048828125,244.1300048828125,244.35499572753906,1235442
2025-10-02 18:30:00+00:00,245.5,245.72999572753906,244.85000610351562,245.125,1210001
2025-10-02 19:30:00+00:00,246.44000244140625,246.44000244140625,244.24000549316406,245.50999450683594,3855616
2025-10-03 13:30:00+00:00,242.91000366210938,246.2440948486328,242.47000122070312,245.24000549316406,4349173
2025-10-03 14:30:00+00:00,245.2100067138672,245.24000549316406,242.72999572753906,242.89999389648438,1970591
2025-10-03 15:30:00+00:00,246.4600067138672,246.60989379882812,244.22999572753906,245.22999572753906,2097660
2025-10-03 16:30:00+00:00,245.94000244140625,247.11770629882812,244.6300048828125,246.47950744628906,1802351
2025-10-03 17:30:00+00:00,246.22999572753906,246.47000122070312,245.41000366210938,245.92999267578125,1730432
2025-10-03 18:30:00+00:00,245.28500366210938,246.32989501953125,244.9600067138672,246.22999572753906,1345515
2025-10-03 19:30:00+00:00,246.4499969482422,246.60000610351562,245.13999938964844,245.27999877929688,2861175
2025-10-06 13:30:00+00:00,246.09800720214844,249.66000366210938,245.69000244140625,246.13999938964844,4373843
2025-10-06 14:30:00+00:00,247.0399932861328,247.28199768066406,246.0399932861328,246.0500030517578,1614988
2025-10-06 15:30:00+00:00,249.05499267578125,249.4199981689453,247.0500030517578,247.07989501953125,1251392
2025-10-06 16:30:00+00:00,249.88999938964844,250.5,248.85000610351562,249.05999755859375,1568368
2025-10-06 17:30:00+00:00,251.39999389648438,251.61929321289062,246.74000549316406,249.9199981689453,2780352
2025-10-06 18:30:00+00:00,251.2449951171875,252.1999969482422,251.00999450683594,251.39999389648438,1417102
2025-10-06 19:30:00+00:00,251.50999450683594,252.05999755859375,250.92100524902344,251.22500610351562,1941601
2025-10-07 13:30:00+00:00,249.4499969482422,251.5500030517578,248.35000610351562,248.94500732421875,3686636
2025-10-07 14:30:00+00:00,248.68499755859375,249.57000732421875,247.69000244140625,249.4250030517578,1994938
2025-10-07 15:30:00+00:00,247.49000549316406,248.6750030517578,246.91000366210938,248.6750030517578,1466798
2025-10-07 16:30:00+00:00,247.94500732421875,248.0500030517578,247.08999633789062,247.49000549316406,785469
2025-10-07 17:30:00+00:00,248.11500549316406,248.47000122070312,247.6199951171875,247.9600067138672,1022732
2025-10-07 18:30:00+00:00,247.64500427246094,248.33999633789062,247.5019989013672,248.10000610351562,917732
2025-10-07 19:30:00+00:00,247.1199951171875,247.8000030517578,246.80999755859375,247.64999389648438,1567594
2025-10-08 13:30:00+00:00,246.87759399414062,247.19000244140625,245.08999633789062,246.25,2982100
2025-10-08 14:30:00+00:00,246.35000610351562,247.25999450683594,245.3000946044922,246.85000610351562,1546167
2025-10-08 15:30:00+00:00,246.07000732421875,246.6199951171875,245.85000610351562,246.35499572753906,1334538
2025-10-08 16:30:00+00:00,245.86000061035156,246.10000610351562,245.1699981689453,246.0399932861328,1085121
2025-10-08 17:30:00+00:00,245.63499450683594,246.17999267578125,245.3249969482422,245.8612060546875,979080
2025-10-08 18:30:00+00:00,245.76499938964844,246.0500030517578,245.42999267578125,245.64999389648438,1363197
2025-10-08 19:30:00+00:00,245.4949951171875,245.96499633789062,245.14999389648438,245.74000549316406,1771672
2025-10-09 13:30:00+00:00,241.66000366210938,245.54930114746094,241.41009521484375,245.10000610351562,5282455
2025-10-09 14:30:00+00:00,240.36000061035156,241.8000030517578,240.160400390625,241.65499877929688,3833734
2025-10-09 15:30:00+00:00,241.89219665527344,242.45989990234375,239.69000244140625,240.33999633789062,1993230
2025-10-09 16:30:00+00:00,241.2949981689453,242.0399932861328,241.14999389648438,241.875,929300
2025-10-09 17:30:00+00:00,241.22000122070312,241.69700622558594,241.0399932861328,241.27999877929688,1167510
2025-10-09 18:30:00+00:00,241.7050018310547,241.97999572753906,241.12010192871094,241.19000244140625,868876
2025-10-09 19:30:00+00:00,242.16000366210938,242.16000366210938,241.52999877929688,241.6800994873047,1415339
2025-10-10 13:30:00+00:00,243.38499450683594,244.82290649414062,241.5500030517578,242.16000366210938,3301742
2025-10-10 14:30:00+00:00,239.0,243.80999755859375,238.5399932861328,243.3699951171875,3803662
2025-10-10 15:30:00+00:00,239.43719482421875,240.1199951171875,237.6199951171875,238.99000549316406,3197317
2025-10-10 16:30:00+00:00,239.5,239.81500244140625,237.7899932861328,239.44000244140625,2584076
2025-10-10 17:30:00+00:00,239.99000549316406,240.5749969482422,239.21499633789062,239.49000549316406,1483299
2025-10-10 18:30:00+00:00,238.6999969482422,240.1300048828125,238.34010314941406,239.96499633789062,1459912
2025-10-10 19:30:00+00:00,237.53500366210938,238.8300018310547,236.68499755859375,238.8000030517578,3205652
2025-10-13 13:30:00+00:00,241.6300048828125,243.17999267578125,240.75,240.97000122070312,3137872
2025-10-13 14:30:00+00:00,242.94000244140625,243.25999450683594,240.91000366210938,241.5850067138672,1431030
2025-10-13 15:30:00+00:00,243.54600524902344,243.8000030517578,242.72999572753906,242.89999389648438,1096593
2025-10-13 16:30:00+00:00,243.01840209960938,243.82000732421875,242.5449981689453,243.5,1244831
2025-10-13 17:30:00+00:00,243.8199005126953,244.0399932861328,242.89999389648438,243.00999450683594,780801
2025-10-13 18:30:00+00:00,243.82000732421875,244.00999450683594,243.25,243.82000732421875,782277
2025-10-13 19:30:00+00:00,244.64999389648438,244.99000549316406,243.7899932861328,243.80999755859375,1726391
2025-10-14 13:30:00+00:00,245.11000061035156,245.24000549316406,241.17750549316406,241.86000061035156,3262497
2025-10-14 14:30:00+00:00,246.11000061035156,246.60000610351562,244.83059692382812,245.0800018310547,2556920
2025-10-14 15:30:00+00:00,247.46499633789062,248.0240020751953,246.14999389648438,246.14999389648438,1681124
2025-10-14 16:30:00+00:00,247.47999572753906,247.89500427246094,246.6367950439453,247.5,1026217
2025-10-14 17:30:00+00:00,247.5500030517578,247.64999389648438,247.05999755859375,247.50999450683594,656961
2025-10-14 18:30:00+00:00,246.53500366210938,247.5189971923828,246.4857940673828,247.5189971923828,764146
2025-10-14 19:30:00+00:00,246.19000244140625,246.5800018310547,244.5,246.5500030517578,1868966
2025-10-15 13:30:00+00:00,251.97000122070312,252.60000610351562,246.7899932861328,247.91000366210938,3814027
2025-10-15 14:30:00+00:00,251.00999450683594,252.75999450683594,250.41099548339844,251.97000122070312,1835298
2025-10-15 15:30:00+00:00,249.99000549316406,251.13999938964844,249.22999572753906,250.9398956298828,1219453
2025-10-15 16:30:00+00:00,248.23500061035156,250.26499938964844,247.44000244140625,249.94000244140625,994289
2025-10-15 17:30:00+00:00,250.47000122070312,250.7095947265625,248.1905059814453,248.1905059814453,802770
2025-10-15 18:30:00+00:00,251.17999267578125,251.64999389648438,250.39999389648438,250.47999572753906,1348683
2025-10-15 19:30:00+00:00,251.72900390625,251.7899932861328,250.4199981689453,251.1699981689453,1885384
2025-10-16 13:30:00+00:00,255.42999267578125,257.5799865722656,252.38999938964844,252.47000122070312,5904503
2025-10-16 14:30:00+00:00,254.85000610351562,256.9100036621094,254.72999572753906,255.5413055419922,1906922
2025-10-16 15:30:00+00:00,252.9149932861328,255.42999267578125,252.8336944580078,254.80999755859375,1403542
2025-10-16 16:30:00+00:00,253.5,253.75,251.50999450683594,252.88999938964844,1467532
2025-10-16 17:30:00+00:00,251.64100646972656,253.72999572753906,250.6699981689453,253.4600067138672,1237440
2025-10-16 18:30:00+00:00,252.11000061035156,252.86000061035156,250.91000366210938,251.64439392089844,1346462
2025-10-16 19:30:00+00:00,251.8800048828125,252.74000549316406,251.61000061035156,252.15049743652344,2758143
2025-10-17 13:30:00+00:00,252.1300048828125,252.88999938964844,248.58999633789062,251.34500122070312,4548744
2025-10-17 14:30:00+00:00,251.0399932861328,252.47999572753906,250.625,252.0800018310547,2490852
2025-10-17 15:30:00+00:00,253.5500030517578,253.67999267578125,250.33999633789062,251.05999755859375,1602856
2025-10-17 16:30:00+00:00,252.3524932861328,253.92990112304688,251.83999633789062,253.5500030517578,1283842
2025-10-17 17:30:00+00:00,254.3000030517578,254.8769989013672,252.22999572753906,252.3000030517578,1256385
2025-10-17 18:30:00+00:00,253.8300018310547,254.4499969482422,253.11000061035156,254.28550720214844,1424354
2025-10-17 19:30:00+00:00,253.82000732421875,254.2100067138672,253.36000061035156,253.83999633789062,2057389
2025-10-20 13:30:00+00:00,256.5950012207031,256.8699951171875,254.60000610351562,255.16000366210938,3376052
2025-10-20 14:30:00+00:00,256.8699951171875,257.04998779296875,255.97999572753906,256.5950012207031,1417687
2025-10-20 15:30:00+00:00,256.8599853515625,257.8699951171875,256.6400146484375,256.8900146484375,1229691
2025-10-20 16:30:00+00:00,256.75,257.5199890136719,256.6476135253906,256.8500061035156,936526
2025-10-20 17:30:00+00:00,256.7300109863281,257.0899963378906,256.3800048828125,256.760009765625,611303
2025-10-20 18:30:00+00:00,256.9700012207031,257.5199890136719,256.4949951171875,256.760009765625,1119155
2025-10-20 19:30:00+00:00,257.0799865722656,257.56170654296875,256.8389892578125,256.95001220703125,1356575
2025-10-21 13:30:00+00:00,252.4781951904297,255.3300018310547,252.0,255.3300018310547,3890195
2025-10-21 14:30:00+00:00,246.86000061035156,253.3300018310547,244.67999267578125,252.4550018310547,6709749
2025-10-21 15:30:00+00:00,249.5800018310547,250.27000427246094,246.4600067138672,246.85000610351562,4494131
2025-10-21 16:30:00+00:00,252.10499572753906,252.94000244140625,248.0500030517578,249.5749969482422,5059000
2025-10-21 17:30:00+00:00,252.75,253.27200317382812,251.1199951171875,252.0800018310547,2560589
2025-10-21 18:30:00+00:00,252.19500732421875,253.0399932861328,251.94000244140625,252.7449951171875,1428354
2025-10-21 19:30:00+00:00,251.32000732421875,252.3300018310547,251.27000427246094,252.22000122070312,1673729
2025-10-22 13:30:00+00:00,253.89999389648438,257.0799865722656,253.6649932861328,255.0399932861328,5033181
2025-10-22 14:30:00+00:00,253.67999267578125,257.17999267578125,252.8699951171875,253.9250030517578,3974722
2025-10-22 15:30:00+00:00,252.4600067138672,254.8300018310547,252.27999877929688,253.72000122070312,2073807
2025-10-22 16:30:00+00:00,251.58999633789062,252.77000427246094,250.4510040283203,252.41000366210938,1843035
2025-10-22 17:30:00+00:00,251.97109985351562,252.22000122070312,250.62420654296875,251.5800018310547,1352067
2025-10-22 18:30:00+00:00,252.44000244140625,252.75999450683594,251.57640075683594,251.97000122070312,1246308
2025-10-22 19:30:00+00:00,252.52000427246094,252.75999450683594,251.67999267578125,252.39999389648438,1323816
2025-10-23 13:30:00+00:00,254.6300048828125,255.86000061035156,252.76829528808594,253.85000610351562,2944025
2025-10-23 14:30:00+00:00,254.8249969482422,255.61000061035156,253.9499969482422,254.64959716796875,1090464
2025-10-23 15:30:00+00:00,255.35009765625,255.57989501953125,254.22000122070312,254.8699951171875,1033282
2025-10-23 16:30:00+00:00,254.61000061035156,255.47999572753906,254.41000366210938,255.38999938964844,1062244
2025-10-23 17:30:00+00:00,255.3699951171875,255.38400268554688,254.58999633789062,254.64999389648438,621593
2025-10-23 18:30:00+00:00,254.4199981689453,255.38499450683594,254.2899932861328,255.36500549316406,1475381
2025-10-23 19:30:00+00:00,253.74000549316406,254.5377960205078,253.30999755859375,254.44000244140625,2016241
2025-10-24 13:30:00+00:00,261.1499938964844,262.510009765625,256.1000061035156,257.29998779296875,5691820
2025-10-24 14:30:00+00:00,261.2349853515625,261.4649963378906,259.6499938964844,261.1499938964844,2223302
2025-10-24 15:30:00+00:00,261.4150085449219,261.6300048828125,260.6300048828125,261.260009765625,1411885
2025-10-24 16:30:00+00:00,261.80999755859375,262.2200012207031,261.0,261.4100036621094,1467413
2025-10-24 17:30:00+00:00,262.0,262.25,261.57501220703125,261.7929992675781,1139624
2025-10-24 18:30:00+00:00,261.2438049316406,262.1300048828125,261.1000061035156,262.0400085449219,1122818
2025-10-24 19:30:00+00:00,260.5150146484375,261.34259033203125,260.29998779296875,261.2200012207031,2671214
2025-10-27 13:30:00+00:00,265.6400146484375,267.3399963378906,264.94000244140625,267.1199951171875,5470537
2025-10-27 14:30:00+00:00,267.07000732421875,267.1700134277344,265.0400085449219,265.6400146484375,2353304
2025-10-27 15:30:00+00:00,267.58740234375,267.80499267578125,266.8299865722656,267.07000732421875,2056353
2025-10-27 16:30:00+00:00,268.32000732421875,268.45989990234375,267.3301086425781,267.6300048828125,1714036
2025-10-27 17:30:00+00:00,269.4599914550781,269.7699890136719,268.260009765625,268.3299865722656,2143246
2025-10-27 18:30:00+00:00,268.8399963378906,270.260009765625,268.6000061035156,269.4849853515625,2138145
2025-10-27 19:30:00+00:00,269.8399963378906,270.70001220703125,268.6300048828125,268.8349914550781,2831943
2025-10-28 13:30:00+00:00,268.0199890136719,271.3800048828125,267.5299987792969,269.989990234375,5376066
2025-10-28 14:30:00+00:00,268.0,268.4671936035156,267.2200012207031,268.0199890136719,2329834
2025-10-28 15:30:00+00:00,267.739990234375,268.1600036621094,267.1700134277344,267.9905090332031,1805470
2025-10-28 16:30:00+00:00,268.772705078125,268.9104919433594,267.4200134277344,267.75,2182660
2025-10-28 17:30:00+00:00,268.831787109375,269.05999755859375,268.5,268.7528991699219,1509673
2025-10-28 18:30:00+00:00,268.739990234375,268.8900146484375,268.0,268.8299865722656,1566796
2025-10-28 19:30:00+00:00,268.44000244140625,268.8999938964844,268.0899963378906,268.75,2616932
2025-10-29 13:30:00+00:00,269.9599914550781,270.9599914550781,268.42999267578125,268.6050109863281,4212983
2025-10-29 14:30:00+00:00,271.239990234375,271.7749938964844,269.6000061035156,269.9700012207031,2694614
2025-10-29 15:30:00+00:00,272.6050109863281,273.1499938964844,271.1600036621094,271.25,2126909
2025-10-29 16:30:00+00:00,272.8699951171875,272.980712890625,272.30999755859375,272.6000061035156,1489061
2025-10-29 17:30:00+00:00,273.9400939941406,274.1199951171875,272.8399963378906,272.8699035644531,2202197
2025-10-29 18:30:00+00:00,273.7160949707031,274.3999938964844,271.8800048828125,274.010009765625,3123174
2025-10-29 19:30:00+00:00,275.8299865722656,275.9200134277344,273.55499267578125,273.70001220703125,3193325
2025-10-30 13:30:00+00:00,289.6650085449219,291.8999938964844,280.45001220703125,291.8699951171875,14223409
2025-10-30 14:30:00+00:00,289.0,290.67138671875,287.7099914550781,289.6199951171875,3980811
2025-10-30 15:30:00+00:00,286.69000244140625,290.5899963378906,286.3500061035156,289.04998779296875,3003521
2025-10-30 16:30:00+00:00,286.0625,286.82000732421875,284.5899963378906,286.67999267578125,2185997
2025-10-30 17:30:00+00:00,284.1299133300781,286.07000732421875,283.29998779296875,286.07000732421875,2060557
2025-10-30 18:30:00+00:00,284.1390075683594,284.82000732421875,282.760009765625,284.07000732421875,1818799
2025-10-30 19:30:00+00:00,281.82000732421875,284.40899658203125,280.94000244140625,284.1099853515625,3125271
2025-10-31 13:30:00+00:00,278.8999938964844,286.2850036621094,277.52301025390625,283.2049865722656,6316597
2025-10-31 14:30:00+00:00,281.2699890136719,282.80999755859375,278.70001220703125,278.8500061035156,2732662
2025-10-31 15:30:00+00:00,279.4100036621094,282.07000732421875,278.80999755859375,281.30999755859375,1997842
2025-10-31 16:30:00+00:00,280.3399963378906,281.3299865722656,279.30999755859375,279.42999267578125,1704291
2025-10-31 17:30:00+00:00,280.79998779296875,282.1099853515625,280.1700134277344,280.30999755859375,1602420
2025-10-31 18:30:00+00:00,281.45001220703125,281.5899963378906,279.2900085449219,280.7699890136719,1587149
2025-10-31 19:30:00+00:00,281.8399963378906,282.57000732421875,281.29998779296875,281.4700012207031,2256310
2025-11-03 14:30:00+00:00,283.1099853515625,283.3500061035156,280.375,282.4700012207031,4971493
2025-11-03 15:30:00+00:00,282.94000244140625,283.8800048828125,281.80999755859375,283.0799865722656,1577709
2025-11-03 16:30:00+00:00,282.8399963378906,284.1000061035156,282.739990234375,282.9700012207031,1006362
2025-11-03 17:30:00+00:00,282.7099914550781,283.67999267578125,282.3450012207031,282.75,897827
2025-11-03 18:30:00+00:00,283.29998779296875,283.875,282.56500244140625,282.7049865722656,1014491
2025-11-03 19:30:00+00:00,285.1099853515625,285.94000244140625,283.2900085449219,283.29998779296875,1353842
2025-11-03 20:30:00+00:00,284.25,285.1679992675781,283.6499938964844,285.1400146484375,1168232
2025-11-04 14:30:00+00:00,280.2699890136719,281.07501220703125,276.875,277.07000732421875,3778209
2025-11-04 15:30:00+00:00,279.3760986328125,281.8335876464844,279.13739013671875,280.2204895019531,1285824
2025-11-04 16:30:00+00:00,278.25,279.54998779296875,277.5924987792969,279.2300109863281,1038904
2025-11-04 17:30:00+00:00,277.45001220703125,278.4100036621094,277.2699890136719,278.239990234375,932536
2025-11-04 18:30:00+00:00,278.67999267578125,279.1700134277344,277.3599853515625,277.4682922363281,964787
2025-11-04 19:30:00+00:00,277.8599853515625,278.7099914550781,277.3399963378906,278.6650085449219,968618
2025-11-04 20:30:00+00:00,278.05999755859375,278.32879638671875,276.8689880371094,277.8500061035156,1519818
2025-11-05 14:30:00+00:00,283.7087097167969,285.41180419921875,277.8800048828125,279.3800048828125,3637033
2025-11-05 15:30:00+00:00,283.9800109863281,284.82501220703125,282.6600036621094,283.69500732421875,1199056
2025-11-05 16:30:00+00:00,283.5299987792969,285.30499267578125,283.32501220703125,284.0,1146936
2025-11-05 17:30:00+00:00,283.864013671875,283.9547119140625,283.1099853515625,283.5799865722656,816093
2025-11-05 18:30:00+00:00,284.4200134277344,286.67999267578125,283.3294982910156,283.885009765625,1827084
2025-11-05 19:30:00+00:00,284.4100036621094,284.81939697265625,283.4599914550781,284.3900146484375,1022565
2025-11-05 20:30:00+00:00,284.7799987792969,285.3900146484375,284.385009765625,284.42999267578125,1536190
2025-11-06 14:30:00+00:00,285.2099914550781,288.80999755859375,284.2699890136719,285.7349853515625,4960015
2025-11-06 15:30:00+00:00,284.1907043457031,285.3399963378906,281.6199951171875,285.2300109863281,1908302
2025-11-06 16:30:00+00:00,285.4949951171875,285.5342102050781,283.42999267578125,284.2596130371094,1589151
2025-11-06 17:30:00+00:00,285.94000244140625,286.92999267578125,284.94000244140625,285.45001220703125,1137746
2025-11-06 18:30:00+00:00,287.5696105957031,287.79998779296875,285.6099853515625,285.92999267578125,1058616
2025-11-06 19:30:00+00:00,285.8349914550781,287.7200012207031,285.489990234375,287.53009033203125,992507
2025-11-06 20:30:00+00:00,285.3500061035156,286.3299865722656,284.80999755859375,285.8500061035156,8286741
2025-11-07 14:30:00+00:00,278.7900085449219,284.5,276.3900146484375,284.17999267578125,4694504
2025-11-07 15:30:00+00:00,277.1709899902344,279.11248779296875,276.3699951171875,278.760986328125,2407170
2025-11-07 16:30:00+00:00,277.8699951171875,278.2699890136719,275.739990234375,277.17498779296875,1326205
2025-11-07 17:30:00+00:00,278.1033935546875,278.3629150390625,277.07000732421875,277.8500061035156,961157
2025-11-07 18:30:00+00:00,277.82000732421875,278.3900146484375,277.0400085449219,278.1000061035156,887889
2025-11-07 19:30:00+00:00,278.9909973144531,280.0899963378906,277.8599853515625,277.8599853515625,1213164
2025-11-07 20:30:00+00:00,279.6300048828125,279.82000732421875,278.79998779296875,278.989990234375,1385537
2025-11-10 14:30:00+00:00,288.7200012207031,290.42999267578125,283.5400085449219,285.2099914550781,4164797
2025-11-10 15:30:00+00:00,286.96551513671875,289.2698974609375,286.19000244140625,288.7049865722656,1570763
2025-11-10 16:30:00+00:00,287.30999755859375,287.5799865722656,286.2001037597656,286.94500732421875,892605
2025-11-10 17:30:00+00:00,288.8399963378906,289.3299865722656,287.260009765625,287.3399963378906,743976
2025-11-10 18:30:00+00:00,291.1000061035156,291.42999267578125,288.8500061035156,288.8699951171875,1315791
2025-11-10 19:30:00+00:00,290.55999755859375,291.4595031738281,290.4200134277344,291.0899963378906,1095959
2025-11-10 20:30:00+00:00,290.5899963378906,291.2388000488281,290.42999267578125,290.5400085449219,1716713
2025-11-11 14:30:00+00:00,289.4599914550781,291.6940002441406,287.8900146484375,288.20001220703125,2757570
2025-11-11 15:30:00+00:00,289.1499938964844,290.3550109863281,288.7900085449219,289.4049987792969,975039
2025-11-11 16:30:00+00:00,290.0199890136719,290.6000061035156,288.7699890136719,289.17999267578125,831517
2025-11-11 17:30:00+00:00,289.7900085449219,290.20001220703125,289.2699890136719,290.0299987792969,614277
2025-11-11 18:30:00+00:00,290.5899963378906,291.69000244140625,289.4200134277344,289.79998779296875,1003383
2025-11-11 19:30:00+00:00,291.2099914550781,291.3399963378906,290.5299987792969,290.5899963378906,756962
2025-11-11 20:30:00+00:00,291.7099914550781,292.3399963378906,291.080810546875,291.2300109863281,1643758
2025-11-12 14:30:00+00:00,287.5199890136719,292.2699890136719,286.20001220703125,292.1700134277344,3474571
2025-11-12 15:30:00+00:00,285.9700012207031,287.6499938964844,284.3800048828125,287.5,1778598
2025-11-12 16:30:00+00:00,286.4205017089844,286.5199890136719,284.45001220703125,285.9700012207031,1136343
2025-11-12 17:30:00+00:00,286.8399963378906,287.3999938964844,286.0,286.42498779296875,909402
2025-11-12 18:30:00+00:00,286.6026916503906,287.1300048828125,286.2950134277344,286.8399963378906,700361
2025-11-12 19:30:00+00:00,287.20001220703125,287.2460021972656,286.30999755859375,286.625,802366
2025-11-12 20:30:00+00:00,287.4100036621094,287.9100036621094,286.9700012207031,287.2200012207031,1235131
2025-11-13 14:30:00+00:00,280.2550048828125,283.510009765625,278.0,282.9849853515625,3291073
2025-11-13 15:30:00+00:00,280.6600036621094,281.42999267578125,278.3699951171875,280.2099914550781,1501649
2025-11-13 16:30:00+00:00,281.17401123046875,281.2900085449219,279.9800109863281,280.6400146484375,847764
2025-11-13 17:30:00+00:00,278.7749938964844,281.5400085449219,278.5299987792969,281.260009765625,780891
2025-11-13 18:30:00+00:00,280.18499755859375,280.2300109863281,278.04998779296875,278.7699890136719,1039422
2025-11-13 19:30:00+00:00,280.4150085449219,280.50201416015625,279.0299987792969,280.1499938964844,998506
2025-11-13 20:30:00+00:00,279.1300048828125,280.57000732421875,278.1199951171875,280.44000244140625,1889056
2025-11-14 14:30:00+00:00,277.2900085449219,277.5140075683594,271.4100036621094,271.9800109863281,4228630
2025-11-14 15:30:00+00:00,278.9849853515625,279.06988525390625,276.9800109863281,277.2699890136719,1752618
2025-11-14 16:30:00+00:00,278.5400085449219,279.1499938964844,277.9200134277344,278.9599914550781,968294
2025-11-14 17:30:00+00:00,277.79998779296875,278.9419860839844,276.8900146484375,278.5350036621094,955999
2025-11-14 18:30:00+00:00,278.2300109863281,278.3800048828125,276.8299865722656,277.7799987792969,684070
2025-11-14 19:30:00+00:00,277.17999267578125,278.6000061035156,277.0,278.2250061035156,824026
2025-11-14 20:30:00+00:00,277.010009765625,277.55999755859375,276.29998779296875,277.1499938964844,1076937
2025-11-17 14:30:00+00:00,290.8999938964844,294.5,285.6600036621094,286.135009765625,9825496
2025-11-17 15:30:00+00:00,288.45001220703125,291.5299987792969,287.42999267578125,290.8999938964844,2897454
2025-11-17 16:30:00+00:00,289.0118103027344,290.3599853515625,288.29998779296875,288.4704895019531,2043947
2025-11-17 17:30:00+00:00,286.29998779296875,289.1600036621094,285.8800048828125,289.0799865722656,1735483
2025-11-17 18:30:00+00:00,285.6199035644531,287.4150085449219,284.78009033203125,286.2900085449219,1551909
2025-11-17 19:30:00+00:00,285.30999755859375,285.6400146484375,284.2300109863281,285.5950012207031,1789662
2025-11-17 20:30:00+00:00,285.6000061035156,286.2200012207031,284.9599914550781,285.3399963378906,1769940
2025-11-18 14:30:00+00:00,282.3299865722656,288.9100036621094,280.07000732421875,288.3999938964844,5737756
2025-11-18 15:30:00+00:00,286.8179931640625,286.8179931640625,279.010009765625,282.3581848144531,2999708
2025-11-18 16:30:00+00:00,284.8900146484375,287.95001220703125,284.2799987792969,286.7699890136719,2383926
2025-11-18 17:30:00+00:00,288.30999755859375,289.1300048828125,284.1600036621094,284.8550109863281,1921670
2025-11-18 18:30:00+00:00,288.1400146484375,289.43499755859375,287.5400085449219,288.3800048828125,1664236
2025-11-18 19:30:00+00:00,287.29998779296875,289.30999755859375,286.57000732421875,288.1700134277344,1644483
2025-11-18 20:30:00+00:00,284.989990234375,287.5690002441406,284.7799987792969,287.2799987792969,2138418
2025-11-19 14:30:00+00:00,301.6672058105469,304.25,287.6700134277344,287.739990234375,11819531
2025-11-19 15:30:00+00:00,296.5299987792969,301.92999267578125,296.0320129394531,301.6099853515625,4581886
2025-11-19 16:30:00+00:00,294.4599914550781,296.7850036621094,293.42999267578125,296.57000732421875,3072589
2025-11-19 17:30:00+00:00,293.32000732421875,295.2799987792969,292.79998779296875,294.4599914550781,2499806
2025-11-19 18:30:00+00:00,294.1099853515625,295.05999755859375,293.05999755859375,293.2799987792969,1705740
2025-11-19 19:30:00+00:00,295.7200927734375,296.44000244140625,293.4020080566406,294.0299987792969,1729934
2025-11-19 20:30:00+00:00,293.0,296.57501220703125,292.9736022949219,295.760009765625,3477470
2025-11-20 14:30:00+00:00,304.82000732421875,305.5400085449219,300.1900939941406,304.6700134277344,7757273
2025-11-20 15:30:00+00:00,300.2799987792969,306.8900146484375,299.9247131347656,304.80999755859375,3630221
2025-11-20 16:30:00+00:00,295.2699890136719,300.5,293.32501220703125,300.1499938964844,3672872
2025-11-20 17:30:00+00:00,295.6199951171875,296.79998779296875,291.6000061035156,295.19000244140625,2720625
2025-11-20 18:30:00+00:00,292.7850036621094,296.0190124511719,290.9200134277344,295.57000732421875,2175912
2025-11-20 19:30:00+00:00,292.04998779296875,293.5466003417969,291.2099914550781,292.6700134277344,1586231
2025-11-20 20:30:00+00:00,290.05999755859375,292.3900146484375,289.1700134277344,292.05999755859375,10511787
2025-11-21 14:30:00+00:00,296.760009765625,301.9200134277344,295.56280517578125,297.2900085449219,9999227
2025-11-21 15:30:00+00:00,300.3299865722656,301.8299865722656,294.3599853515625,296.739990234375,4010585
2025-11-21 16:30:00+00:00,296.489990234375,300.375,295.6600036621094,300.3399963378906,2730646
2025-11-21 17:30:00+00:00,297.2900085449219,298.17999267578125,295.8299865722656,296.5849914550781,1393147
2025-11-21 18:30:00+00:00,302.66009521484375,303.9599914550781,297.06500244140625,297.260009765625,3613249
2025-11-21 19:30:00+00:00,299.94500732421875,302.9200134277344,299.94500732421875,302.6499938964844,2460119
2025-11-21 20:30:00+00:00,299.68499755859375,301.44000244140625,298.80999755859375,299.92999267578125,3146849
2025-11-24 14:30:00+00:00,316.8794860839844,318.54998779296875,309.40008544921875,310.7850036621094,10624903
2025-11-24 15:30:00+00:00,314.4800109863281,317.75,314.1499938964844,316.8699951171875,4421439
2025-11-24 16:30:00+00:00,315.1199951171875,315.17498779296875,311.8900146484375,314.5,2993905
2025-11-24 17:30:00+00:00,317.3699951171875,318.1499938964844,314.8800048828125,315.1000061035156,2592523
2025-11-24 18:30:00+00:00,317.3411865234375,318.3799133300781,315.5400085449219,317.3500061035156,2330838
2025-11-24 19:30:00+00:00,318.0400085449219,319.0,316.69000244140625,317.40301513671875,2438476
2025-11-24 20:30:00+00:00,318.3699951171875,319.79998779296875,317.79998779296875,318.0400085449219,3158601
2025-11-25 14:30:00+00:00,327.32000732421875,328.6700134277344,319.79998779296875,326.875,13790107
2025-11-25 15:30:00+00:00,320.67999267578125,328.1000061035156,317.81640625,327.2900085449219,6785175
2025-11-25 16:30:00+00:00,321.4049987792969,322.17999267578125,318.80999755859375,320.6300048828125,2856517
2025-11-25 17:30:00+00:00,324.2300109863281,324.3299865722656,320.5299987792969,321.3699951171875,2349042
2025-11-25 18:30:00+00:00,323.00799560546875,324.55999755859375,321.8299865722656,324.2200012207031,2197331
2025-11-25 19:30:00+00:00,321.7001037597656,323.760009765625,320.92999267578125,323.0050048828125,2028088
2025-11-25 20:30:00+00:00,323.6499938964844,324.4700012207031,321.70599365234375,321.7900085449219,1783916
2025-11-26 14:30:00+00:00,318.2799987792969,324.9849853515625,317.20001220703125,320.7799987792969,7913875
2025-11-26 15:30:00+00:00,319.635009765625,320.45831298828125,317.510009765625,318.2900085449219,2653850
2025-11-26 16:30:00+00:00,319.0899963378906,320.20599365234375,318.489990234375,319.6600036621094,1991156
2025-11-26 17:30:00+00:00,319.6300048828125,319.7900085449219,318.2699890136719,319.0899963378906,1462437
2025-11-26 18:30:00+00:00,319.1499938964844,319.6700134277344,318.7200012207031,319.6300048828125,1134959
2025-11-26 19:30:00+00:00,319.6520080566406,319.7850036621094,318.70001220703125,319.1700134277344,1298734
2025-11-26 20:30:00+00:00,320.2799987792969,320.79998779296875,319.5,319.6499938964844,1926714
2025-11-28 14:30:00+00:00,318.0799865722656,326.8800048828125,317.40008544921875,323.25,6500875
2025-11-28 15:30:00+00:00,317.4700012207031,319.4967041015625,316.94000244140625,318.1199035644531,2420683
2025-11-28 16:30:00+00:00,319.7200012207031,320.1050109863281,317.2101135253906,317.45001220703125,1624828
2025-12-01 14:30:00+00:00,317.010009765625,319.6300048828125,314.4100036621094,317.2699890136719,5378317
2025-12-01 15:30:00+00:00,316.81500244140625,318.6300048828125,315.4700012207031,316.9800109863281,1936805
2025-12-01 16:30:00+00:00,317.82501220703125,318.3299865722656,316.78009033203125,316.9049987792969,1200955
2025-12-01 17:30:00+00:00,317.2817077636719,318.4779968261719,317.2250061035156,317.80999755859375,1157280
2025-12-01 18:30:00+00:00,316.2300109863281,317.989990234375,315.9117126464844,317.32000732421875,1335415
2025-12-01 19:30:00+00:00,316.71990966796875,316.8346862792969,315.510009765625,316.239990234375,1291824
2025-12-01 20:30:00+00:00,315.2300109863281,316.75,314.0400085449219,316.69000244140625,2541283
2025-12-02 14:30:00+00:00,316.5769958496094,318.6000061035156,314.7070007324219,316.8999938964844,3727937
2025-12-02 15:30:00+00:00,314.860107421875,318.4800109863281,314.2200012207031,316.5880126953125,2203455
2025-12-02 16:30:00+00:00,315.989990234375,316.20001220703125,314.40008544921875,314.80999755859375,1186186
2025-12-02 17:30:00+00:00,316.5,316.70001220703125,314.45001220703125,316.010009765625,1275012
2025-12-02 18:30:00+00:00,316.8843078613281,317.2699890136719,316.05999755859375,316.42999267578125,777753
2025-12-02 19:30:00+00:00,316.0,317.260009765625,315.739990234375,316.80999755859375,819999
2025-12-02 20:30:00+00:00,316.07000732421875,316.30999755859375,315.30999755859375,315.9599914550781,1187811
2025-12-03 14:30:00+00:00,317.9150085449219,319.1600036621094,314.2799987792969,316.05999755859375,3546038
2025-12-03 15:30:00+00:00,319.5350036621094,320.44049072265625,317.4419860839844,317.8900146484375,2686121
2025-12-03 16:30:00+00:00,320.67999267578125,321.25,319.3949890136719,319.510009765625,1901138
2025-12-03 17:30:00+00:00,321.5050048828125,321.8320007324219,320.20001220703125,320.6099853515625,1116778
2025-12-03 18:30:00+00:00,320.8599853515625,322.0400085449219,320.82000732421875,321.6199951171875,1158009
2025-12-03 19:30:00+00:00,321.7799987792969,321.79998779296875,320.3915100097656,320.8599853515625,962182
2025-12-03 20:30:00+00:00,320.5400085449219,321.8070068359375,320.3699951171875,321.739990234375,2631653
2025-12-04 14:30:00+00:00,317.510009765625,323.0350036621094,315.6000061035156,323.0350036621094,4390383
2025-12-04 15:30:00+00:00,316.80999755859375,317.7799987792969,315.9549865722656,317.44000244140625,1177250
2025-12-04 16:30:00+00:00,317.06500244140625,317.7040100097656,316.6300048828125,316.7699890136719,1003034
2025-12-04 17:30:00+00:00,317.68499755859375,318.6549987792969,316.4800109863281,317.0775146484375,882040
2025-12-04 18:30:00+00:00,317.281005859375,318.1499938964844,316.7300109863281,317.6000061035156,805792
2025-12-04 19:30:00+00:00,317.9949951171875,318.260009765625,317.19000244140625,317.2699890136719,912064
2025-12-04 20:30:00+00:00,318.3900146484375,318.44000244140625,317.5,317.9700012207031,1250120
2025-12-05 14:30:00+00:00,322.4649963378906,323.8299865722656,320.0,320.0,3363481
2025-12-05 15:30:00+00:00,320.8789978027344,322.75,319.9849853515625,322.489990234375,1594421
2025-12-05 16:30:00+00:00,321.8500061035156,322.989990234375,320.2200012207031,320.8599853515625,1103657
2025-12-05 17:30:00+00:00,321.6600036621094,321.97198486328125,320.9200134277344,321.80999755859375,866925
2025-12-05 18:30:00+00:00,321.07501220703125,321.7200012207031,320.80999755859375,321.6499938964844,769594
2025-12-05 19:30:00+00:00,321.0400085449219,321.4700012207031,320.8500061035156,321.1000061035156,632008
2025-12-05 20:30:00+00:00,322.05999755859375,322.30999755859375,320.9800109863281,321.07000732421875,1490325
2025-12-08 14:30:00+00:00,317.95001220703125,321.2300109863281,317.6600036621094,320.8800048828125,3758988
2025-12-08 15:30:00+00:00,315.869384765625,317.8999938964844,315.6199951171875,317.8999938964844,2078465
2025-12-08 16:30:00+00:00,313.0199890136719,316.1600036621094,311.9100036621094,315.8200988769531,2665657
2025-12-08 17:30:00+00:00,312.8323974609375,313.989990234375,312.19000244140625,313.0436096191406,1384447
2025-12-08 18:30:00+00:00,313.6099853515625,314.2698974609375,312.7049865722656,312.8599853515625,1098322
2025-12-08 19:30:00+00:00,313.2699890136719,314.06500244140625,312.8399963378906,313.5950012207031,1012658
2025-12-08 20:30:00+00:00,314.2900085449219,314.57000732421875,312.6400146484375,313.2650146484375,6086234
2025-12-09 14:30:00+00:00,314.1424865722656,314.5715026855469,312.6199951171875,314.45001220703125,2063287
2025-12-09 15:30:00+00:00,314.6199951171875,315.2699890136719,313.5400085449219,314.1424865722656,1009941
2025-12-09 16:30:00+00:00,317.63079833984375,317.67999267578125,314.4599914550781,314.6400146484375,1191496
2025-12-09 17:30:00+00:00,318.6700134277344,318.7088928222656,317.3299865722656,317.63079833984375,1262633
2025-12-09 18:30:00+00:00,318.2799987792969,318.70001220703125,317.7101135253906,318.6700134277344,629339
2025-12-09 19:30:00+00:00,317.9200134277344,318.4750061035156,317.58648681640625,318.2799987792969,764080
2025-12-09 20:30:00+00:00,317.7900085449219,318.0199890136719,314.45001220703125,317.9200134277344,1170453
2025-12-10 14:30:00+00:00,318.739990234375,319.5199890136719,315.3999938964844,316.6199951171875,2497344
2025-12-10 15:30:00+00:00,318.6000061035156,318.8595886230469,317.3599853515625,318.70001220703125,887438
2025-12-10 16:30:00+00:00,317.0751037597656,318.82501220703125,317.07000732421875,318.57000732421875,900377
2025-12-10 17:30:00+00:00,316.70001220703125,318.0295104980469,316.6888122558594,317.0400085449219,711869
2025-12-10 18:30:00+00:00,318.6099853515625,319.6000061035156,316.45001220703125,316.6499938964844,1057225
2025-12-10 19:30:00+00:00,320.510009765625,320.8500061035156,318.17999267578125,318.67999267578125,1555562
2025-12-10 20:30:00+00:00,320.8500061035156,321.8699951171875,320.489990234375,320.55999755859375,1865336
2025-12-11 14:30:00+00:00,317.05999755859375,321.989990234375,314.5199890136719,320.94000244140625,3634473
2025-12-11 15:30:00+00:00,315.54998779296875,317.8900146484375,315.239990234375,317.07501220703125,1521142
2025-12-11 16:30:00+00:00,316.05999755859375,316.5400085449219,314.6600036621094,315.5249938964844,1109293
2025-12-11 17:30:00+00:00,313.3900146484375,316.543212890625,309.8800048828125,316.0574951171875,2408094
2025-12-11 18:30:00+00:00,313.6050109863281,314.55999755859375,311.2349853515625,313.4100036621094,2208647
2025-12-11 19:30:00+00:00,313.3500061035156,314.29998779296875,312.8399963378906,313.6300048828125,1218542
2025-12-11 20:30:00+00:00,313.7099914550781,314.1099853515625,312.85009765625,313.3399963378906,1611593
2025-12-12 14:30:00+00:00,309.5899963378906,316.1300048828125,309.4330139160156,315.0950012207031,3133641
2025-12-12 15:30:00+00:00,308.0,310.94000244140625,307.0880126953125,309.6099853515625,2344376
2025-12-12 16:30:00+00:00,309.57000732421875,310.7799987792969,306.9599914550781,308.0,1633867
2025-12-12 17:30:00+00:00,311.6499938964844,311.69000244140625,309.0199890136719,309.57000732421875,1082515
2025-12-12 18:30:00+00:00,310.9627990722656,311.8900146484375,310.3900146484375,311.6499938964844,809271
2025-12-12 19:30:00+00:00,310.79998779296875,311.4200134277344,310.57000732421875,310.9700012207031,722659
2025-12-12 20:30:00+00:00,310.510009765625,310.92999267578125,309.5,310.82000732421875,1398728
2025-12-15 14:30:00+00:00,307.7300109863281,312.70001220703125,307.2349853515625,312.625,3980818
2025-12-15 15:30:00+00:00,308.8299865722656,309.3900146484375,307.3500061035156,307.7300109863281,1244270
2025-12-15 16:30:00+00:00,306.1426086425781,308.8800048828125,305.739990234375,308.8399963378906,1951626
2025-12-15 17:30:00+00:00,307.45001220703125,307.8999938964844,306.1000061035156,306.239990234375,1006522
2025-12-15 18:30:00+00:00,308.5400085449219,309.3699951171875,307.43499755859375,307.4447937011719,1034648
2025-12-15 19:30:00+00:00,309.364990234375,309.4410095214844,308.150390625,308.57000732421875,1052803
2025-12-15 20:30:00+00:00,309.3389892578125,309.54998779296875,308.4700012207031,309.3599853515625,1135451
2025-12-16 14:30:00+00:00,308.92999267578125,311.8450012207031,304.1000061035156,305.8599853515625,3280629
2025-12-16 15:30:00+00:00,306.3599853515625,309.44000244140625,305.9200134277344,308.89410400390625,1273443
2025-12-16 16:30:00+00:00,305.69500732421875,307.17999267578125,305.55999755859375,306.3800048828125,3985656
2025-12-16 17:30:00+00:00,304.45001220703125,306.6199951171875,303.8299865722656,305.7200012207031,0
2025-12-16 18:30:00+00:00,306.0899963378906,306.3299865722656,304.1499938964844,304.4599914550781,1125589
2025-12-16 19:30:00+00:00,307.0199890136719,307.05999755859375,305.8800048828125,306.05999755859375,927742
2025-12-16 20:30:00+00:00,307.5799865722656,308.19000244140625,307.010009765625,307.010009765625,1455848
2025-12-17 14:30:00+00:00,301.010009765625,309.19500732421875,300.24139404296875,308.7950134277344,4548827
2025-12-17 15:30:00+00:00,300.0,301.1099853515625,297.8800048828125,300.9100036621094,3151578
2025-12-17 16:30:00+00:00,301.2049865722656,301.6700134277344,299.2799987792969,299.9800109863281,1657174
2025-12-17 17:30:00+00:00,300.75,301.42999267578125,299.510009765625,301.2598876953125,1162097
2025-12-17 18:30:00+00:00,298.7799987792969,300.7300109863281,298.70489501953125,300.7099914550781,1164330
2025-12-17 19:30:00+00:00,298.1700134277344,298.92498779296875,297.5899963378906,298.760009765625,1419042
2025-12-17 20:30:00+00:00,298.04998779296875,298.94000244140625,297.45001220703125,298.1499938964844,1844727
2025-12-18 14:30:00+00:00,302.8948059082031,303.8299865722656,300.6300048828125,303.06500244140625,3597266
2025-12-18 15:30:00+00:00,303.489990234375,304.4200134277344,302.44000244140625,302.8500061035156,1899595
2025-12-18 16:30:00+00:00,303.6050109863281,304.6300048828125,302.55999755859375,303.4100036621094,1332686
2025-12-18 17:30:00+00:00,305.0994873046875,305.260009765625,303.510009765625,303.6000061035156,939754
2025-12-18 18:30:00+00:00,303.35009765625,305.25,303.20001220703125,305.1510009765625,777426
2025-12-18 19:30:00+00:00,303.8699951171875,304.1300048828125,302.80999755859375,303.3599853515625,890340
2025-12-18 20:30:00+00:00,303.70001220703125,304.44000244140625,303.4700012207031,303.8299865722656,1087301
2025-12-19 14:30:00+00:00,306.2300109863281,307.6199951171875,302.3399963378906,303.17999267578125,7101352
2025-12-19 15:30:00+00:00,306.9200134277344,307.3999938964844,305.82000732421875,306.260009765625,1028338
2025-12-19 16:30:00+00:00,306.31500244140625,307.1199951171875,306.1000061035156,306.95001220703125,894313
2025-12-19 17:30:00+00:00,305.635009765625,306.6199951171875,305.4801025390625,306.3299865722656,851137
2025-12-19 18:30:00+00:00,305.7550048828125,306.2099914550781,305.2049865722656,305.6499938964844,1029426
2025-12-19 19:30:00+00:00,305.79998779296875,306.04998779296875,305.3699951171875,305.739990234375,881968
2025-12-19 20:30:00+00:00,308.6000061035156,308.9800109863281,305.1400146484375,305.7699890136719,2788820
2025-12-22 14:30:00+00:00,308.7799987792969,310.42999267578125,306.6000061035156,310.17999267578125,3246828
2025-12-22 15:30:00+00:00,310.0,310.55999755859375,308.04998779296875,308.760009765625,1083590
2025-12-22 16:30:00+00:00,310.989990234375,311.0799865722656,309.5600891113281,310.0199890136719,895444
2025-12-22 17:30:00+00:00,310.3800048828125,311.0899963378906,310.05499267578125,310.9700012207031,839796
2025-12-22 18:30:00+00:00,310.4100036621094,310.6199951171875,309.9200134277344,310.3399963378906,536499
2025-12-22 19:30:00+00:00,311.31500244140625,311.5,310.4100036621094,310.4100036621094,647680
2025-12-22 20:30:00+00:00,311.3399963378906,311.70001220703125,311.0899963378906,311.32000732421875,968648
2025-12-23 14:30:00+00:00,313.68499755859375,316.17999267578125,310.8599853515625,311.75,2659909
2025-12-23 15:30:00+00:00,314.95989990234375,316.2149963378906,313.6400146484375,313.6499938964844,1553256
2025-12-23 16:30:00+00:00,315.41241455078125,315.9800109863281,314.6449890136719,314.9649963378906,975490
2025-12-23 17:30:00+00:00,315.57000732421875,315.57000732421875,314.8399963378906,315.4100036621094,776840
2025-12-23 18:30:00+00:00,315.57501220703125,316.29998779296875,315.3800048828125,315.5899963378906,620681
2025-12-23 19:30:00+00:00,316.1610107421875,316.2560119628906,315.4200134277344,315.5899963378906,710700
2025-12-23 20:30:00+00:00,315.7099914550781,316.16461181640625,315.3999938964844,316.1600036621094,910979
2025-12-24 14:30:00+00:00,314.0000915527344,315.5899963378906,313.32000732421875,315.0,1814702
2025-12-24 15:30:00+00:00,314.989990234375,315.04998779296875,313.8399963378906,314.010009765625,744707
2025-12-24 16:30:00+00:00,314.79998779296875,315.4200134277344,314.6199951171875,315.010009765625,696021
2025-12-26 14:30:00+00:00,314.62078857421875,316.5599060058594,313.7300109863281,316.5,1485859
2025-12-26 15:30:00+00:00,315.0799865722656,315.18499755859375,314.1000061035156,314.614990234375,652137
2025-12-26 16:30:00+00:00,314.9599914550781,315.30999755859375,314.7799987792969,315.0899963378906,391917
2025-12-26 17:30:00+00:00,315.0899963378906,315.19000244140625,314.590087890625,314.965087890625,320264
2025-12-26 18:30:00+00:00,314.92999267578125,315.42999267578125,314.8700866699219,315.04998779296875,386744
2025-12-26 19:30:00+00:00,315.0199890136719,315.2900085449219,314.7349853515625,314.8800048828125,378808
2025-12-26 20:30:00+00:00,314.9599914550781,315.17999267578125,314.7113037109375,314.9840087890625,608242
2025-12-29 14:30:00+00:00,313.8500061035156,314.1700134277344,311.8999938964844,312.81500244140625,2845493
2025-12-29 15:30:00+00:00,312.8074951171875,314.4620056152344,312.5,313.81500244140625,916108
2025-12-29 16:30:00+00:00,312.760009765625,313.0,312.3550109863281,312.7699890136719,610071
2025-12-29 17:30:00+00:00,313.614990234375,313.79998779296875,312.67010498046875,312.7099914550781,537862
2025-12-29 18:30:00+00:00,314.20001220703125,314.4599914550781,313.3500061035156,313.5968017578125,585743
2025-12-29 19:30:00+00:00,314.3399963378906,314.9700012207031,313.860107421875,314.2099914550781,623808
2025-12-29 20:30:00+00:00,314.3800048828125,314.7300109863281,314.1300048828125,314.32000732421875,3980055
2025-12-30 14:30:00+00:00,314.3399963378906,317.70001220703125,313.25,313.6000061035156,1938831
2025-12-30 15:30:00+00:00,315.5,315.81500244140625,314.0299987792969,314.3349914550781,779182
2025-12-30 16:30:00+00:00,314.8900146484375,315.7799987792969,314.6499938964844,315.489990234375,554494
2025-12-30 17:30:00+00:00,314.6499938964844,314.9200134277344,314.2130126953125,314.875,554958
2025-12-30 18:30:00+00:00,314.8699951171875,315.0,314.3974914550781,314.6400146484375,507309
2025-12-30 19:30:00+00:00,315.25,315.3219909667969,314.489990234375,314.9100036621094,603213
2025-12-30 20:30:00+00:00,314.54998779296875,315.3399963378906,314.5,315.2900085449219,1017070
2025-12-31 14:30:00+00:00,314.8599853515625,315.3900146484375,313.0199890136719,313.1499938964844,1642202
2025-12-31 15:30:00+00:00,314.9200134277344,314.9200134277344,313.9599914550781,314.8599853515625,583401
2025-12-31 16:30:00+00:00,314.3699951171875,314.9100036621094,313.9700012207031,314.8900146484375,516062
2025-12-31 17:30:00+00:00,314.9150085449219,314.989990234375,313.9100036621094,314.385009765625,545601
2025-12-31 18:30:00+00:00,314.9800109863281,315.3599853515625,314.5899963378906,314.8500061035156,522696
2025-12-31 19:30:00+00:00,313.625,315.0199890136719,313.6099853515625,314.9599914550781,555864
2025-12-31 20:30:00+00:00,313.79010009765625,314.4100036621094,313.29998779296875,313.6000061035156,995569
2026-01-02 14:30:00+00:00,314.8299865722656,322.9137878417969,314.3999938964844,317.7900085449219,5235431
2026-01-02 15:30:00+00:00,311.17498779296875,317.114990234375,310.82501220703125,314.82000732421875,2165320
2026-01-02 16:30:00+00:00,313.80499267578125,313.80499267578125,310.6499938964844,311.1300048828125,1206013
2026-01-02 17:30:00+00:00,314.4150085449219,314.6700134277344,313.3699951171875,313.8299865722656,902099
2026-01-02 18:30:00+00:00,315.2327880859375,315.3500061035156,313.760009765625,314.42401123046875,986262
2026-01-02 19:30:00+00:00,315.3800048828125,315.989990234375,314.57000732421875,315.2099914550781,1025161
2026-01-02 20:30:00+00:00,315.32000732421875,315.510009765625,314.5400085449219,315.4800109863281,1199916
2026-01-05 14:30:00+00:00,317.92999267578125,319.1700134277344,315.6499938964844,318.9612121582031,3715257
2026-01-05 15:30:00+00:00,317.19000244140625,318.1300048828125,316.69000244140625,317.9599914550781,1519630
2026-01-05 16:30:00+00:00,315.55999755859375,317.6000061035156,315.2489929199219,317.17999267578125,1649636
2026-01-05 17:30:00+00:00,317.5375061035156,317.8599853515625,315.45001220703125,315.5400085449219,1066655
2026-01-05 18:30:00+00:00,316.7101135253906,317.7799072265625,316.7101135253906,317.6199951171875,1011639
2026-01-05 19:30:00+00:00,316.25,316.8999938964844,316.0199890136719,316.70001220703125,1102827
2026-01-05 20:30:00+00:00,317.3800048828125,317.4200134277344,316.19500732421875,316.2149963378906,1186809
2026-01-06 14:30:00+00:00,314.9100036621094,321.55999755859375,314.44500732421875,317.30999755859375,2890980
2026-01-06 15:30:00+00:00,312.8984069824219,315.6549987792969,312.3399963378906,314.9100036621094,1934551
2026-01-06 16:30:00+00:00,313.5799865722656,314.2200012207031,312.4700012207031,312.8900146484375,1066043
2026-01-06 17:30:00+00:00,313.8999938964844,314.4599914550781,313.4601135253906,313.5899963378906,758212
2026-01-06 18:30:00+00:00,314.45001220703125,315.20001220703125,313.7900085449219,313.8999938964844,888949
2026-01-06 19:30:00+00:00,313.6000061035156,314.1697082519531,313.4194030761719,314.14801025390625,859929
2026-01-06 20:30:00+00:00,314.3900146484375,314.5,313.29998779296875,313.610107421875,883360
2026-01-07 14:30:00+00:00,319.7298889160156,322.54998779296875,314.5,314.5010070800781,4089411
2026-01-07 15:30:00+00:00,320.1650085449219,321.1499938964844,318.8299865722656,319.70001220703125,1411534
2026-01-07 16:30:00+00:00,322.15838623046875,322.3399963378906,319.2200012207031,320.239990234375,1368789
2026-01-07 17:30:00+00:00,322.2099914550781,322.3900146484375,321.0799865722656,322.1199951171875,1025234
2026-01-07 18:30:00+00:00,322.4800109863281,326.4649963378906,322.07000732421875,322.2077941894531,3175638
2026-01-07 19:30:00+00:00,322.4700012207031,323.5950012207031,321.7200012207031,322.4949951171875,1879090
2026-01-07 20:30:00+00:00,322.4599914550781,322.5585021972656,321.3500061035156,322.4599914550781,1426698
2026-01-08 14:30:00+00:00,326.45001220703125,327.2799987792969,321.989990234375,326.5,5639008
2026-01-08 15:30:00+00:00,326.4924011230469,329.17999267578125,324.510009765625,326.4200134277344,2319669
2026-01-08 16:30:00+00:00,327.3893127441406,328.2099914550781,325.0101013183594,326.3999938964844,1481508
2026-01-08 17:30:00+00:00,326.8999938964844,327.8500061035156,326.1099853515625,327.4100036621094,831160
2026-01-08 18:30:00+00:00,326.2200012207031,326.8999938964844,325.7099914550781,326.8800048828125,943200
2026-01-08 19:30:00+00:00,325.81500244140625,326.1600036621094,324.69000244140625,326.1099853515625,1322194
2026-01-08 20:30:00+00:00,325.9700012207031,326.29998779296875,325.4800109863281,325.8599853515625,1342144
2026-01-09 14:30:00+00:00,330.32501220703125,331.2099914550781,326.25,326.5,4120571
2026-01-09 15:30:00+00:00,330.69500732421875,331.4800109863281,329.07000732421875,330.3599853515625,1569062
2026-01-09 16:30:00+00:00,330.510009765625,331.3599853515625,330.07000732421875,330.69000244140625,1058506
2026-01-09 17:30:00+00:00,329.92999267578125,330.67999267578125,329.1199951171875,330.489990234375,1213445
2026-01-09 18:30:00+00:00,330.4501037597656,330.93499755859375,329.885009765625,329.9100036621094,742423
2026-01-09 19:30:00+00:00,330.310302734375,331.19000244140625,329.9949951171875,330.4695129394531,989429
2026-01-09 20:30:00+00:00,329.1499938964844,330.55999755859375,329.1199951171875,330.2149963378906,1026868
2026-01-12 14:30:00+00:00,331.2099914550781,334.44000244140625,325.510009765625,326.5,4098995
2026-01-12 15:30:00+00:00,329.94500732421875,331.2799987792969,327.5199890136719,331.17999267578125,2505363
2026-01-12 16:30:00+00:00,330.67999267578125,330.9599914550781,329.8599853515625,329.91558837890625,974380
2026-01-12 17:30:00+00:00,330.572509765625,331.07000732421875,329.82000732421875,330.6499938964844,752248
2026-01-12 18:30:00+00:00,330.93499755859375,331.32000732421875,330.2099914550781,330.6300048828125,1110735
2026-01-12 19:30:00+00:00,331.5773010253906,332.1700134277344,330.9200134277344,330.9471130371094,1231186
2026-01-12 20:30:00+00:00,332.7272033691406,333.0050048828125,331.41009521484375,331.5899963378906,1650601
2026-01-13 14:30:00+00:00,336.239990234375,341.1700134277344,334.3500061035156,335.3500061035156,5723375
2026-01-13 15:30:00+00:00,337.7099914550781,338.7900085449219,334.9100036621094,336.19500732421875,2311530
2026-01-13 16:30:00+00:00,340.3900146484375,340.45001220703125,337.3992004394531,337.67999267578125,1785405
2026-01-13 17:30:00+00:00,338.5,340.5,337.94000244140625,340.3699951171875,1058706
2026-01-13 18:30:00+00:00,337.2099914550781,339.1650085449219,336.30999755859375,338.4700012207031,1298582
2026-01-13 19:30:00+00:00,336.1199035644531,337.94000244140625,335.7200012207031,337.17999267578125,1484296
2026-01-13 20:30:00+00:00,336.42999267578125,336.5199890136719,335.1300048828125,336.0400085449219,6502972
2026-01-14 14:30:00+00:00,333.5,335.5,331.1400146484375,334.18499755859375,3372321
2026-01-14 15:30:00+00:00,334.1449890136719,334.42999267578125,331.7300109863281,333.5,1194591
2026-01-14 16:30:00+00:00,333.29998779296875,334.5199890136719,332.0242004394531,334.1199951171875,945002
2026-01-14 17:30:00+00:00,334.53460693359375,335.3800048828125,332.7799987792969,333.2799987792969,872935
2026-01-14 18:30:00+00:00,335.1000061035156,336.19000244140625,334.0799865722656,334.510009765625,892992
2026-01-14 19:30:00+00:00,335.6199951171875,336.6600036621094,335.05999755859375,335.1300048828125,806015
2026-01-14 20:30:00+00:00,336.3699951171875,337.0199890136719,335.57000732421875,335.6499938964844,1274789
2026-01-15 14:30:00+00:00,333.25,336.9399108886719,332.6600036621094,336.9399108886719,2987753
2026-01-15 15:30:00+00:00,332.3299865722656,334.1784973144531,331.2900085449219,333.29998779296875,1582563
2026-01-15 16:30:00+00:00,333.159912109375,333.5400085449219,331.80999755859375,332.2200012207031,931282
2026-01-15 17:30:00+00:00,333.69000244140625,333.8900146484375,332.5299987792969,333.1000061035156,887538
2026-01-15 18:30:00+00:00,333.2099914550781,334.010009765625,333.1700134277344,333.6400146484375,859612
2026-01-15 19:30:00+00:00,332.40008544921875,333.3500061035156,331.8299865722656,333.1499938964844,851807
2026-01-15 20:30:00+00:00,333.1300048828125,333.5299987792969,332.04998779296875,332.4049987792969,5399523
2026-01-16 14:30:00+00:00,329.9952087402344,334.510009765625,329.8399963378906,333.7619934082031,4616237
2026-01-16 15:30:00+00:00,330.3500061035156,330.67999267578125,329.45001220703125,329.9800109863281,1341990
2026-01-16 16:30:00+00:00,330.2300109863281,331.260009765625,330.0899963378906,330.3500061035156,859681
2026-01-16 17:30:00+00:00,330.0199890136719,330.45001220703125,328.1700134277344,330.20001220703125,1197049
2026-01-16 18:30:00+00:00,329.8900146484375,330.1700134277344,329.05999755859375,330.0260009765625,804026
2026-01-16 19:30:00+00:00,330.1300048828125,330.6199951171875,329.73748779296875,329.8699951171875,738288
2026-01-16 20:30:00+00:00,330.42999267578125,330.6700134277344,329.4700012207031,330.1099853515625,1322471
