Datetime,Close,High,Low,Open,Volume
2025-01-17 14:30:00+00:00,429.18499755859375,434.3900146484375,428.1700134277344,434.0899963378906,8511004
2025-01-17 15:30:00+00:00,429.8949890136719,429.989990234375,428.4800109863281,429.1650085449219,1645569
2025-01-17 16:30:00+00:00,430.6499938964844,430.7699890136719,428.54998779296875,429.93499755859375,2771080
2025-01-17 17:30:00+00:00,431.9837951660156,432.20001220703125,430.4200134277344,430.67999267578125,1536784
2025-01-17 18:30:00+00:00,430.1023864746094,431.989990234375,428.80999755859375,431.93780517578125,1665416
2025-01-17 19:30:00+00:00,430.2850036621094,430.7699890136719,429.5350036621094,430.1050109863281,1615061
2025-01-17 20:30:00+00:00,428.9100036621094,431.19000244140625,428.3900146484375,430.2300109863281,3016441
2025-01-21 14:30:00+00:00,428.4700012207031,430.7900085449219,425.5950012207031,430.0400085449219,4607395
2025-01-21 15:30:00+00:00,428.010009765625,428.9399108886719,427.010009765625,428.4200134277344,1321631
2025-01-21 16:30:00+00:00,428.55999755859375,428.95001220703125,427.7099914550781,428.0039978027344,1260019
2025-01-21 17:30:00+00:00,429.3599853515625,430.89990234375,428.54998779296875,428.55999755859375,1471297
2025-01-21 18:30:00+00:00,429.260009765625,429.5199890136719,427.4200134277344,429.3599853515625,1975165
2025-01-21 19:30:00+00:00,429.04998779296875,429.239990234375,427.5104064941406,429.2349853515625,1665201
2025-01-21 20:30:00+00:00,428.6199951171875,429.1178894042969,427.8599853515625,429.0249938964844,2150912
2025-01-22 14:30:00+00:00,439.7650146484375,441.8999938964844,436.0,437.4700012207031,7524059
2025-01-22 15:30:00+00:00,442.5400085449219,443.29998779296875,439.69000244140625,439.7650146484375,2824249
2025-01-22 16:30:00+00:00,444.760009765625,445.95001220703125,442.3299865722656,442.5799865722656,2684760
2025-01-22 17:30:00+00:00,444.2950134277344,445.7900085449219,443.95001220703125,444.739990234375,1622027
2025-01-22 18:30:00+00:00,445.55999755859375,445.8399963378906,443.6499938964844,444.30999755859375,1564180
2025-01-22 19:30:00+00:00,445.42999267578125,445.8900146484375,444.5799865722656,445.55999755859375,1491858
2025-01-22 20:30:00+00:00,446.1600036621094,447.2699890136719,444.8599853515625,445.42999267578125,2990904
2025-01-23 14:30:00+00:00,443.17010498046875,444.4800109863281,441.5047912597656,442.0,2830204
2025-01-23 15:30:00+00:00,443.5539855957031,443.8800048828125,442.25,443.19000244140625,1571462
2025-01-23 16:30:00+00:00,443.1000061035156,444.1400146484375,442.7799987792969,443.5994873046875,1090792
2025-01-23 17:30:00+00:00,443.114990234375,443.25,442.4302978515625,443.07000732421875,1414880
2025-01-23 18:30:00+00:00,444.3099060058594,444.5,443.1199951171875,443.1400146484375,1373338
2025-01-23 19:30:00+00:00,445.1098937988281,445.67999267578125,444.2850036621094,444.32000732421875,1239043
2025-01-23 20:30:00+00:00,446.70001220703125,446.739990234375,444.7200012207031,445.0899963378906,1952999
2025-01-24 14:30:00+00:00,443.7318115234375,445.93560791015625,441.3999938964844,445.1600036621094,3432323
2025-01-24 15:30:00+00:00,446.2950134277344,446.3218078613281,443.6600036621094,443.70001220703125,1235172
2025-01-24 16:30:00+00:00,444.82000732421875,446.6499938964844,444.4800109863281,446.2950134277344,1213726
2025-01-24 17:30:00+00:00,443.94000244140625,445.1199951171875,443.7099914550781,444.85321044921875,828931
2025-01-24 18:30:00+00:00,442.42999267578125,444.1408996582031,441.70001220703125,443.9700012207031,1289901
2025-01-24 19:30:00+00:00,442.67999267578125,442.8800048828125,441.8999938964844,442.42498779296875,939953
2025-01-24 20:30:00+00:00,443.9800109863281,444.2900085449219,442.6050109863281,442.70001220703125,1390915
2025-01-27 14:30:00+00:00,431.1499938964844,431.2099914550781,423.5,424.2099914550781,11861441
2025-01-27 15:30:00+00:00,427.3999938964844,433.9599914550781,426.5899963378906,431.1499938964844,3652017
2025-01-27 16:30:00+00:00,427.3800048828125,428.4800109863281,426.260009765625,427.2699890136719,2761319
2025-01-27 17:30:00+00:00,429.4150085449219,429.8999938964844,426.75,427.3800048828125,2061310
2025-01-27 18:30:00+00:00,434.4100036621094,434.7900085449219,429.32000732421875,429.3949890136719,2327430
2025-01-27 19:30:00+00:00,434.32000732421875,434.7900085449219,432.5000915527344,434.44000244140625,2274436
2025-01-27 20:30:00+00:00,434.57000732421875,435.19000244140625,433.5299987792969,434.3399963378906,2994249
2025-01-28 14:30:00+00:00,442.2650146484375,443.010009765625,431.42498779296875,432.79998779296875,4996797
2025-01-28 15:30:00+00:00,442.0,443.17498779296875,439.93499755859375,442.3299865722656,2458461
2025-01-28 16:30:00+00:00,444.5899963378906,444.70001220703125,441.5,442.0,1669462
2025-01-28 17:30:00+00:00,446.1700134277344,446.6300048828125,444.17498779296875,444.5950012207031,2031533
2025-01-28 18:30:00+00:00,446.8599853515625,446.95001220703125,445.0700988769531,446.0799865722656,1862259
2025-01-28 19:30:00+00:00,446.6300048828125,448.3800048828125,446.3999938964844,446.80999755859375,2334690
2025-01-28 20:30:00+00:00,447.0199890136719,447.9200134277344,445.67999267578125,446.6199951171875,2943298
2025-01-29 14:30:00+00:00,441.989990234375,446.8800048828125,440.3999938964844,446.69000244140625,3626183
2025-01-29 15:30:00+00:00,442.4186096191406,443.489990234375,441.4576110839844,442.0199890136719,1437427
2025-01-29 16:30:00+00:00,443.5902099609375,445.0899963378906,442.2569885253906,442.4119873046875,1759338
2025-01-29 17:30:00+00:00,443.0,444.2799987792969,440.9100036621094,443.6449890136719,1239287
2025-01-29 18:30:00+00:00,442.06500244140625,443.239990234375,441.510009765625,443.1549987792969,1495208
2025-01-29 19:30:00+00:00,444.9754943847656,445.5,441.95001220703125,441.989990234375,2852815
2025-01-29 20:30:00+00:00,441.7900085449219,445.17999267578125,441.6300048828125,444.9700012207031,2277400
2025-01-30 14:30:00+00:00,415.2298889160156,422.8599853515625,414.1700134277344,418.4800109863281,19845932
2025-01-30 15:30:00+00:00,415.25,416.92999267578125,413.1600036621094,415.2200012207031,6473993
2025-01-30 16:30:00+00:00,414.5044860839844,417.0899963378906,414.3500061035156,415.2749938964844,4468191
2025-01-30 17:30:00+00:00,415.7200012207031,416.1199951171875,414.2699890136719,414.510009765625,3328651
2025-01-30 18:30:00+00:00,415.2099914550781,416.44000244140625,414.25,415.7200012207031,3789874
2025-01-30 19:30:00+00:00,415.9682922363281,416.0799865722656,414.9599914550781,415.260009765625,4145334
2025-01-30 20:30:00+00:00,414.8599853515625,417.0400085449219,414.0700988769531,416.0,6743605
2025-01-31 14:30:00+00:00,417.38739013671875,420.67999267578125,416.54998779296875,418.7300109863281,8115976
2025-01-31 15:30:00+00:00,416.1449890136719,418.1300048828125,415.92999267578125,417.3869934082031,4327504
2025-01-31 16:30:00+00:00,418.5299987792969,418.6000061035156,415.2300109863281,416.1300048828125,2803581
2025-01-31 17:30:00+00:00,417.54998779296875,419.1700134277344,417.2701110839844,418.55499267578125,2217597
2025-01-31 18:30:00+00:00,416.43438720703125,417.9599914550781,415.8999938964844,417.489990234375,2230352
2025-01-31 19:30:00+00:00,416.1400146484375,417.010009765625,415.05999755859375,416.4049987792969,2462028
2025-01-31 20:30:00+00:00,414.9700012207031,417.25,414.9100036621094,416.1600036621094,3572557
2025-02-03 14:30:00+00:00,411.67498779296875,414.7200012207031,408.6700134277344,411.760009765625,7272229
2025-02-03 15:30:00+00:00,411.79998779296875,413.6499938964844,411.1099853515625,411.6499938964844,2600785
2025-02-03 16:30:00+00:00,411.69000244140625,412.55999755859375,410.3699951171875,411.7850036621094,1924842
2025-02-03 17:30:00+00:00,413.0299987792969,413.3999938964844,410.54998779296875,411.6499938964844,2052373
2025-02-03 18:30:00+00:00,415.05999755859375,415.4100036621094,413.0,413.0899963378906,1797119
2025-02-03 19:30:00+00:00,413.5849914550781,415.19500732421875,413.1000061035156,415.0899963378906,1773907
2025-02-03 20:30:00+00:00,411.010009765625,414.2799987792969,410.7699890136719,413.6099853515625,2856575
2025-02-04 14:30:00+00:00,413.17999267578125,413.44000244140625,409.760009765625,412.1700134277344,4886293
2025-02-04 15:30:00+00:00,413.1300048828125,413.8999938964844,412.239990234375,413.1700134277344,2412962
2025-02-04 16:30:00+00:00,411.05999755859375,413.625,411.0,413.1400146484375,1574211
2025-02-04 17:30:00+00:00,411.7550048828125,411.79998779296875,410.6600036621094,411.07000732421875,1785144
2025-02-04 18:30:00+00:00,412.497802734375,412.6600036621094,411.28009033203125,411.739990234375,1345147
2025-02-04 19:30:00+00:00,411.9599914550781,412.8800048828125,411.8900146484375,412.4599914550781,1751273
2025-02-04 20:30:00+00:00,412.30999755859375,412.92999267578125,411.3599853515625,411.94500732421875,2288571
2025-02-05 14:30:00+00:00,411.510009765625,413.70001220703125,410.5,411.635009765625,4018690
2025-02-05 15:30:00+00:00,412.6199951171875,412.7200012207031,411.1199951171875,411.57501220703125,1908154
2025-02-05 16:30:00+00:00,413.0690002441406,413.8269958496094,412.42010498046875,412.625,1584209
2025-02-05 17:30:00+00:00,412.0400085449219,413.239990234375,411.7699890136719,413.07000732421875,1094357
2025-02-05 18:30:00+00:00,412.989990234375,413.5,411.9649963378906,412.05999755859375,1085708
2025-02-05 19:30:00+00:00,413.0559997558594,413.30560302734375,412.6527099609375,412.92999267578125,1062320
2025-02-05 20:30:00+00:00,413.2799987792969,413.5,412.0,413.07000732421875,1906257
2025-02-06 14:30:00+00:00,417.0400085449219,418.04998779296875,414.0899963378906,414.385009765625,3499696
2025-02-06 15:30:00+00:00,417.6642150878906,418.20001220703125,416.3999938964844,417.05999755859375,1771473
2025-02-06 16:30:00+00:00,415.9949951171875,417.6400146484375,415.9088134765625,417.635009765625,1178620
2025-02-06 17:30:00+00:00,416.0849914550781,417.2499084472656,415.760009765625,416.0,1176406
2025-02-06 18:30:00+00:00,415.8829040527344,416.3699951171875,415.3800048828125,416.1000061035156,946415
2025-02-06 19:30:00+00:00,414.8829040527344,415.9200134277344,413.2900085449219,415.9200134277344,1201479
2025-02-06 20:30:00+00:00,415.9100036621094,415.9800109863281,414.1000061035156,414.9599914550781,2206111
2025-02-07 14:30:00+00:00,412.6099853515625,418.6499938964844,412.6099853515625,416.4800109863281,4826075
2025-02-07 15:30:00+00:00,411.3399963378906,413.6700134277344,410.6559143066406,412.6000061035156,2646284
2025-02-07 16:30:00+00:00,410.18011474609375,411.6600036621094,409.55999755859375,411.3599853515625,2450726
2025-02-07 17:30:00+00:00,410.7099914550781,411.3399963378906,410.17999267578125,410.17999267578125,1559172
2025-02-07 18:30:00+00:00,408.2850036621094,411.1419982910156,408.2799987792969,410.69439697265625,1948018
2025-02-07 19:30:00+00:00,408.875,409.159912109375,408.1000061035156,408.2699890136719,1847588
2025-02-07 20:30:00+00:00,409.760009765625,410.3500061035156,408.80999755859375,408.8599853515625,2749459
2025-02-10 14:30:00+00:00,414.19000244140625,414.5199890136719,411.7300109863281,413.68499755859375,3240056
2025-02-10 15:30:00+00:00,415.0857849121094,415.46240234375,414.0199890136719,414.1300048828125,2556070
2025-02-10 16:30:00+00:00,412.07501220703125,415.1199951171875,412.05999755859375,415.1199951171875,1108477
2025-02-10 17:30:00+00:00,412.79998779296875,413.04998779296875,411.8699951171875,412.0899963378906,915183
2025-02-10 18:30:00+00:00,412.05999755859375,413.0899963378906,411.8800048828125,412.81500244140625,906278
2025-02-10 19:30:00+00:00,411.4949951171875,412.4599914550781,410.9200134277344,412.08380126953125,1468404
2025-02-10 20:30:00+00:00,412.2099914550781,412.6000061035156,411.3500061035156,411.4800109863281,1904567
2025-02-11 14:30:00+00:00,412.20001220703125,412.4895935058594,409.29998779296875,409.6400146484375,3753602
2025-02-11 15:30:00+00:00,410.54998779296875,412.36419677734375,410.5400085449219,412.2099914550781,1105353
2025-02-11 16:30:00+00:00,410.28790283203125,411.1400146484375,409.54998779296875,410.5845031738281,1654952
2025-02-11 17:30:00+00:00,409.9800109863281,410.55999755859375,409.54998779296875,410.3299865722656,878416
2025-02-11 18:30:00+00:00,410.55999755859375,410.71990966796875,409.8999938964844,409.9549865722656,724699
2025-02-11 19:30:00+00:00,411.650390625,411.8999938964844,410.42999267578125,410.5950012207031,1070129
2025-02-11 20:30:00+00:00,411.54998779296875,411.8299865722656,411.0199890136719,411.6300048828125,1114861
2025-02-12 14:30:00+00:00,409.02349853515625,409.6099853515625,404.3673095703125,407.8800048828125,4966590
2025-02-12 15:30:00+00:00,407.57501220703125,409.9307861328125,407.20001220703125,409.0199890136719,1678944
2025-02-12 16:30:00+00:00,409.230712890625,409.5799865722656,407.635009765625,407.635009765625,1352756
2025-02-12 17:30:00+00:00,410.3392028808594,410.75,408.95001220703125,409.2099914550781,1099885
2025-02-12 18:30:00+00:00,409.4507141113281,410.3760070800781,409.32000732421875,410.3299865722656,912385
2025-02-12 19:30:00+00:00,408.2099914550781,410.3999938964844,408.1499938964844,409.4750061035156,1335594
2025-02-12 20:30:00+00:00,408.95001220703125,409.1300048828125,408.04998779296875,408.2099914550781,1538718
2025-02-13 14:30:00+00:00,407.9700012207031,409.0,406.3599853515625,407.0320129394531,5421961
2025-02-13 15:30:00+00:00,408.6400146484375,410.4100036621094,407.7900085449219,407.9649963378906,2041698
2025-02-13 16:30:00+00:00,408.2850036621094,408.9479064941406,407.5799865722656,408.614990234375,1234545
2025-02-13 17:30:00+00:00,408.0799865722656,408.5,407.4849853515625,408.30499267578125,901742
2025-02-13 18:30:00+00:00,409.67010498046875,409.75,407.64080810546875,408.0799865722656,1310705
2025-02-13 19:30:00+00:00,410.7127990722656,411.0,409.6600036621094,409.6700134277344,1246903
2025-02-13 20:30:00+00:00,410.5199890136719,410.7900085449219,409.8599853515625,410.67999267578125,1994486
2025-02-14 14:30:00+00:00,406.239990234375,408.7099914550781,406.1700134277344,407.6499938964844,5998336
2025-02-14 15:30:00+00:00,407.8207092285156,407.989990234375,405.8963928222656,406.239990234375,3520505
2025-02-14 16:30:00+00:00,407.5199890136719,408.32489013671875,407.41009521484375,407.8211975097656,1644699
2025-02-14 17:30:00+00:00,407.82000732421875,408.04998779296875,407.3949890136719,407.54998779296875,1129722
2025-02-14 18:30:00+00:00,407.7200012207031,408.7300109863281,407.5899963378906,407.79998779296875,1104260
2025-02-14 19:30:00+00:00,406.8450012207031,407.94000244140625,406.69000244140625,407.739990234375,1456368
2025-02-14 20:30:00+00:00,408.3299865722656,408.8299865722656,406.8111877441406,406.84930419921875,2012295
2025-02-18 14:30:00+00:00,408.05029296875,410.59698486328125,407.8699951171875,408.19500732421875,4275678
2025-02-18 15:30:00+00:00,408.92010498046875,409.28289794921875,407.7900085449219,408.0400085449219,1572351
2025-02-18 16:30:00+00:00,408.3349914550781,409.45001220703125,408.17999267578125,408.9700012207031,1689165
2025-02-18 17:30:00+00:00,408.0660095214844,408.9599914550781,407.6099853515625,408.3280029296875,1487080
2025-02-18 18:30:00+00:00,407.42999267578125,408.20001220703125,406.5,408.04998779296875,1392145
2025-02-18 19:30:00+00:00,407.5899963378906,407.69580078125,406.9800109863281,407.489990234375,1000425
2025-02-18 20:30:00+00:00,409.6400146484375,409.6400146484375,407.4649963378906,407.57000732421875,1969530
2025-02-19 14:30:00+00:00,408.25,409.92999267578125,407.739990234375,408.3599853515625,2771500
2025-02-19 15:30:00+00:00,410.42919921875,411.84869384765625,407.9599914550781,408.2699890136719,4292680
2025-02-19 16:30:00+00:00,410.4700012207031,411.55999755859375,409.9100036621094,410.385009765625,3799673
2025-02-19 17:30:00+00:00,411.56500244140625,411.989990234375,410.2244873046875,410.45001220703125,1335974
2025-02-19 18:30:00+00:00,413.9573974609375,414.42999267578125,411.5899963378906,411.5899963378906,2155218
2025-02-19 19:30:00+00:00,414.5,415.3900146484375,413.8550109863281,413.9849853515625,2588471
2025-02-19 20:30:00+00:00,414.82000732421875,415.489990234375,414.260009765625,414.5849914550781,2170030
2025-02-20 14:30:00+00:00,416.1099853515625,417.3099060058594,412.5400085449219,415.5299987792969,5991810
2025-02-20 15:30:00+00:00,417.92010498046875,419.30999755859375,415.6400146484375,416.0899963378906,3746871
2025-02-20 16:30:00+00:00,417.6600036621094,418.3800048828125,415.70001220703125,418.04998779296875,1961215
2025-02-20 17:30:00+00:00,417.5495910644531,418.2200012207031,417.2200012207031,417.67999267578125,1321705
2025-02-20 18:30:00+00:00,417.6300048828125,417.9200134277344,416.3900146484375,417.5299987792969,2355643
2025-02-20 19:30:00+00:00,415.7900085449219,417.6000061035156,414.92999267578125,417.5950012207031,1903736
2025-02-20 20:30:00+00:00,416.1300048828125,416.2900085449219,415.260009765625,415.7900085449219,1745988
2025-02-21 14:30:00+00:00,413.2900085449219,418.0480041503906,412.8999938964844,417.3349914550781,5777922
2025-02-21 15:30:00+00:00,413.5400085449219,414.54901123046875,412.2699890136719,413.2300109863281,2001419
2025-02-21 16:30:00+00:00,413.2699890136719,414.2900085449219,412.7200012207031,413.5400085449219,2510622
2025-02-21 17:30:00+00:00,412.5299987792969,413.6700134277344,412.4599914550781,413.2900085449219,2770743
2025-02-21 18:30:00+00:00,409.0899963378906,412.56109619140625,409.0050048828125,412.5350036621094,2340001
2025-02-21 19:30:00+00:00,409.05999755859375,409.67999267578125,408.3599853515625,409.05999755859375,2140719
2025-02-21 20:30:00+00:00,408.1400146484375,409.4548034667969,407.8900146484375,409.05999755859375,3286452
2025-02-24 14:30:00+00:00,399.7900085449219,409.3699951171875,399.32000732421875,408.510009765625,8856290
2025-02-24 15:30:00+00:00,403.260009765625,404.3900146484375,399.6600036621094,399.81500244140625,3226560
2025-02-24 16:30:00+00:00,403.95001220703125,404.5450134277344,402.5,403.2699890136719,1517228
2025-02-24 17:30:00+00:00,404.6000061035156,404.9700012207031,403.7449951171875,403.9599914550781,1031282
2025-02-24 18:30:00+00:00,403.7900085449219,404.67999267578125,403.6400146484375,404.6300048828125,1216882
2025-02-24 19:30:00+00:00,404.7300109863281,405.3699951171875,403.739990234375,403.7950134277344,1638553
2025-02-24 20:30:00+00:00,404.0799865722656,405.0950012207031,403.0299987792969,404.760009765625,2524324
2025-02-25 14:30:00+00:00,398.489990234375,401.9150085449219,397.69000244140625,401.1000061035156,6568913
2025-02-25 15:30:00+00:00,397.8800048828125,400.82000732421875,397.8800048828125,398.4800109863281,3442420
2025-02-25 16:30:00+00:00,399.9515075683594,400.0,396.70001220703125,397.9200134277344,2425868
2025-02-25 17:30:00+00:00,398.2850036621094,400.4800109863281,398.20001220703125,399.8999938964844,2544318
2025-02-25 18:30:00+00:00,397.5350036621094,399.29998779296875,397.3299865722656,398.2875061035156,1841833
2025-02-25 19:30:00+00:00,398.84149169921875,399.2900085449219,397.010009765625,397.5249938964844,2545333
2025-02-25 20:30:00+00:00,397.9949951171875,398.9800109863281,397.3800048828125,398.864990234375,3225438
2025-02-26 14:30:00+00:00,402.0199890136719,403.05999755859375,394.2449951171875,398.010009765625,8046631
2025-02-26 15:30:00+00:00,402.7699890136719,403.44000244140625,402.0799865722656,402.1000061035156,1872535
2025-02-26 16:30:00+00:00,402.739990234375,403.6000061035156,402.3055114746094,402.760009765625,939874
2025-02-26 17:30:00+00:00,400.1285095214844,402.9700012207031,400.110107421875,402.739990234375,1177213
2025-02-26 18:30:00+00:00,398.94000244140625,400.6499938964844,398.29998779296875,400.1000061035156,1250686
2025-02-26 19:30:00+00:00,398.69189453125,399.5,398.239990234375,398.8800048828125,1128824
2025-02-26 20:30:00+00:00,399.6408996582031,400.0,398.42999267578125,398.67999267578125,1222164
2025-02-27 14:30:00+00:00,399.4849853515625,405.739990234375,397.93011474609375,401.2650146484375,5096507
2025-02-27 15:30:00+00:00,398.1300048828125,400.39990234375,397.6300048828125,399.44000244140625,1435803
2025-02-27 16:30:00+00:00,397.7900085449219,398.6000061035156,396.6300048828125,398.1300048828125,1353995
2025-02-27 17:30:00+00:00,398.375,398.7449951171875,396.82000732421875,397.82000732421875,1245338
2025-02-27 18:30:00+00:00,396.01031494140625,398.55999755859375,395.9200134277344,398.3999938964844,1073146
2025-02-27 19:30:00+00:00,393.7950134277344,396.05999755859375,393.29998779296875,396.0400085449219,2518214
2025-02-27 20:30:00+00:00,392.5799865722656,394.44000244140625,392.2200012207031,393.80999755859375,3187549
2025-02-28 14:30:00+00:00,391.760009765625,392.8999938964844,386.57550048828125,392.7550048828125,5544842
2025-02-28 15:30:00+00:00,389.489990234375,392.7300109863281,389.3999938964844,391.7300109863281,2147422
2025-02-28 16:30:00+00:00,391.8500061035156,392.4599914550781,389.32000732421875,389.4599914550781,1622006
2025-02-28 17:30:00+00:00,391.2898864746094,391.8500061035156,389.3599853515625,391.8500061035156,2248560
2025-02-28 18:30:00+00:00,390.8599853515625,392.048095703125,389.5799865722656,391.1700134277344,1731176
2025-02-28 19:30:00+00:00,393.07000732421875,393.1199035644531,390.5675964355469,390.8550109863281,2275590
2025-02-28 20:30:00+00:00,397.1424865722656,397.6300048828125,391.57000732421875,393.07000732421875,3857564
2025-03-03 14:30:00+00:00,394.625,398.82000732421875,392.1449890136719,398.82000732421875,4388305
2025-03-03 15:30:00+00:00,393.80999755859375,395.8500061035156,393.54998779296875,394.614990234375,1670583
2025-03-03 16:30:00+00:00,394.9444885253906,395.2699890136719,393.0799865722656,393.7650146484375,1255967
2025-03-03 17:30:00+00:00,393.2099914550781,395.9800109863281,393.0400085449219,394.9599914550781,1463003
2025-03-03 18:30:00+00:00,393.4100036621094,394.3399963378906,392.1650085449219,393.16461181640625,1331973
2025-03-03 19:30:00+00:00,389.5899963378906,395.04998779296875,389.37188720703125,393.42498779296875,2595683
2025-03-03 20:30:00+00:00,388.5299987792969,390.3450012207031,386.1600036621094,389.5299987792969,4252162
2025-03-04 14:30:00+00:00,383.20001220703125,387.5299987792969,381.0,383.8599853515625,7930694
2025-03-04 15:30:00+00:00,384.18499755859375,385.7699890136719,383.06500244140625,383.1650085449219,2755202
2025-03-04 16:30:00+00:00,386.1000061035156,386.1000061035156,384.1311950683594,384.1700134277344,2431433
2025-03-04 17:30:00+00:00,385.4700012207031,387.25,384.2200012207031,386.0249938964844,1854773
2025-03-04 18:30:00+00:00,388.31640625,389.3699951171875,385.1650085449219,385.4599914550781,1893145
2025-03-04 19:30:00+00:00,391.8999938964844,392.5799865722656,388.1499938964844,388.4100036621094,2764395
2025-03-04 20:30:00+00:00,388.7200012207031,392.0264892578125,387.0799865722656,391.8500061035156,2781009
2025-03-05 14:30:00+00:00,391.5400085449219,393.17999267578125,388.80999755859375,389.3399963378906,3834083
2025-03-05 15:30:00+00:00,392.0492858886719,393.3599853515625,390.1300048828125,391.57501220703125,1693878
2025-03-05 16:30:00+00:00,394.7715148925781,394.7715148925781,390.32000732421875,392.0899963378906,1775608
2025-03-05 17:30:00+00:00,395.5,397.1700134277344,394.30999755859375,394.739990234375,2222224
2025-03-05 18:30:00+00:00,398.5400085449219,399.3587951660156,394.25,395.5400085449219,2306588
2025-03-05 19:30:00+00:00,400.8299865722656,401.6695861816406,397.44000244140625,398.5899963378906,3177883
2025-03-05 20:30:00+00:00,401.1300048828125,401.6700134277344,398.8800048828125,400.79998779296875,2780428
2025-03-06 14:30:00+00:00,401.2300109863281,402.1499938964844,393.29998779296875,394.2799987792969,4799850
2025-03-06 15:30:00+00:00,399.8999938964844,402.0400085449219,398.7799987792969,401.2200012207031,2285216
2025-03-06 16:30:00+00:00,395.6427917480469,400.89990234375,395.19000244140625,399.885009765625,1797907
2025-03-06 17:30:00+00:00,397.2300109863281,398.25,395.3070068359375,395.7200012207031,1487768
2025-03-06 18:30:00+00:00,395.3023986816406,397.5899963378906,394.8800048828125,397.20001220703125,1749188
2025-03-06 19:30:00+00:00,396.9200134277344,397.09991455078125,394.2300109863281,395.29998779296875,2628568
2025-03-06 20:30:00+00:00,397.0299987792969,397.9100036621094,394.95001220703125,396.8800048828125,2311475
2025-03-07 14:30:00+00:00,391.3900146484375,394.79998779296875,391.25,392.0899963378906,4408914
2025-03-07 15:30:00+00:00,387.902587890625,391.80999755859375,387.375,391.385009765625,2742436
2025-03-07 16:30:00+00:00,387.7300109863281,388.260009765625,385.5400085449219,387.9700012207031,2456335
2025-03-07 17:30:00+00:00,390.1700134277344,391.1600036621094,387.1199951171875,387.739990234375,1768973
2025-03-07 18:30:00+00:00,393.6499938964844,394.135009765625,389.80999755859375,390.0400085449219,1696575
2025-03-07 19:30:00+00:00,392.4200134277344,394.25,391.8901062011719,393.6600036621094,1504364
2025-03-07 20:30:00+00:00,393.32000732421875,394.239990234375,390.3500061035156,392.3500061035156,2726312
2025-03-10 13:30:00+00:00,384.95001220703125,386.3999938964844,383.29998779296875,384.1600036621094,4793736
2025-03-10 14:30:00+00:00,380.67999267578125,385.67999267578125,378.9100036621094,384.8900146484375,5116081
2025-03-10 15:30:00+00:00,381.92718505859375,382.3992919921875,380.2149963378906,380.7099914550781,2894999
2025-03-10 16:30:00+00:00,380.5,382.6400146484375,379.8900146484375,381.989990234375,2418051
2025-03-10 17:30:00+00:00,379.9100036621094,380.7200012207031,378.2200012207031,380.54998779296875,2536485
2025-03-10 18:30:00+00:00,378.44500732421875,380.23291015625,377.2300109863281,379.9100036621094,3255757
2025-03-10 19:30:00+00:00,380.239990234375,380.79998779296875,378.4009094238281,378.4100036621094,3982501
2025-03-11 13:30:00+00:00,383.0,383.8599853515625,378.6505126953125,379.0,5783938
2025-03-11 14:30:00+00:00,382.9407958984375,385.9599914550781,381.68011474609375,382.9599914550781,3435330
2025-03-11 15:30:00+00:00,381.17498779296875,383.8988952636719,379.5646057128906,382.95001220703125,2051605
2025-03-11 16:30:00+00:00,377.2099914550781,381.7900085449219,376.9100036621094,381.30499267578125,1861716
2025-03-11 17:30:00+00:00,381.79998779296875,382.54998779296875,377.055908203125,377.1600036621094,1935193
2025-03-11 18:30:00+00:00,383.1199951171875,385.3900146484375,381.2550048828125,381.81500244140625,2655760
2025-03-11 19:30:00+00:00,380.2200012207031,383.3599853515625,380.17999267578125,383.17999267578125,2012368
2025-03-12 13:30:00+00:00,380.489990234375,384.8399963378906,379.4100036621094,382.85198974609375,4734699
2025-03-12 14:30:00+00:00,381.5700988769531,382.1099853515625,378.9507141113281,380.4825134277344,2347197
2025-03-12 15:30:00+00:00,384.06500244140625,384.7536926269531,381.2900085449219,381.6499938964844,1986142
2025-03-12 16:30:00+00:00,384.1449890136719,385.21649169921875,382.8800048828125,384.1499938964844,1657669
2025-03-12 17:30:00+00:00,382.7850036621094,384.3800048828125,381.4599914550781,384.1199951171875,1826002
2025-03-12 18:30:00+00:00,383.2699890136719,385.0,380.6000061035156,382.82000732421875,3565974
2025-03-12 19:30:00+00:00,383.2799987792969,384.3500061035156,382.3894958496094,383.30499267578125,2523290
2025-03-13 13:30:00+00:00,382.4750061035156,385.3099060058594,380.0899963378906,383.1549987792969,4052004
2025-03-13 14:30:00+00:00,379.80999755859375,383.07000732421875,379.6700134277344,382.4917907714844,2098988
2025-03-13 15:30:00+00:00,379.2868957519531,380.5199890136719,378.6864013671875,379.7699890136719,2223144
2025-03-13 16:30:00+00:00,378.760009765625,380.7200012207031,378.04998779296875,379.2749938964844,1958087
2025-03-13 17:30:00+00:00,380.0150146484375,380.0150146484375,377.80010986328125,378.6700134277344,1536625
2025-03-13 18:30:00+00:00,378.82000732421875,380.5050048828125,378.3599853515625,380.010009765625,1605704
2025-03-13 19:30:00+00:00,378.8299865722656,379.0,377.45001220703125,378.82000732421875,2196019
2025-03-14 13:30:00+00:00,381.5350036621094,384.3900146484375,379.510009765625,381.0350036621094,3632759
2025-03-14 14:30:00+00:00,385.2349853515625,385.94000244140625,381.3999938964844,381.5350036621094,2047577
2025-03-14 15:30:00+00:00,386.18499755859375,387.3999938964844,385.07000732421875,385.2799987792969,1850065
2025-03-14 16:30:00+00:00,387.69000244140625,388.29998779296875,385.90350341796875,386.0950012207031,1332648
2025-03-14 17:30:00+00:00,387.05499267578125,387.9599914550781,386.7742919921875,387.66290283203125,1285310
2025-03-14 18:30:00+00:00,388.0899963378906,388.6099853515625,387.07000732421875,387.07000732421875,1536053
2025-03-14 19:30:00+00:00,388.4800109863281,389.7900085449219,387.94000244140625,388.125,2694185
2025-03-17 13:30:00+00:00,389.1449890136719,390.3106994628906,385.92999267578125,386.7699890136719,3148977
2025-03-17 14:30:00+00:00,386.760009765625,389.44000244140625,386.739990234375,389.04998779296875,2098410
2025-03-17 15:30:00+00:00,386.9599914550781,387.4541015625,385.57000732421875,386.7699890136719,1194179
2025-03-17 16:30:00+00:00,388.30999755859375,388.59991455078125,386.9179992675781,387.0,1207593
2025-03-17 17:30:00+00:00,391.7815856933594,392.05999755859375,388.32501220703125,388.3900146484375,1654724
2025-03-17 18:30:00+00:00,391.1922912597656,392.7049865722656,390.7799987792969,391.739990234375,1837084
2025-03-17 19:30:00+00:00,388.7799987792969,391.8999938964844,388.5899963378906,391.1700134277344,2880792
2025-03-18 13:30:00+00:00,384.0,387.3699951171875,382.5,386.1073913574219,3412004
2025-03-18 14:30:00+00:00,382.5,384.1400146484375,382.2099914550781,383.95001220703125,1478924
2025-03-18 15:30:00+00:00,383.5950012207031,384.06500244140625,382.0199890136719,382.5400085449219,1423493
2025-03-18 16:30:00+00:00,382.3804931640625,383.5899963378906,381.1400146484375,383.5299987792969,1488316
2025-03-18 17:30:00+00:00,382.8999938964844,383.42999267578125,381.7601013183594,382.40399169921875,1132081
2025-03-18 18:30:00+00:00,383.0,383.8999938964844,382.5,383.0,1503471
2025-03-18 19:30:00+00:00,383.5799865722656,383.94000244140625,382.3699951171875,383.0299987792969,1734101
2025-03-19 13:30:00+00:00,387.1199951171875,387.9200134277344,384.0,385.5249938964844,3701386
2025-03-19 14:30:00+00:00,386.1499938964844,387.2300109863281,385.3999938964844,387.1400146484375,1121488
2025-03-19 15:30:00+00:00,387.17999267578125,387.9693908691406,385.9700012207031,386.125,1072122
2025-03-19 16:30:00+00:00,385.1499938964844,387.2550048828125,385.05010986328125,387.19000244140625,980802
2025-03-19 17:30:00+00:00,385.6859130859375,387.0,384.6400146484375,385.1099853515625,1409182
2025-03-19 18:30:00+00:00,387.4599914550781,389.67999267578125,385.7200012207031,385.7200012207031,2112792
2025-03-19 19:30:00+00:00,387.7900085449219,388.9700012207031,387.010009765625,387.4700012207031,1927862
2025-03-20 13:30:00+00:00,390.8352966308594,391.5889892578125,383.2900085449219,385.7349853515625,2754872
2025-03-20 14:30:00+00:00,388.489990234375,391.7850036621094,388.4200134277344,390.8550109863281,1513697
2025-03-20 15:30:00+00:00,386.82501220703125,388.94000244140625,386.69000244140625,388.5799865722656,1430172
2025-03-20 16:30:00+00:00,385.6449890136719,387.6099853515625,385.6449890136719,386.8299865722656,1314741
2025-03-20 17:30:00+00:00,384.8399963378906,387.1700134277344,384.7300109863281,385.6499938964844,1191016
2025-03-20 18:30:00+00:00,385.8699951171875,387.10980224609375,384.610107421875,384.8299865722656,1111904
2025-03-20 19:30:00+00:00,386.80999755859375,388.1400146484375,385.6400146484375,385.885009765625,2519603
2025-03-21 13:30:00+00:00,384.8500061035156,385.7799987792969,383.0,384.9150085449219,8617188
2025-03-21 14:30:00+00:00,383.9049987792969,385.1400146484375,383.6050109863281,384.79901123046875,1496425
2025-03-21 15:30:00+00:00,385.55999755859375,385.92999267578125,382.8500061035156,383.90411376953125,2900455
2025-03-21 16:30:00+00:00,384.7099914550781,386.20001220703125,384.45001220703125,385.5400085449219,1349854
2025-03-21 17:30:00+00:00,385.260009765625,386.7200012207031,384.44000244140625,384.7300109863281,1358361
2025-03-21 18:30:00+00:00,385.5150146484375,386.3099060058594,385.1099853515625,385.2641906738281,1979907
2025-03-21 19:30:00+00:00,391.30999755859375,391.739990234375,385.1400146484375,385.489990234375,5848330
2025-03-24 13:30:00+00:00,391.74200439453125,395.3999938964844,389.80999755859375,395.3999938964844,5170719
2025-03-24 14:30:00+00:00,393.0458068847656,393.3399963378906,391.19171142578125,391.739990234375,1721432
2025-03-24 15:30:00+00:00,392.57659912109375,393.4631042480469,392.3900146484375,393.0199890136719,2012907
2025-03-24 16:30:00+00:00,392.54998779296875,393.0,391.9100036621094,392.4800109863281,1140285
2025-03-24 17:30:00+00:00,392.0,392.70001220703125,391.6700134277344,392.5400085449219,1027383
2025-03-24 18:30:00+00:00,392.8699951171875,393.1499938964844,391.69000244140625,391.9949951171875,1480259
2025-03-24 19:30:00+00:00,392.9100036621094,393.7489929199219,392.2799987792969,392.8800048828125,2712334
2025-03-25 13:30:00+00:00,394.9934997558594,395.79998779296875,392.6400146484375,393.9150085449219,3508809
2025-03-25 14:30:00+00:00,395.4100036621094,396.3599853515625,394.14300537109375,394.92999267578125,1571892
2025-03-25 15:30:00+00:00,394.4049987792969,395.4599914550781,394.05999755859375,395.43499755859375,1128760
2025-03-25 16:30:00+00:00,394.5950012207031,394.8900146484375,393.0799865722656,394.3800048828125,948055
2025-03-25 17:30:00+00:00,395.3399963378906,395.7300109863281,394.3999938964844,394.5899963378906,911508
2025-03-25 18:30:00+00:00,393.9599914550781,395.4599914550781,393.3550109863281,395.3900146484375,1288762
2025-03-25 19:30:00+00:00,395.1000061035156,395.4200134277344,393.94000244140625,393.94000244140625,1604650
2025-03-26 13:30:00+00:00,392.989990234375,395.30999755859375,392.17999267578125,395.010009765625,3450189
2025-03-26 14:30:00+00:00,393.82501220703125,394.6099853515625,392.57000732421875,392.94000244140625,1308503
2025-03-26 15:30:00+00:00,392.80999755859375,394.18499755859375,392.1400146484375,393.80999755859375,1397758
2025-03-26 16:30:00+00:00,391.7200012207031,393.1239929199219,391.4700012207031,392.7799987792969,1192848
2025-03-26 17:30:00+00:00,390.30999755859375,391.67999267578125,389.8299865722656,391.6449890136719,1276603
2025-03-26 18:30:00+00:00,389.39630126953125,390.45001220703125,388.57000732421875,390.30999755859375,1560893
2025-03-26 19:30:00+00:00,389.82000732421875,390.5636901855469,389.2300109863281,389.4700012207031,1913921
2025-03-27 13:30:00+00:00,390.70001220703125,391.20001220703125,387.3999938964844,390.1300048828125,2967202
2025-03-27 14:30:00+00:00,390.6300048828125,391.19000244140625,389.6700134277344,390.7300109863281,1276207
2025-03-27 15:30:00+00:00,390.67999267578125,391.7900085449219,389.7099914550781,390.6300048828125,908662
2025-03-27 16:30:00+00:00,389.82000732421875,391.43499755859375,389.4100036621094,390.7200012207031,1062729
2025-03-27 17:30:00+00:00,390.989990234375,391.2300109863281,389.5950012207031,389.7799987792969,1022181
2025-03-27 18:30:00+00:00,392.0,392.239990234375,390.8699951171875,391.0050048828125,932198
2025-03-27 19:30:00+00:00,390.5299987792969,392.0141906738281,390.18109130859375,392.0141906738281,1535159
2025-03-28 13:30:00+00:00,384.32501220703125,389.1300048828125,384.1700134277344,388.0799865722656,2961124
2025-03-28 14:30:00+00:00,382.6199951171875,384.79730224609375,381.4700012207031,384.3299865722656,2096208
2025-03-28 15:30:00+00:00,380.664794921875,383.0450134277344,380.54998779296875,382.56500244140625,1471225
2025-03-28 16:30:00+00:00,377.6400146484375,381.1134948730469,377.6000061035156,380.614990234375,2524365
2025-03-28 17:30:00+00:00,379.3699951171875,379.619384765625,377.3999938964844,377.6400146484375,1872327
2025-03-28 18:30:00+00:00,377.74578857421875,379.6300048828125,377.4914855957031,379.3699951171875,2217488
2025-03-28 19:30:00+00:00,378.82000732421875,379.5400085449219,376.92999267578125,377.864990234375,3022265
2025-03-31 13:30:00+00:00,367.8340148925781,372.7518005371094,367.6300048828125,372.5350036621094,6476947
2025-03-31 14:30:00+00:00,369.3399963378906,369.9700012207031,367.239990234375,367.7950134277344,3133015
2025-03-31 15:30:00+00:00,371.989990234375,372.0,368.9100036621094,369.2799987792969,2004504
2025-03-31 16:30:00+00:00,371.2300109863281,372.42999267578125,369.67999267578125,371.98919677734375,2129377
2025-03-31 17:30:00+00:00,372.43499755859375,373.0400085449219,370.1199951171875,371.25,1650219
2025-03-31 18:30:00+00:00,372.8699951171875,374.0400085449219,371.5,372.43499755859375,1816197
2025-03-31 19:30:00+00:00,374.8699951171875,377.05999755859375,372.75,372.8800048828125,5345776
2025-04-01 13:30:00+00:00,377.5199890136719,378.67999267578125,373.2300109863281,374.6549987792969,4630533
2025-04-01 14:30:00+00:00,381.1099853515625,381.8900146484375,377.32379150390625,377.4750061035156,2482993
2025-04-01 15:30:00+00:00,380.80999755859375,382.32501220703125,380.0299987792969,381.1549987792969,1720989
2025-04-01 16:30:00+00:00,380.86590576171875,381.70001220703125,379.6499938964844,380.7799987792969,1288762
2025-04-01 17:30:00+00:00,378.69000244140625,381.260009765625,378.2799987792969,380.82501220703125,1281073
2025-04-01 18:30:00+00:00,380.42498779296875,380.9100036621094,378.6300048828125,378.7699890136719,1377331
2025-04-01 19:30:00+00:00,382.0799865722656,382.8500061035156,380.25,380.42498779296875,2432467
2025-04-02 13:30:00+00:00,381.4949951171875,382.4599914550781,376.6199951171875,377.9649963378906,2909437
2025-04-02 14:30:00+00:00,382.4599914550781,382.6700134277344,380.8800048828125,381.4700012207031,1482457
2025-04-02 15:30:00+00:00,383.2550048828125,383.2550048828125,380.239990234375,382.3999938964844,1326983
2025-04-02 16:30:00+00:00,383.9800109863281,385.0799865722656,382.19000244140625,383.2550048828125,1298372
2025-04-02 17:30:00+00:00,380.45001220703125,384.0199890136719,380.4200134277344,383.9649963378906,1586243
2025-04-02 18:30:00+00:00,382.3500061035156,382.44000244140625,380.260009765625,380.3599853515625,1359117
2025-04-02 19:30:00+00:00,382.1099853515625,384.0299987792969,381.95001220703125,382.364990234375,2324716
2025-04-03 13:30:00+00:00,373.5249938964844,375.989990234375,369.3500061035156,374.7850036621094,7937127
2025-04-03 14:30:00+00:00,374.1600036621094,374.989990234375,371.1700134277344,373.489990234375,3146206
2025-04-03 15:30:00+00:00,376.8450012207031,376.8800048828125,373.8158874511719,374.0400085449219,2210651
2025-04-03 16:30:00+00:00,375.760009765625,377.45001220703125,375.7200012207031,376.8699951171875,1762442
2025-04-03 17:30:00+00:00,375.4549865722656,377.10418701171875,375.02130126953125,375.75,2215640
2025-04-03 18:30:00+00:00,374.9100036621094,376.2300109863281,373.7799987792969,375.4750061035156,2384478
2025-04-03 19:30:00+00:00,373.1199951171875,375.7799987792969,372.6099853515625,374.9100036621094,3563727
2025-04-04 13:30:00+00:00,370.54791259765625,374.5899963378906,364.0,364.125,11335072
2025-04-04 14:30:00+00:00,366.7749938964844,372.8500061035156,365.510986328125,370.50750732421875,7325880
2025-04-04 15:30:00+00:00,364.6050109863281,370.3299865722656,364.20001220703125,366.7799987792969,3343059
2025-04-04 16:30:00+00:00,364.502685546875,365.989990234375,362.8500061035156,364.5,3294797
2025-04-04 17:30:00+00:00,362.6600036621094,366.67999267578125,362.25,364.5450134277344,3032637
2025-04-04 18:30:00+00:00,363.2699890136719,364.32000732421875,360.0899963378906,362.6943054199219,4126799
2025-04-04 19:30:00+00:00,359.75,365.8999938964844,359.489990234375,363.2699890136719,5294801
2025-04-07 13:30:00+00:00,355.1524963378906,370.9999084472656,344.7900085449219,352.75,16300930
2025-04-07 14:30:00+00:00,352.9949951171875,362.0899963378906,350.010009765625,355.2200012207031,6891340
2025-04-07 15:30:00+00:00,356.0249938964844,358.70001220703125,352.80999755859375,352.9049987792969,3394371
2025-04-07 16:30:00+00:00,359.1300048828125,359.3299865722656,352.1600036621094,355.92999267578125,3301512
2025-04-07 17:30:00+00:00,357.9200134277344,361.6400146484375,357.0299987792969,359.1300048828125,3922602
2025-04-07 18:30:00+00:00,355.2650146484375,361.0,355.0400085449219,357.9800109863281,3666021
2025-04-07 19:30:00+00:00,357.75,358.9100036621094,354.80999755859375,355.2650146484375,3966753
2025-04-08 13:30:00+00:00,372.1199951171875,373.6499938964844,366.8999938964844,368.2550048828125,8394253
2025-04-08 14:30:00+00:00,367.0050048828125,372.5199890136719,366.8699951171875,372.1199951171875,3623284
2025-04-08 15:30:00+00:00,364.6265869140625,369.239990234375,363.0,367.0799865722656,2430922
2025-04-08 16:30:00+00:00,358.4649963378906,365.0,358.1499938964844,364.69000244140625,3327105
2025-04-08 17:30:00+00:00,358.29998779296875,362.6400146484375,357.94000244140625,358.4649963378906,2482062
2025-04-08 18:30:00+00:00,355.90850830078125,361.3699951171875,353.0299987792969,358.3900146484375,3235607
2025-04-08 19:30:00+00:00,355.57000732421875,356.010009765625,350.25,355.8699951171875,4809554
2025-04-09 13:30:00+00:00,361.0450134277344,363.0647888183594,353.30999755859375,353.3800048828125,6235376
2025-04-09 14:30:00+00:00,361.0400085449219,362.9599914550781,357.3699951171875,361.0400085449219,2924725
2025-04-09 15:30:00+00:00,363.7499084472656,364.6700134277344,359.42999267578125,361.07000732421875,2760921
2025-04-09 16:30:00+00:00,379.05999755859375,384.70001220703125,362.9200134277344,363.68499755859375,6419894
2025-04-09 17:30:00+00:00,385.1199951171875,387.07000732421875,369.5,379.0899963378906,7834275
2025-04-09 18:30:00+00:00,387.8399963378906,388.79998779296875,382.0899963378906,385.135009765625,4585044
2025-04-09 19:30:00+00:00,390.42999267578125,393.2250061035156,387.5220031738281,387.7950134277344,6338154
2025-04-10 13:30:00+00:00,377.7699890136719,383.8999938964844,377.6099853515625,382.3699951171875,6160944
2025-04-10 14:30:00+00:00,377.54998779296875,381.24530029296875,377.0400085449219,377.7699890136719,2981830
2025-04-10 15:30:00+00:00,369.572509765625,378.04998779296875,367.82000732421875,377.510009765625,4005125
2025-04-10 16:30:00+00:00,373.9949951171875,377.8299865722656,369.010009765625,369.4800109863281,3478100
2025-04-10 17:30:00+00:00,379.5350036621094,379.8399963378906,373.2149963378906,373.9849853515625,3482786
2025-04-10 18:30:00+00:00,379.6000061035156,383.5299987792969,376.70001220703125,379.54998779296875,4562815
2025-04-10 19:30:00+00:00,381.1400146484375,383.1499938964844,377.3800048828125,379.6199951171875,4111100
2025-04-11 13:30:00+00:00,379.5950012207031,386.0299987792969,378.8900146484375,380.635009765625,4269507
2025-04-11 14:30:00+00:00,382.57000732421875,385.1199951171875,379.1600036621094,379.54998779296875,2280322
2025-04-11 15:30:00+00:00,386.2099914550781,387.54998779296875,382.1300048828125,382.44000244140625,2324844
2025-04-11 16:30:00+00:00,385.42999267578125,388.1000061035156,384.9949951171875,386.2099914550781,1877397
2025-04-11 17:30:00+00:00,388.3500061035156,390.04998779296875,384.9599914550781,385.510009765625,2167783
2025-04-11 18:30:00+00:00,388.3999938964844,389.7799987792969,387.8699951171875,388.3299865722656,1802390
2025-04-11 19:30:00+00:00,387.989990234375,389.4599914550781,387.4599914550781,388.4800109863281,3152602
2025-04-14 13:30:00+00:00,392.92999267578125,393.2200012207031,390.5199890136719,393.2200012207031,3953371
2025-04-14 14:30:00+00:00,388.67999267578125,394.6400146484375,388.610107421875,392.9599914550781,1999256
2025-04-14 15:30:00+00:00,385.80999755859375,389.7900085449219,384.5563049316406,388.7275085449219,2406231
2025-04-14 16:30:00+00:00,386.3299865722656,387.2799987792969,384.2099914550781,385.8500061035156,1499087
2025-04-14 17:30:00+00:00,388.4825134277344,388.7550048828125,385.5799865722656,386.3500061035156,1175053
2025-04-14 18:30:00+00:00,389.340087890625,390.3118896484375,388.05999755859375,388.42999267578125,2146037
2025-04-14 19:30:00+00:00,388.04998779296875,389.71990966796875,387.2149963378906,389.3500061035156,1882216
2025-04-15 13:30:00+00:00,386.8800048828125,391.8900146484375,385.8999938964844,388.5050048828125,3719902
2025-04-15 14:30:00+00:00,387.8800048828125,389.57000732421875,386.82000732421875,386.9100036621094,2181431
2025-04-15 15:30:00+00:00,388.3900146484375,388.7900085449219,386.3550109863281,387.82501220703125,1784589
2025-04-15 16:30:00+00:00,384.7900085449219,388.55999755859375,384.5,388.3450012207031,1414660
2025-04-15 17:30:00+00:00,385.67999267578125,386.0,384.5,384.79998779296875,1224280
2025-04-15 18:30:00+00:00,385.489990234375,386.4200134277344,384.760009765625,385.6700134277344,1408824
2025-04-15 19:30:00+00:00,385.60400390625,386.2099914550781,384.2099914550781,385.4815979003906,1750182
2025-04-16 13:30:00+00:00,378.635009765625,381.6099853515625,375.8999938964844,380.4949951171875,3564334
2025-04-16 14:30:00+00:00,379.6300048828125,380.06658935546875,377.7699890136719,378.6600036621094,1832861
2025-04-16 15:30:00+00:00,377.3550109863281,379.69000244140625,376.42999267578125,379.69000244140625,1422317
2025-04-16 16:30:00+00:00,377.489990234375,377.75,376.25,377.30999755859375,1131709
2025-04-16 17:30:00+00:00,373.1300048828125,377.5400085449219,372.010009765625,377.510009765625,2656695
2025-04-16 18:30:00+00:00,368.6400146484375,373.2099914550781,368.20001220703125,373.07000732421875,2466266
2025-04-16 19:30:00+00:00,371.6099853515625,372.20001220703125,368.4100036621094,368.6499938964844,3536103
2025-04-17 13:30:00+00:00,370.31500244140625,374.3215026855469,369.5899963378906,373.44000244140625,4962523
2025-04-17 14:30:00+00:00,370.3949890136719,372.4599914550781,368.625,370.3399963378906,1959447
2025-04-17 15:30:00+00:00,371.8299865722656,372.5299987792969,370.340087890625,370.45001220703125,1567911
2025-04-17 16:30:00+00:00,370.29998779296875,372.20001220703125,369.79998779296875,371.875,1805839
2025-04-17 17:30:00+00:00,370.5799865722656,371.9200134277344,370.3399963378906,370.3399963378906,1785322
2025-04-17 18:30:00+00:00,368.4100036621094,371.1600036621094,367.75,370.5799865722656,2473898
2025-04-17 19:30:00+00:00,367.6000061035156,369.010009765625,366.8900146484375,368.4700012207031,2395861
2025-04-21 13:30:00+00:00,360.239990234375,364.4800109863281,359.55999755859375,363.1199951171875,3180717
2025-04-21 14:30:00+00:00,359.54998779296875,361.5299987792969,359.44000244140625,360.2200012207031,1882631
2025-04-21 15:30:00+00:00,358.25689697265625,359.760009765625,357.75,359.510009765625,2021684
2025-04-21 16:30:00+00:00,358.5400085449219,359.69000244140625,358.17999267578125,358.20001220703125,1417594
2025-04-21 17:30:00+00:00,357.3599853515625,358.95001220703125,356.8999938964844,358.489990234375,1245593
2025-04-21 18:30:00+00:00,357.0450134277344,357.92999267578125,355.6737976074219,357.3900146484375,1659057
2025-04-21 19:30:00+00:00,359.1400146484375,359.75,357.0249938964844,357.0899963378906,2440055
2025-04-22 13:30:00+00:00,362.8599853515625,363.5,359.8601989746094,363.4200134277344,3345439
2025-04-22 14:30:00+00:00,364.2300109863281,365.1199951171875,362.239990234375,362.93499755859375,1843433
2025-04-22 15:30:00+00:00,367.43499755859375,367.760009765625,363.7019958496094,364.20001220703125,1727623
2025-04-22 16:30:00+00:00,363.6449890136719,367.7200012207031,363.42999267578125,367.3948974609375,1677155
2025-04-22 17:30:00+00:00,365.5400085449219,365.9200134277344,362.7699890136719,363.6400146484375,1430454
2025-04-22 18:30:00+00:00,364.55859375,366.9100036621094,364.2699890136719,365.5400085449219,1668559
2025-04-22 19:30:00+00:00,366.739990234375,367.3800048828125,364.25,364.4800109863281,2181455
2025-04-23 13:30:00+00:00,378.8699951171875,379.9800109863281,375.2644958496094,376.29998779296875,5169715
2025-04-23 14:30:00+00:00,376.79998779296875,380.3900146484375,376.0,378.82000732421875,2199835
2025-04-23 15:30:00+00:00,375.0799865722656,377.1700134277344,373.6400146484375,376.8299865722656,1430413
2025-04-23 16:30:00+00:00,377.0,377.7699890136719,374.75,375.1099853515625,1307025
2025-04-23 17:30:00+00:00,375.9721984863281,378.0,375.82000732421875,377.04998779296875,1233031
2025-04-23 18:30:00+00:00,374.3299865722656,376.69000244140625,373.8299865722656,376.0199890136719,1403697
2025-04-23 19:30:00+00:00,374.04998779296875,375.7799987792969,373.0299987792969,374.2699890136719,2703787
2025-04-24 13:30:00+00:00,382.9649963378906,383.0899963378906,375.19000244140625,375.989990234375,3177318
2025-04-24 14:30:00+00:00,383.5849914550781,384.4599914550781,382.55999755859375,382.95001220703125,2017293
2025-04-24 15:30:00+00:00,384.5799865722656,385.1099853515625,382.73809814453125,383.6499938964844,1555154
2025-04-24 16:30:00+00:00,385.05999755859375,385.17999267578125,383.70001220703125,384.510009765625,1651609
2025-04-24 17:30:00+00:00,386.22918701171875,386.25,384.5400085449219,385.0718078613281,1612802
2025-04-24 18:30:00+00:00,385.79998779296875,387.5899963378906,385.79998779296875,386.2200012207031,1941595
2025-04-24 19:30:00+00:00,387.2699890136719,388.45001220703125,385.7799987792969,385.8598937988281,2841112
2025-04-25 13:30:00+00:00,386.1099853515625,389.2250061035156,384.6000061035156,387.0,3043501
2025-04-25 14:30:00+00:00,386.9849853515625,387.8900146484375,385.3699951171875,386.1199951171875,1130366
2025-04-25 15:30:00+00:00,388.0486145019531,388.20001220703125,386.2401123046875,387.0199890136719,950045
2025-04-25 16:30:00+00:00,390.55999755859375,390.8999938964844,387.6549987792969,387.9984130859375,2353378
2025-04-25 17:30:00+00:00,390.31500244140625,390.6499938964844,389.0199890136719,390.55999755859375,1764828
2025-04-25 18:30:00+00:00,390.510009765625,391.04998779296875,389.7900085449219,390.260009765625,1371483
2025-04-25 19:30:00+00:00,391.6199951171875,392.1600036621094,389.94000244140625,390.3699951171875,2300428
2025-04-28 13:30:00+00:00,389.44500732421875,392.0,387.6499938964844,391.6600036621094,3646324
2025-04-28 14:30:00+00:00,388.1700134277344,390.8900146484375,387.7300109863281,389.4750061035156,1419217
2025-04-28 15:30:00+00:00,386.989990234375,388.8599853515625,386.70849609375,388.1700134277344,976009
2025-04-28 16:30:00+00:00,387.1400146484375,388.2799987792969,386.63800048828125,387.0400085449219,890290
2025-04-28 17:30:00+00:00,390.92999267578125,391.0119934082031,386.95001220703125,387.1400146484375,1341507
2025-04-28 18:30:00+00:00,391.4700012207031,392.0,390.2300109863281,390.9599914550781,1351389
2025-04-28 19:30:00+00:00,391.1600036621094,392.739990234375,390.8900146484375,391.5199890136719,1838512
2025-04-29 13:30:00+00:00,393.57000732421875,394.8299865722656,390.3800048828125,391.29998779296875,2713041
2025-04-29 14:30:00+00:00,393.1549987792969,394.82000732421875,392.489990234375,393.5799865722656,1291405
2025-04-29 15:30:00+00:00,393.3999938964844,394.1300048828125,392.1199951171875,393.1650085449219,851380
2025-04-29 16:30:00+00:00,392.6099853515625,393.7273864746094,391.3500061035156,393.4837951660156,965993
2025-04-29 17:30:00+00:00,394.0799865722656,394.20001220703125,392.510009765625,392.659912109375,1154574
2025-04-29 18:30:00+00:00,394.0,394.4200134277344,393.3599853515625,394.0849914550781,1273823
2025-04-29 19:30:00+00:00,393.9800109863281,395.0,393.45001220703125,394.0,1994958
2025-04-30 13:30:00+00:00,388.5050048828125,390.30499267578125,384.44000244140625,390.30499267578125,5503097
2025-04-30 14:30:00+00:00,390.44000244140625,390.7699890136719,387.54998779296875,388.5050048828125,1920679
2025-04-30 15:30:00+00:00,389.3999938964844,391.0400085449219,389.2200012207031,390.44000244140625,1663770
2025-04-30 16:30:00+00:00,390.0400085449219,390.5299987792969,387.9800109863281,389.3900146484375,1654216
2025-04-30 17:30:00+00:00,390.5799865722656,392.82000732421875,389.80999755859375,390.0400085449219,1854632
2025-04-30 18:30:00+00:00,390.2200012207031,391.17498779296875,389.3999938964844,390.5799865722656,2119834
2025-04-30 19:30:00+00:00,392.3999938964844,396.6499938964844,389.8900146484375,390.239990234375,5565135
2025-05-01 13:30:00+00:00,431.135009765625,436.989990234375,428.55999755859375,431.1099853515625,23899164
2025-05-01 14:30:00+00:00,432.25,433.57000732421875,430.010009765625,431.07000732421875,7082494
2025-05-01 15:30:00+00:00,429.29998779296875,432.2900085449219,427.8275146484375,432.20001220703125,5449302
2025-05-01 16:30:00+00:00,429.0799865722656,430.3399963378906,427.6400146484375,429.2699890136719,3391893
2025-05-01 17:30:00+00:00,429.9114074707031,431.1400146484375,427.9649963378906,429.0950012207031,3338250
2025-05-01 18:30:00+00:00,429.989990234375,431.8999938964844,429.79998779296875,429.9100036621094,3458119
2025-05-01 19:30:00+00:00,425.1300048828125,430.3800048828125,424.9200134277344,429.989990234375,5249357
2025-05-02 13:30:00+00:00,437.8500061035156,439.44000244140625,429.9849853515625,431.7099914550781,10160256
2025-05-02 14:30:00+00:00,434.8999938964844,437.8999938964844,434.17999267578125,437.8900146484375,3551306
2025-05-02 15:30:00+00:00,437.1300048828125,438.19000244140625,433.9382019042969,434.9049987792969,2746092
2025-05-02 16:30:00+00:00,436.510009765625,438.1700134277344,436.1099853515625,437.1300048828125,1976788
2025-05-02 17:30:00+00:00,436.21051025390625,437.30999755859375,435.6300964355469,436.4700012207031,1822505
2025-05-02 18:30:00+00:00,435.68499755859375,436.7300109863281,434.7699890136719,436.19500732421875,3510278
2025-05-02 19:30:00+00:00,435.1000061035156,435.9700012207031,434.6000061035156,435.65960693359375,2775337
2025-05-05 13:30:00+00:00,435.0899963378906,437.1700134277344,432.1130065917969,432.7569885253906,3618977
2025-05-05 14:30:00+00:00,436.5,438.05999755859375,434.4700012207031,435.1942138671875,1845412
2025-05-05 15:30:00+00:00,439.31500244140625,439.3800048828125,436.385009765625,436.5899963378906,1487599
2025-05-05 16:30:00+00:00,438.885009765625,439.5,438.6099853515625,439.28009033203125,1409534
2025-05-05 17:30:00+00:00,437.7850036621094,439.01971435546875,437.75,438.8599853515625,1448537
2025-05-05 18:30:00+00:00,436.8500061035156,438.6499938964844,436.7699890136719,437.79998779296875,1263082
2025-05-05 19:30:00+00:00,436.0199890136719,437.6700134277344,435.1000061035156,436.8299865722656,1890913
2025-05-06 13:30:00+00:00,434.8500061035156,435.1000061035156,432.3399963378906,432.92999267578125,3694678
2025-05-06 14:30:00+00:00,436.3399963378906,436.44940185546875,434.6000061035156,434.8900146484375,1416116
2025-05-06 15:30:00+00:00,435.9652099609375,437.7300109863281,435.07000732421875,436.3125,1274006
2025-05-06 16:30:00+00:00,435.8861083984375,436.8800048828125,435.55120849609375,435.9599914550781,1072379
2025-05-06 17:30:00+00:00,435.75,436.239990234375,434.3500061035156,435.8500061035156,1008009
2025-05-06 18:30:00+00:00,435.4800109863281,436.0,434.57000732421875,435.635009765625,1028665
2025-05-06 19:30:00+00:00,433.2900085449219,435.7699890136719,433.2200012207031,435.4800109863281,1536819
2025-05-07 13:30:00+00:00,435.2349853515625,435.7099914550781,432.3299865722656,433.8399963378906,3829406
2025-05-07 14:30:00+00:00,433.25048828125,435.5199890136719,431.11029052734375,435.3699951171875,2574321
2025-05-07 15:30:00+00:00,434.30499267578125,434.7200012207031,432.7699890136719,433.2550048828125,1223148
2025-05-07 16:30:00+00:00,435.635009765625,436.19000244140625,434.2799987792969,434.3399963378906,1297650
2025-05-07 17:30:00+00:00,433.4800109863281,435.8299865722656,432.1506042480469,435.6400146484375,1255931
2025-05-07 18:30:00+00:00,433.8399963378906,436.29998779296875,432.9800109863281,433.510009765625,1594788
2025-05-07 19:30:00+00:00,433.489990234375,438.1199951171875,433.0,433.9200134277344,2472620
2025-05-08 13:30:00+00:00,437.739990234375,441.1000061035156,436.5,437.92999267578125,6215915
2025-05-08 14:30:00+00:00,439.8900146484375,440.9689025878906,435.6600036621094,437.80999755859375,1963412
2025-05-08 15:30:00+00:00,442.09649658203125,443.489990234375,439.4599914550781,440.0,2548336
2025-05-08 16:30:00+00:00,443.5350036621094,443.6700134277344,441.81500244140625,442.04998779296875,1368501
2025-05-08 17:30:00+00:00,442.3299865722656,443.5899963378906,441.79998779296875,443.5400085449219,1737946
2025-05-08 18:30:00+00:00,442.1199951171875,443.375,441.2344970703125,442.2632141113281,1489862
2025-05-08 19:30:00+00:00,438.2510070800781,442.17999267578125,437.6700134277344,442.1700134277344,2509683
2025-05-09 13:30:00+00:00,437.2950134277344,440.5799865722656,436.9027099609375,440.2799987792969,4951202
2025-05-09 14:30:00+00:00,437.3599853515625,437.92999267578125,436.239990234375,437.30999755859375,1212041
2025-05-09 15:30:00+00:00,436.45001220703125,437.760009765625,435.8800048828125,437.1499938964844,1084089
2025-05-09 16:30:00+00:00,436.7799987792969,437.2799987792969,436.1499938964844,436.3699951171875,789790
2025-05-09 17:30:00+00:00,437.9200134277344,438.2099914550781,436.45001220703125,436.7850036621094,965438
2025-05-09 18:30:00+00:00,439.0400085449219,439.7200012207031,437.8299865722656,437.8900146484375,1357505
2025-05-09 19:30:00+00:00,438.8500061035156,439.4599914550781,438.42999267578125,439.0799865722656,1482937
2025-05-12 13:30:00+00:00,443.92999267578125,446.0400085449219,439.7799987792969,444.92999267578125,6429733
2025-05-12 14:30:00+00:00,443.7449951171875,444.4200134277344,442.4639892578125,443.94000244140625,1945650
2025-05-12 15:30:00+00:00,444.0,444.29998779296875,442.7250061035156,443.760009765625,1317847
2025-05-12 16:30:00+00:00,446.32000732421875,447.1400146484375,443.80999755859375,443.80999755859375,1703225
2025-05-12 17:30:00+00:00,447.8999938964844,448.0899963378906,446.32501220703125,446.32501220703125,1394765
2025-05-12 18:30:00+00:00,447.0,448.4100036621094,446.67401123046875,447.92498779296875,1516702
2025-05-12 19:30:00+00:00,449.1600036621094,449.29998779296875,445.8500061035156,447.0199890136719,3123878
2025-05-13 13:30:00+00:00,448.7643127441406,450.6733093261719,445.3599853515625,447.989990234375,4533667
2025-05-13 14:30:00+00:00,448.114990234375,449.0950012207031,446.6300048828125,448.7799987792969,3566612
2025-05-13 15:30:00+00:00,447.80999755859375,448.777587890625,447.2699890136719,448.0799865722656,2720069
2025-05-13 16:30:00+00:00,448.4949951171875,449.2200012207031,447.5610046386719,447.7699890136719,1318590
2025-05-13 17:30:00+00:00,447.3900146484375,449.30999755859375,447.3900146484375,448.5006103515625,1429493
2025-05-13 18:30:00+00:00,449.3900146484375,449.489990234375,447.3500061035156,447.45001220703125,1749355
2025-05-13 19:30:00+00:00,448.9100036621094,450.1549987792969,448.55999755859375,449.3900146484375,2944046
2025-05-14 13:30:00+00:00,452.8599853515625,453.739990234375,448.2300109863281,448.2699890136719,4881232
2025-05-14 14:30:00+00:00,452.69500732421875,453.8999938964844,451.6199951171875,452.9100036621094,2202521
2025-05-14 15:30:00+00:00,452.3399963378906,453.55999755859375,451.79998779296875,452.7099914550781,1631234
2025-05-14 16:30:00+00:00,450.7650146484375,452.5285949707031,450.0299987792969,452.3252868652344,1035778
2025-05-14 17:30:00+00:00,451.5400085449219,451.8500061035156,450.4028015136719,450.82000732421875,883694
2025-05-14 18:30:00+00:00,451.2799987792969,452.6099853515625,450.9549865722656,451.5199890136719,1347004
2025-05-14 19:30:00+00:00,452.8999938964844,453.29998779296875,451.239990234375,451.260009765625,2914094
2025-05-15 13:30:00+00:00,453.6405029296875,454.25,450.43011474609375,450.7650146484375,3219468
2025-05-15 14:30:00+00:00,454.9263000488281,455.510009765625,452.2900085449219,453.7200012207031,2331143
2025-05-15 15:30:00+00:00,455.25799560546875,455.9800109863281,454.2200927734375,454.92999267578125,1854694
2025-05-15 16:30:00+00:00,456.029296875,456.19000244140625,454.75,455.25,2098882
2025-05-15 17:30:00+00:00,453.5950012207031,456.04998779296875,452.69000244140625,456.010009765625,1723217
2025-05-15 18:30:00+00:00,451.3599853515625,454.2099914550781,451.0899963378906,453.54010009765625,1554771
2025-05-15 19:30:00+00:00,453.04998779296875,453.6700134277344,451.4100036621094,451.4100036621094,2932018
2025-05-16 13:30:00+00:00,449.6199951171875,453.0,449.1700134277344,452.3550109863281,5707030
2025-05-16 14:30:00+00:00,449.7300109863281,450.3900146484375,448.7369079589844,449.57000732421875,1744181
2025-05-16 15:30:00+00:00,450.65008544921875,450.79998779296875,449.3949890136719,449.75,2572333
2025-05-16 16:30:00+00:00,450.5375061035156,450.8800048828125,449.79998779296875,450.7149963378906,1493635
2025-05-16 17:30:00+00:00,452.8299865722656,453.260009765625,450.5899963378906,450.6300048828125,1541183
2025-05-16 18:30:00+00:00,453.0,453.45001220703125,452.4710998535156,452.8800048828125,1306543
2025-05-16 19:30:00+00:00,454.260009765625,454.3500061035156,451.7701110839844,452.9599914550781,2743204
2025-05-19 13:30:00+00:00,455.7900085449219,458.6600036621094,450.875,450.875,5292542
2025-05-19 14:30:00+00:00,456.69000244140625,457.44000244140625,455.4200134277344,455.7099914550781,2426229
2025-05-19 15:30:00+00:00,458.07000732421875,458.1000061035156,456.6199951171875,456.6300048828125,1443629
2025-05-19 16:30:00+00:00,458.739990234375,459.5849914550781,457.6369934082031,458.1000061035156,2007982
2025-05-19 17:30:00+00:00,458.05999755859375,459.3500061035156,457.82501220703125,458.760009765625,1166840
2025-05-19 18:30:00+00:00,458.07501220703125,458.7099914550781,457.6300048828125,458.010009765625,1123480
2025-05-19 19:30:00+00:00,458.8599853515625,459.0799865722656,457.18609619140625,458.05999755859375,1755798
2025-05-20 13:30:00+00:00,455.510009765625,457.05999755859375,454.3200988769531,455.5899963378906,3493900
2025-05-20 14:30:00+00:00,456.2099914550781,456.7300109863281,455.0849914550781,455.44000244140625,2494806
2025-05-20 15:30:00+00:00,456.5899963378906,456.67999267578125,455.69500732421875,456.239990234375,859510
2025-05-20 16:30:00+00:00,457.3550109863281,457.55999755859375,456.5899963378906,456.6099853515625,1051240
2025-05-20 17:30:00+00:00,455.2799987792969,457.4599914550781,455.010009765625,457.3699951171875,1092825
2025-05-20 18:30:00+00:00,456.625,456.95001220703125,455.04998779296875,455.260009765625,1280293
2025-05-20 19:30:00+00:00,458.3299865722656,458.3399963378906,456.5249938964844,456.6400146484375,1765524
2025-05-21 13:30:00+00:00,455.94500732421875,457.5,454.25,454.94000244140625,3826640
2025-05-21 14:30:00+00:00,456.9150085449219,457.2449951171875,455.239990234375,456.0,1598782
2025-05-21 15:30:00+00:00,456.9200134277344,457.7799987792969,456.4599914550781,456.9150085449219,1478012
2025-05-21 16:30:00+00:00,452.4549865722656,457.1600036621094,452.3699951171875,456.9700012207031,1904501
2025-05-21 17:30:00+00:00,453.7250061035156,454.8999938964844,451.8139953613281,452.45001220703125,1753785
2025-05-21 18:30:00+00:00,452.3500061035156,454.67999267578125,451.9316101074219,453.7250061035156,1505337
2025-05-21 19:30:00+00:00,452.3800048828125,454.0899963378906,452.3800048828125,452.4100036621094,1828265
2025-05-22 13:30:00+00:00,457.80999755859375,460.2449951171875,454.1600036621094,455.31500244140625,4547459
2025-05-22 14:30:00+00:00,455.0899963378906,458.5,455.07440185546875,457.79998779296875,1872542
2025-05-22 15:30:00+00:00,456.3004150390625,456.875,454.8900146484375,455.04998779296875,1534655
2025-05-22 16:30:00+00:00,455.7449951171875,456.3500061035156,453.9100036621094,456.29998779296875,1267373
2025-05-22 17:30:00+00:00,456.5,456.760009765625,454.8800964355469,455.7200012207031,1429113
2025-05-22 18:30:00+00:00,456.5899963378906,457.1400146484375,455.80999755859375,456.4100036621094,1311001
2025-05-22 19:30:00+00:00,455.05999755859375,457.0,454.2001037597656,456.5740051269531,2291590
2025-05-23 13:30:00+00:00,451.42999267578125,452.3599853515625,448.9100036621094,449.760009765625,4123398
2025-05-23 14:30:00+00:00,450.7550048828125,452.0299987792969,449.93499755859375,451.4200134277344,1333116
2025-05-23 15:30:00+00:00,451.17498779296875,451.79998779296875,450.0452880859375,450.75,1814301
2025-05-23 16:30:00+00:00,452.9100036621094,452.989990234375,450.5458068847656,451.1300048828125,1348371
2025-05-23 17:30:00+00:00,452.25,453.69000244140625,452.18011474609375,452.9200134277344,1288132
2025-05-23 18:30:00+00:00,451.5289001464844,452.864990234375,451.19000244140625,452.2900085449219,1137539
2025-05-23 19:30:00+00:00,450.19000244140625,452.3699951171875,450.0,451.5050048828125,2531935
2025-05-27 13:30:00+00:00,457.9700012207031,460.20001220703125,456.114990234375,456.4800109863281,4617834
2025-05-27 14:30:00+00:00,457.8771057128906,458.5400085449219,456.9801025390625,457.989990234375,1638449
2025-05-27 15:30:00+00:00,458.2799987792969,458.8800048828125,457.2149963378906,457.8500061035156,2419982
2025-05-27 16:30:00+00:00,459.0799865722656,459.3900146484375,458.224609375,458.2699890136719,1375877
2025-05-27 17:30:00+00:00,459.631103515625,459.8699951171875,458.6600036621094,459.0400085449219,1250456
2025-05-27 18:30:00+00:00,459.42999267578125,459.9294128417969,459.0799865722656,459.6099853515625,1905586
2025-05-27 19:30:00+00:00,460.69000244140625,460.95001220703125,459.2200012207031,459.4599914550781,3580847
2025-05-28 13:30:00+00:00,459.6050109863281,462.5199890136719,459.3599853515625,461.2200012207031,3257490
2025-05-28 14:30:00+00:00,459.5199890136719,460.1300048828125,459.1300048828125,459.6000061035156,1394813
2025-05-28 15:30:00+00:00,458.8591003417969,459.7048034667969,458.2976989746094,459.510009765625,1347415
2025-05-28 16:30:00+00:00,457.92498779296875,458.9800109863281,457.739990234375,458.8599853515625,1290697
2025-05-28 17:30:00+00:00,458.55499267578125,458.572998046875,457.1343078613281,457.8699951171875,905345
2025-05-28 18:30:00+00:00,457.8500061035156,458.8999938964844,456.94000244140625,458.55499267578125,1322373
2025-05-28 19:30:00+00:00,457.3800048828125,458.3900146484375,457.04998779296875,457.8299865722656,1858681
2025-05-29 13:30:00+00:00,458.7699890136719,461.7200012207031,456.760009765625,461.510009765625,3215890
2025-05-29 14:30:00+00:00,459.2699890136719,459.9100036621094,458.26031494140625,458.7300109863281,1233465
2025-05-29 15:30:00+00:00,458.54998779296875,459.45001220703125,455.31048583984375,459.2699890136719,1159366
2025-05-29 16:30:00+00:00,458.5372009277344,459.55999755859375,458.3999938964844,458.54449462890625,989685
2025-05-29 17:30:00+00:00,457.510009765625,458.8599853515625,457.2799987792969,458.55499267578125,1043938
2025-05-29 18:30:00+00:00,458.07501220703125,458.6700134277344,457.5,457.5899963378906,1017421
2025-05-29 19:30:00+00:00,458.45001220703125,459.9700012207031,457.6199951171875,458.07000732421875,1780044
2025-05-30 13:30:00+00:00,459.4150085449219,460.2149963378906,457.60009765625,459.7149963378906,2183957
2025-05-30 14:30:00+00:00,459.1675109863281,459.4125061035156,458.3500061035156,459.4125061035156,1259428
2025-05-30 15:30:00+00:00,456.4700012207031,459.760009765625,456.1199951171875,459.17498779296875,1106623
2025-05-30 16:30:00+00:00,457.0899963378906,457.5799865722656,455.5400085449219,456.4800109863281,1440298
2025-05-30 17:30:00+00:00,458.75,459.16778564453125,456.64080810546875,457.1099853515625,1233215
2025-05-30 18:30:00+00:00,460.57000732421875,460.80419921875,458.4100036621094,458.79998779296875,1740987
2025-05-30 19:30:00+00:00,459.5899963378906,461.67999267578125,458.6700134277344,460.6099853515625,5077471
2025-06-02 13:30:00+00:00,460.635009765625,461.1400146484375,456.8900146484375,457.0,3436444
2025-06-02 14:30:00+00:00,460.57000732421875,461.44989013671875,459.94000244140625,460.6300048828125,1639823
2025-06-02 15:30:00+00:00,460.8500061035156,461.54998779296875,460.0350036621094,460.54998779296875,2061511
2025-06-02 16:30:00+00:00,460.9800109863281,462.05999755859375,460.5799865722656,460.8599853515625,599538
2025-06-02 17:30:00+00:00,461.44500732421875,461.70001220703125,460.19000244140625,460.9700012207031,1414499
2025-06-02 18:30:00+00:00,461.6499938964844,461.9100036621094,461.1138000488281,461.4800109863281,977305
2025-06-02 19:30:00+00:00,462.0199890136719,462.1099853515625,460.92999267578125,461.57000732421875,1757847
2025-06-03 13:30:00+00:00,461.7799987792969,464.114990234375,461.3500061035156,461.4700012207031,3549225
2025-06-03 14:30:00+00:00,462.3599853515625,462.82000732421875,460.8622131347656,461.82501220703125,2152194
2025-06-03 15:30:00+00:00,462.5,462.8999938964844,462.0,462.3699951171875,1030212
2025-06-03 16:30:00+00:00,463.0299987792969,463.25,462.4562072753906,462.5,863220
2025-06-03 17:30:00+00:00,463.3900146484375,463.45001220703125,461.7850036621094,463.05999755859375,1169409
2025-06-03 18:30:00+00:00,463.364990234375,463.6199951171875,462.989990234375,463.4150085449219,1324059
2025-06-03 19:30:00+00:00,463.1400146484375,463.489990234375,462.6600036621094,463.3399963378906,2009092
2025-06-04 13:30:00+00:00,464.92010498046875,465.6400146484375,463.0201110839844,464.0,3207738
2025-06-04 14:30:00+00:00,464.63189697265625,465.1499938964844,463.7699890136719,464.9200134277344,1513356
2025-06-04 15:30:00+00:00,463.760009765625,465.0899963378906,463.739990234375,464.6600036621094,948127
2025-06-04 16:30:00+00:00,464.70001220703125,464.82000732421875,463.6650085449219,463.739990234375,1090878
2025-06-04 17:30:00+00:00,464.760009765625,465.1000061035156,464.1700134277344,464.69000244140625,767012
2025-06-04 18:30:00+00:00,464.3599853515625,464.8599853515625,463.8699951171875,464.760009765625,1126226
2025-06-04 19:30:00+00:00,463.8890075683594,464.54998779296875,463.2699890136719,464.3299865722656,1577754
2025-06-05 13:30:00+00:00,466.4049987792969,467.3599853515625,464.2900085449219,465.0,2472971
2025-06-05 14:30:00+00:00,467.6400146484375,467.86248779296875,464.510009765625,466.3999938964844,1897334
2025-06-05 15:30:00+00:00,468.18499755859375,468.7492980957031,467.239990234375,467.6600036621094,2364176
2025-06-05 16:30:00+00:00,467.2900085449219,468.4800109863281,466.24310302734375,468.18499755859375,1535482
2025-06-05 17:30:00+00:00,468.96160888671875,469.135009765625,466.4800109863281,467.2900085449219,1880216
2025-06-05 18:30:00+00:00,467.42999267578125,469.6499938964844,467.1099853515625,468.94500732421875,2292488
2025-06-05 19:30:00+00:00,467.6099853515625,469.3399963378906,466.7749938964844,467.5799865722656,2163465
2025-06-06 13:30:00+00:00,471.75,473.3349914550781,469.1300048828125,470.30999755859375,4469626
2025-06-06 14:30:00+00:00,470.6700134277344,472.3399963378906,469.5799865722656,471.80999755859375,1906767
2025-06-06 15:30:00+00:00,470.2149963378906,471.2250061035156,470.1000061035156,470.54998779296875,878376
2025-06-06 16:30:00+00:00,470.5950012207031,470.7200012207031,468.80999755859375,470.1700134277344,1037223
2025-06-06 17:30:00+00:00,471.2300109863281,471.5400085449219,470.55999755859375,470.5799865722656,1217322
2025-06-06 18:30:00+00:00,470.44000244140625,471.8299865722656,470.3900146484375,471.2300109863281,1274002
2025-06-06 19:30:00+00:00,470.1600036621094,471.010009765625,470.0801086425781,470.4200134277344,1591511
2025-06-09 13:30:00+00:00,470.3699951171875,471.2250061035156,468.6199951171875,470.5350036621094,2649076
2025-06-09 14:30:00+00:00,470.1499938964844,471.0799865722656,469.7799987792969,470.4100036621094,1269282
2025-06-09 15:30:00+00:00,470.69000244140625,471.20001220703125,469.75,470.1600036621094,1545804
2025-06-09 16:30:00+00:00,472.3999938964844,472.5398864746094,470.62060546875,470.7200012207031,1217422
2025-06-09 17:30:00+00:00,472.89678955078125,473.1000061035156,472.29998779296875,472.375,860448
2025-06-09 18:30:00+00:00,473.24749755859375,473.42999267578125,472.6200866699219,472.8900146484375,1198681
2025-06-09 19:30:00+00:00,472.760009765625,473.4200134277344,472.2349853515625,473.239990234375,2619291
2025-06-10 13:30:00+00:00,469.8699951171875,472.79998779296875,468.3301086425781,471.18499755859375,3430209
2025-06-10 14:30:00+00:00,469.04998779296875,469.89111328125,468.2850036621094,469.8500061035156,1703557
2025-06-10 15:30:00+00:00,469.5118103027344,469.57000732421875,466.9599914550781,469.0400085449219,1550612
2025-06-10 16:30:00+00:00,469.4984130859375,470.1708984375,469.2650146484375,469.5150146484375,896462
2025-06-10 17:30:00+00:00,468.2250061035156,469.5,467.9100036621094,469.4849853515625,967277
2025-06-10 18:30:00+00:00,470.25,470.6400146484375,468.20001220703125,468.2250061035156,1503425
2025-06-10 19:30:00+00:00,470.92999267578125,471.0299987792969,469.7099914550781,470.2650146484375,1910790
2025-06-11 13:30:00+00:00,474.6698913574219,474.9184875488281,469.6549987792969,470.1199951171875,3665319
2025-06-11 14:30:00+00:00,474.68499755859375,475.4599914550781,474.37420654296875,474.69061279296875,2017880
2025-06-11 15:30:00+00:00,474.051513671875,474.9700012207031,473.239990234375,474.7650146484375,1329456
2025-06-11 16:30:00+00:00,474.5715026855469,475.19000244140625,474.0199890136719,474.0899963378906,1025939
2025-06-11 17:30:00+00:00,471.8500061035156,474.7799987792969,470.95001220703125,474.6000061035156,1334651
2025-06-11 18:30:00+00:00,472.17999267578125,472.9700012207031,471.3299865722656,471.7900085449219,1611717
2025-06-11 19:30:00+00:00,472.8999938964844,473.0,471.69000244140625,472.1700134277344,1634641
2025-06-12 13:30:00+00:00,476.5199890136719,477.0199890136719,472.6199951171875,475.0199890136719,3515200
2025-06-12 14:30:00+00:00,476.989990234375,478.0835876464844,475.760009765625,476.5299987792969,1902830
2025-06-12 15:30:00+00:00,478.70001220703125,478.81500244140625,476.5799865722656,476.9800109863281,1508095
2025-06-12 16:30:00+00:00,479.2868957519531,479.989990234375,477.8349914550781,478.5299987792969,1871505
2025-06-12 17:30:00+00:00,479.4848937988281,480.1400146484375,479.1199951171875,479.29998779296875,1492085
2025-06-12 18:30:00+00:00,479.739990234375,480.3999938964844,478.989990234375,479.5,1846685
2025-06-12 19:30:00+00:00,479.0299987792969,479.7200012207031,477.989990234375,479.7099914550781,2289477
2025-06-13 13:30:00+00:00,475.2200012207031,479.17999267578125,475.1300048828125,475.7650146484375,3739157
2025-06-13 14:30:00+00:00,476.3949890136719,477.2200012207031,474.95001220703125,475.3450012207031,1731672
2025-06-13 15:30:00+00:00,477.1600036621094,478.0799865722656,475.7300109863281,476.375,1275926
2025-06-13 16:30:00+00:00,475.55999755859375,477.3500061035156,475.42999267578125,477.17498779296875,1125014
2025-06-13 17:30:00+00:00,474.04998779296875,476.0400085449219,473.90179443359375,475.510009765625,1322252
2025-06-13 18:30:00+00:00,474.2149963378906,474.7200012207031,472.79998779296875,474.0350036621094,1525556
2025-06-13 19:30:00+00:00,474.9599914550781,475.17999267578125,473.70001220703125,474.2349853515625,2676651
2025-06-16 13:30:00+00:00,480.0799865722656,480.6943054199219,476.54998779296875,478.1072998046875,4119214
2025-06-16 14:30:00+00:00,480.0199890136719,480.44000244140625,479.20001220703125,480.0801086425781,1576924
2025-06-16 15:30:00+00:00,479.8299865722656,480.64990234375,479.6300048828125,479.9700012207031,1158777
2025-06-16 16:30:00+00:00,480.1206970214844,480.3192138671875,479.3999938964844,479.8999938964844,764530
2025-06-16 17:30:00+00:00,478.5799865722656,480.30999755859375,478.3800048828125,480.1700134277344,912368
2025-06-16 18:30:00+00:00,478.5400085449219,479.0,477.7627868652344,478.61248779296875,1193522
2025-06-16 19:30:00+00:00,479.04998779296875,479.3299865722656,477.9700012207031,478.510009765625,2065086
2025-06-17 13:30:00+00:00,476.1499938964844,476.6099853515625,474.1000061035156,475.3500061035156,2755038
2025-06-17 14:30:00+00:00,476.8399963378906,477.1000061035156,475.4599914550781,476.12200927734375,1172110
2025-06-17 15:30:00+00:00,477.67999267578125,478.0400085449219,476.73480224609375,476.8399963378906,1186453
2025-06-17 16:30:00+00:00,476.614990234375,478.7398986816406,476.614990234375,477.6418151855469,1104756
2025-06-17 17:30:00+00:00,476.4350891113281,477.2699890136719,475.3900146484375,476.5899963378906,1220898
2025-06-17 18:30:00+00:00,477.56500244140625,477.6400146484375,475.9949951171875,476.3299865722656,1049636
2025-06-17 19:30:00+00:00,478.0400085449219,478.67999267578125,477.3299865722656,477.6099853515625,2017897
2025-06-18 13:30:00+00:00,478.364990234375,478.6499938964844,474.4599914550781,478.0,2656179
2025-06-18 14:30:00+00:00,478.80999755859375,479.4949951171875,477.30999755859375,478.3800048828125,1311040
2025-06-18 15:30:00+00:00,478.989990234375,479.69000244140625,478.7799987792969,479.2200012207031,986629
2025-06-18 16:30:00+00:00,478.42999267578125,479.79998779296875,478.42999267578125,478.9700012207031,816997
2025-06-18 17:30:00+00:00,479.31500244140625,480.3399963378906,477.9800109863281,478.4700012207031,1352118
2025-06-18 18:30:00+00:00,478.5400085449219,480.6700134277344,477.8500061035156,479.19500732421875,1689336
2025-06-18 19:30:00+00:00,480.239990234375,481.0,478.3699951171875,478.5400085449219,2982104
2025-06-20 13:30:00+00:00,479.6000061035156,483.44000244140625,479.1400146484375,482.1000061035156,9570529
2025-06-20 14:30:00+00:00,479.8699951171875,480.7300109863281,478.8999938964844,479.6199951171875,2405635
2025-06-20 15:30:00+00:00,479.760009765625,481.010009765625,479.3900146484375,479.8900146484375,2377744
2025-06-20 16:30:00+00:00,478.8599853515625,481.3599853515625,478.79998779296875,479.70001220703125,1642530
2025-06-20 17:30:00+00:00,478.7349853515625,479.1899108886719,478.1199951171875,478.80499267578125,1722341
2025-06-20 18:30:00+00:00,477.3500061035156,478.94000244140625,477.1499938964844,478.7950134277344,1317608
2025-06-20 19:30:00+00:00,477.2275085449219,478.7699890136719,476.8699951171875,477.3900146484375,2905206
2025-06-23 13:30:00+00:00,475.6499938964844,476.80999755859375,472.510009765625,474.8599853515625,3994341
2025-06-23 14:30:00+00:00,478.9849853515625,479.5400085449219,475.2699890136719,475.6499938964844,2555313
2025-06-23 15:30:00+00:00,480.6199951171875,481.5799865722656,478.9400939941406,478.9949951171875,2511957
2025-06-23 16:30:00+00:00,485.9049987792969,486.32000732421875,478.70001220703125,480.6000061035156,3477553
2025-06-23 17:30:00+00:00,486.7699890136719,487.75,485.79400634765625,486.0350036621094,2640026
2025-06-23 18:30:00+00:00,486.4700012207031,487.489990234375,485.1614990234375,486.80999755859375,1904017
2025-06-23 19:30:00+00:00,485.9200134277344,487.09991455078125,485.5400085449219,486.468505859375,2320956
2025-06-24 13:30:00+00:00,487.5450134277344,489.6600036621094,486.7950134277344,488.6300048828125,3369979
2025-06-24 14:30:00+00:00,490.447509765625,490.54998779296875,487.4599914550781,487.57000732421875,2911520
2025-06-24 15:30:00+00:00,490.70001220703125,491.489990234375,489.94000244140625,490.5199890136719,2263085
2025-06-24 16:30:00+00:00,490.4700012207031,491.4100036621094,489.94000244140625,490.6600036621094,2121710
2025-06-24 17:30:00+00:00,491.239990234375,491.8489990234375,490.4200134277344,490.45001220703125,2371837
2025-06-24 18:30:00+00:00,490.8399963378906,491.2099914550781,490.3299865722656,491.2099914550781,1958058
2025-06-24 19:30:00+00:00,490.1199951171875,491.07000732421875,489.510009765625,490.82000732421875,2808087
2025-06-25 13:30:00+00:00,493.5350036621094,494.55560302734375,491.6099853515625,491.6099853515625,3820122
2025-06-25 14:30:00+00:00,492.5899963378906,493.9599914550781,492.44000244140625,493.6199951171875,1648889
2025-06-25 15:30:00+00:00,491.614990234375,492.7099914550781,491.1499938964844,492.57000732421875,1207466
2025-06-25 16:30:00+00:00,490.6400146484375,491.659912109375,490.1099853515625,491.6300048828125,1174224
2025-06-25 17:30:00+00:00,490.47979736328125,490.79998779296875,489.3900146484375,490.6099853515625,1147401
2025-06-25 18:30:00+00:00,491.1600036621094,491.5899963378906,490.0899963378906,490.4800109863281,1691434
2025-06-25 19:30:00+00:00,492.44000244140625,492.44000244140625,490.95001220703125,491.1300048828125,2775326
2025-06-26 13:30:00+00:00,495.25,496.9599914550781,493.7650146484375,495.0899963378906,3604451
2025-06-26 14:30:00+00:00,493.2449951171875,495.9100036621094,492.9200134277344,495.25,1881445
2025-06-26 15:30:00+00:00,493.8699951171875,494.6000061035156,493.0400085449219,493.2250061035156,1052293
2025-06-26 16:30:00+00:00,495.9107971191406,496.42999267578125,493.7799987792969,493.8699951171875,1510253
2025-06-26 17:30:00+00:00,497.69000244140625,497.79998779296875,495.9700012207031,495.9700012207031,1596488
2025-06-26 18:30:00+00:00,497.42999267578125,498.0299987792969,496.92999267578125,497.70001220703125,3294413
2025-06-26 19:30:00+00:00,497.30999755859375,497.9549865722656,496.5,497.3900146484375,4011519
2025-06-27 13:30:00+00:00,497.7200012207031,498.1700134277344,496.2099914550781,498.0199890136719,4449164
2025-06-27 14:30:00+00:00,497.92498779296875,498.05999755859375,496.30999755859375,497.75,1982871
2025-06-27 15:30:00+00:00,497.9700012207031,499.2900085449219,497.8399963378906,497.91558837890625,2324832
2025-06-27 16:30:00+00:00,497.4800109863281,498.3500061035156,497.1942138671875,497.9750061035156,1703457
2025-06-27 17:30:00+00:00,495.656005859375,498.0299987792969,495.62469482421875,497.4700012207031,2160358
2025-06-27 18:30:00+00:00,494.8900146484375,496.2300109863281,494.4642028808594,495.6600036621094,1979342
2025-06-27 19:30:00+00:00,495.8800048828125,496.6300048828125,493.0299987792969,494.92498779296875,5101328
2025-06-30 13:30:00+00:00,496.0577087402344,498.0,495.5899963378906,497.4100036621094,3787722
2025-06-30 14:30:00+00:00,497.38751220703125,497.5,495.3299865722656,496.07501220703125,2905614
2025-06-30 15:30:00+00:00,497.8299865722656,499.30999755859375,497.25,497.42999267578125,2236419
2025-06-30 16:30:00+00:00,497.6794128417969,498.760009765625,497.2699890136719,497.81500244140625,1180009
2025-06-30 17:30:00+00:00,498.0299987792969,498.3299865722656,496.9700012207031,497.67510986328125,1096881
2025-06-30 18:30:00+00:00,499.0450134277344,499.3800048828125,497.69000244140625,498.03070068359375,1511686
2025-06-30 19:30:00+00:00,497.1600036621094,500.760009765625,497.1600036621094,499.0450134277344,3696249
2025-07-01 13:30:00+00:00,497.1549987792969,498.0400085449219,495.6400146484375,496.4700012207031,3087427
2025-07-01 14:30:00+00:00,493.80499267578125,497.1400146484375,491.8299865722656,497.1300048828125,3404883
2025-07-01 15:30:00+00:00,491.8800048828125,493.95001220703125,490.9800109863281,493.7699890136719,2106132
2025-07-01 16:30:00+00:00,493.25421142578125,494.04998779296875,491.5899963378906,491.7799987792969,1574802
2025-07-01 17:30:00+00:00,492.54998779296875,493.3500061035156,492.2300109863281,493.2699890136719,1218345
2025-07-01 18:30:00+00:00,492.2900085449219,492.94000244140625,491.19000244140625,492.5400085449219,1901285
2025-07-01 19:30:00+00:00,492.0199890136719,493.0150146484375,491.80499267578125,492.2950134277344,2122391
2025-07-02 13:30:00+00:00,491.7650146484375,493.5,488.70001220703125,489.989990234375,3826395
2025-07-02 14:30:00+00:00,491.94000244140625,492.760009765625,491.1199951171875,491.79998779296875,2076825
2025-07-02 15:30:00+00:00,492.1759948730469,492.67999267578125,491.239990234375,491.9599914550781,1349460
2025-07-02 16:30:00+00:00,490.2349853515625,492.2099914550781,490.1510009765625,492.1499938964844,1100922
2025-07-02 17:30:00+00:00,490.07000732421875,490.5899963378906,489.8500061035156,490.2300109863281,1298902
2025-07-02 18:30:00+00:00,490.20001220703125,490.6000061035156,489.7200012207031,490.0400085449219,1322610
2025-07-02 19:30:00+00:00,490.9700012207031,492.0,490.0150146484375,490.2449951171875,2181186
2025-07-03 13:30:00+00:00,498.2762145996094,499.0398864746094,493.44000244140625,493.4949951171875,4196311
2025-07-03 14:30:00+00:00,498.42999267578125,499.67999267578125,497.5679931640625,498.30999755859375,2446083
2025-07-03 15:30:00+00:00,498.9284973144531,500.1199951171875,498.32470703125,498.45001220703125,2341629
2025-07-07 13:30:00+00:00,497.6050109863281,498.3900146484375,495.9826965332031,497.3800048828125,2587118
2025-07-07 14:30:00+00:00,497.8399963378906,498.125,496.9750061035156,497.6199951171875,1262929
2025-07-07 15:30:00+00:00,497.5899963378906,498.75,496.4512023925781,497.7799987792969,1280306
2025-07-07 16:30:00+00:00,496.4599914550781,498.010009765625,496.2749938964844,497.57000732421875,888969
2025-07-07 17:30:00+00:00,495.2699890136719,497.4100036621094,495.2699890136719,496.44000244140625,1261302
2025-07-07 18:30:00+00:00,496.6300964355469,497.25,495.2250061035156,495.260009765625,1181384
2025-07-07 19:30:00+00:00,497.8299865722656,497.9700012207031,496.6449890136719,496.6449890136719,1517930
2025-07-08 13:30:00+00:00,495.95001220703125,498.1700134277344,495.55999755859375,497.67999267578125,2085863
2025-07-08 14:30:00+00:00,494.875,497.0628967285156,494.1099853515625,495.94500732421875,1537849
2025-07-08 15:30:00+00:00,496.0008850097656,496.25,494.54010009765625,494.8399963378906,746140
2025-07-08 16:30:00+00:00,495.8599853515625,496.07000732421875,494.69000244140625,496.0000915527344,773019
2025-07-08 17:30:00+00:00,496.0274963378906,496.6400146484375,495.6000061035156,495.989990234375,850138
2025-07-08 18:30:00+00:00,496.05999755859375,496.29998779296875,495.6050109863281,496.05999755859375,769382
2025-07-08 19:30:00+00:00,496.6600036621094,496.8999938964844,495.70001220703125,496.0400085449219,1612289
2025-07-09 13:30:00+00:00,504.55999755859375,506.7799987792969,500.0799865722656,500.1099853515625,6225865
2025-07-09 14:30:00+00:00,501.5299987792969,504.6099853515625,500.45001220703125,504.55999755859375,2298593
2025-07-09 15:30:00+00:00,501.0899963378906,501.6199951171875,499.739990234375,501.489990234375,1688431
2025-07-09 16:30:00+00:00,501.4700012207031,501.6698913574219,500.0,501.07000732421875,1311636
2025-07-09 17:30:00+00:00,502.7950134277344,503.1000061035156,501.2300109863281,501.4599914550781,1090738
2025-07-09 18:30:00+00:00,502.32000732421875,502.95001220703125,502.29998779296875,502.7699890136719,1200663
2025-07-09 19:30:00+00:00,503.4800109863281,503.5299987792969,502.1600036621094,502.3009033203125,1966465
2025-07-10 13:30:00+00:00,498.5400085449219,504.44000244140625,498.3500061035156,503.04998779296875,4267835
2025-07-10 14:30:00+00:00,500.06500244140625,500.4800109863281,497.75,498.5,1937257
2025-07-10 15:30:00+00:00,500.2749938964844,500.6400146484375,499.07000732421875,500.1499938964844,1330656
2025-07-10 16:30:00+00:00,500.9150085449219,501.0400085449219,499.54998779296875,500.2900085449219,1007739
2025-07-10 17:30:00+00:00,501.3900146484375,501.8099060058594,500.7300109863281,500.92498779296875,982570
2025-07-10 18:30:00+00:00,501.54998779296875,502.0299987792969,501.0199890136719,501.4200134277344,1164058
2025-07-10 19:30:00+00:00,501.5199890136719,502.18499755859375,500.3999938964844,501.55999755859375,1628636
2025-07-11 13:30:00+00:00,501.5,502.3900146484375,497.82501220703125,498.4700012207031,2877217
2025-07-11 14:30:00+00:00,502.7900085449219,502.94000244140625,501.04998779296875,501.4700012207031,2444927
2025-07-11 15:30:00+00:00,504.7099914550781,505.0299987792969,502.739990234375,502.760009765625,1801470
2025-07-11 16:30:00+00:00,504.5450134277344,504.92999267578125,503.9549865722656,504.6700134277344,1006534
2025-07-11 17:30:00+00:00,504.2799987792969,504.6300048828125,503.2900085449219,504.5299987792969,975125
2025-07-11 18:30:00+00:00,503.40289306640625,504.54998779296875,502.55999755859375,504.27410888671875,1201048
2025-07-11 19:30:00+00:00,503.1700134277344,504.0799865722656,503.07000732421875,503.3374938964844,2108867
2025-07-14 13:30:00+00:00,501.54998779296875,502.8900146484375,501.0299987792969,501.5150146484375,2455527
2025-07-14 14:30:00+00:00,502.9649963378906,503.9700012207031,501.1000061035156,501.5899963378906,1402972
2025-07-14 15:30:00+00:00,502.4800109863281,503.3800048828125,502.33270263671875,503.0299987792969,893862
2025-07-14 16:30:00+00:00,502.7200012207031,503.07000732421875,502.1600036621094,502.4599914550781,751759
2025-07-14 17:30:00+00:00,502.8999938964844,503.060302734375,502.1671142578125,502.7300109863281,1079306
2025-07-14 18:30:00+00:00,502.9700012207031,503.45001220703125,502.5799865722656,502.9100036621094,1082094
2025-07-14 19:30:00+00:00,502.94000244140625,503.42999267578125,502.80010986328125,502.9200134277344,1517534
2025-07-15 13:30:00+00:00,505.6499938964844,506.2900085449219,502.7900085449219,503.010009765625,2984019
2025-07-15 14:30:00+00:00,507.2799987792969,507.2799987792969,504.3700866699219,505.67498779296875,1660226
2025-07-15 15:30:00+00:00,507.32000732421875,507.3900146484375,506.2200012207031,507.2503967285156,1526678
2025-07-15 16:30:00+00:00,506.8699951171875,507.7398986816406,506.2950134277344,507.34320068359375,1512476
2025-07-15 17:30:00+00:00,507.95001220703125,508.19000244140625,506.80999755859375,506.8599853515625,994272
2025-07-15 18:30:00+00:00,506.5799865722656,508.29998779296875,506.25,507.95001220703125,1181689
2025-07-15 19:30:00+00:00,505.6300048828125,507.03948974609375,505.6300048828125,506.6000061035156,1770142
2025-07-16 13:30:00+00:00,503.7200012207031,505.5,502.4309997558594,505.0,2815828
2025-07-16 14:30:00+00:00,504.447509765625,505.1499938964844,502.6400146484375,503.80999755859375,1874645
2025-07-16 15:30:00+00:00,503.8900146484375,505.3599853515625,501.8900146484375,504.25,1714796
2025-07-16 16:30:00+00:00,505.45001220703125,505.7300109863281,503.260009765625,503.864990234375,909056
2025-07-16 17:30:00+00:00,505.7699890136719,505.8399963378906,504.92999267578125,505.42999267578125,900219
2025-07-16 18:30:00+00:00,505.82000732421875,506.3399963378906,505.5299987792969,505.8299865722656,901349
2025-07-16 19:30:00+00:00,505.5299987792969,506.7200012207031,505.510009765625,505.8019104003906,2048038
2025-07-17 13:30:00+00:00,510.07501220703125,510.95001220703125,505.6199951171875,505.67999267578125,3526513
2025-07-17 14:30:00+00:00,511.8900146484375,512.3300170898438,509.9200134277344,510.0299987792969,2035906
2025-07-17 15:30:00+00:00,512.844970703125,513.3699951171875,511.80999755859375,511.8949890136719,1638126
2025-07-17 16:30:00+00:00,512.8175048828125,513.2999877929688,512.3499755859375,512.8499755859375,1175407
2025-07-17 17:30:00+00:00,512.1436157226562,513.0,511.8800964355469,512.780029296875,1212651
2025-07-17 18:30:00+00:00,512.0900268554688,512.3599853515625,511.44000244140625,512.1300048828125,1340292
2025-07-17 19:30:00+00:00,511.8500061035156,512.6021728515625,511.2799987792969,512.0700073242188,3228040
2025-07-18 13:30:00+00:00,510.5350036621094,514.6400146484375,510.3299865722656,514.47998046875,5740455
2025-07-18 14:30:00+00:00,510.3500061035156,511.45001220703125,509.5270080566406,510.5299987792969,2105198
2025-07-18 15:30:00+00:00,508.7650146484375,510.7749938964844,508.3299865722656,510.3616943359375,1621963
2025-07-18 16:30:00+00:00,510.9049987792969,511.0199890136719,508.43499755859375,508.7300109863281,2842711
2025-07-18 17:30:00+00:00,511.54150390625,511.54998779296875,510.44000244140625,510.9700012207031,1281892
2025-07-18 18:30:00+00:00,510.0799865722656,511.9599914550781,510.0486145019531,511.5400085449219,1056191
2025-07-18 19:30:00+00:00,509.9599914550781,510.7900085449219,509.1700134277344,510.0849914550781,2610803
2025-07-21 13:30:00+00:00,511.30999755859375,512.0700073242188,505.5899963378906,506.7049865722656,3398958
2025-07-21 14:30:00+00:00,510.43499755859375,512.0599975585938,509.989990234375,511.3349914550781,1549479
2025-07-21 15:30:00+00:00,510.3882141113281,510.80999755859375,509.79998779296875,510.43499755859375,1097768
2025-07-21 16:30:00+00:00,510.91009521484375,511.3699035644531,510.1600036621094,510.3575134277344,1733834
2025-07-21 17:30:00+00:00,510.5,511.0484924316406,509.9700012207031,510.93499755859375,785055
2025-07-21 18:30:00+00:00,510.1199951171875,510.79998779296875,509.9800109863281,510.4949951171875,905243
2025-07-21 19:30:00+00:00,510.20001220703125,510.260009765625,509.5,510.1199951171875,1750091
2025-07-22 13:30:00+00:00,508.9468994140625,511.20001220703125,507.42999267578125,510.2149963378906,2700904
2025-07-22 14:30:00+00:00,508.239990234375,509.5892028808594,507.8999938964844,508.9200134277344,1575317
2025-07-22 15:30:00+00:00,506.7699890136719,508.55999755859375,506.6499938964844,508.2200012207031,1365351
2025-07-22 16:30:00+00:00,507.55999755859375,507.7200012207031,506.3500061035156,506.7200012207031,755741
2025-07-22 17:30:00+00:00,505.9993896484375,507.6400146484375,505.4599914550781,507.5899963378906,1140879
2025-07-22 18:30:00+00:00,505.92999267578125,506.4200134277344,505.6600036621094,505.9599914550781,1195577
2025-07-22 19:30:00+00:00,505.3900146484375,506.3299865722656,505.2699890136719,505.9100036621094,1960233
2025-07-23 13:30:00+00:00,502.6300048828125,506.7500915527344,500.70001220703125,506.5,4012030
2025-07-23 14:30:00+00:00,502.3949890136719,502.85931396484375,501.40289306640625,502.6300048828125,1975807
2025-07-23 15:30:00+00:00,503.30999755859375,505.5,502.1300048828125,502.3919982910156,1535064
2025-07-23 16:30:00+00:00,504.19940185546875,504.6199951171875,503.2427062988281,503.3399963378906,902918
2025-07-23 17:30:00+00:00,505.3500061035156,505.75,504.1400146484375,504.1700134277344,1039098
2025-07-23 18:30:00+00:00,505.3949890136719,505.58441162109375,504.54998779296875,505.3699951171875,1333592
2025-07-23 19:30:00+00:00,505.9700012207031,506.07000732421875,504.3999938964844,505.385009765625,1930767
2025-07-24 13:30:00+00:00,508.8399963378906,510.0,507.29998779296875,509.43109130859375,3208505
2025-07-24 14:30:00+00:00,510.54998779296875,510.79998779296875,508.3500061035156,508.8800048828125,1504648
2025-07-24 15:30:00+00:00,511.67999267578125,512.4000244140625,510.5600891113281,510.5600891113281,1397121
2025-07-24 16:30:00+00:00,512.6599731445312,513.219970703125,511.4800109863281,511.7215881347656,1234834
2025-07-24 17:30:00+00:00,512.5900268554688,512.9199829101562,511.8900146484375,512.6599731445312,991386
2025-07-24 18:30:00+00:00,511.6600036621094,512.6699829101562,511.3699951171875,512.6199951171875,1415830
2025-07-24 19:30:00+00:00,510.8500061035156,513.0999755859375,510.6499938964844,511.67999267578125,2591044
2025-07-25 13:30:00+00:00,512.5650024414062,512.8499755859375,510.35919189453125,511.1199951171875,2747023
2025-07-25 14:30:00+00:00,514.02001953125,514.125,512.110107421875,512.5700073242188,2697812
2025-07-25 15:30:00+00:00,514.405029296875,514.5,513.0599975585938,514.0,2102740
2025-07-25 16:30:00+00:00,515.3800048828125,515.4299926757812,513.6699829101562,514.4199829101562,1366145
2025-07-25 17:30:00+00:00,517.219970703125,517.9000244140625,515.1900024414062,515.3699951171875,2414795
2025-07-25 18:30:00+00:00,516.510009765625,518.2899780273438,516.5,517.22998046875,1781196
2025-07-25 19:30:00+00:00,513.77001953125,516.8099975585938,513.125,516.5250244140625,3020337
2025-07-28 13:30:00+00:00,514.0800170898438,515.0,512.3599853515625,514.0800170898438,3543126
2025-07-28 14:30:00+00:00,512.6580200195312,514.239990234375,511.55499267578125,514.1199951171875,1683837
2025-07-28 15:30:00+00:00,512.1199951171875,512.8300170898438,511.7200012207031,512.655029296875,969355
2025-07-28 16:30:00+00:00,511.1650085449219,512.4400024414062,511.1099853515625,512.135009765625,844926
2025-07-28 17:30:00+00:00,510.54998779296875,511.8800048828125,510.4599914550781,511.17498779296875,1078889
2025-07-28 18:30:00+00:00,510.7900085449219,510.8699951171875,510.135009765625,510.5299987792969,1303998
2025-07-28 19:30:00+00:00,512.52001953125,512.52001953125,510.7099914550781,510.8349914550781,2010106
2025-07-29 13:30:00+00:00,514.3099975585938,517.6199951171875,513.7301025390625,515.6900024414062,3787079
2025-07-29 14:30:00+00:00,513.3200073242188,514.3900146484375,512.7025756835938,514.344970703125,1754693
2025-07-29 15:30:00+00:00,512.7999877929688,514.72998046875,512.3900146484375,513.3350219726562,1451949
2025-07-29 16:30:00+00:00,512.8400268554688,513.8400268554688,512.1500244140625,512.7849731445312,1065684
2025-07-29 17:30:00+00:00,511.5849914550781,512.8800048828125,511.55999755859375,512.8499755859375,1063005
2025-07-29 18:30:00+00:00,512.280029296875,512.7999877929688,511.5899963378906,511.5950012207031,1228789
2025-07-29 19:30:00+00:00,512.9500122070312,512.9500122070312,511.7099914550781,512.2999877929688,2391989
2025-07-30 13:30:00+00:00,513.2999877929688,513.885009765625,510.67138671875,513.885009765625,3632272
2025-07-30 14:30:00+00:00,513.0599975585938,514.3198852539062,512.4324951171875,513.3900146484375,1821143
2025-07-30 15:30:00+00:00,513.239990234375,513.5700073242188,512.4949951171875,513.0700073242188,2120461
2025-07-30 16:30:00+00:00,512.9000244140625,513.4299926757812,512.6699829101562,513.3200073242188,1240299
2025-07-30 17:30:00+00:00,512.73681640625,513.2999877929688,512.1699829101562,512.9000244140625,1594020
2025-07-30 18:30:00+00:00,511.25,513.4299926757812,509.44000244140625,512.75,3235952
2025-07-30 19:30:00+00:00,514.1799926757812,514.1799926757812,510.3699951171875,511.239990234375,3057062
2025-07-31 13:30:00+00:00,537.7000732421875,555.4500122070312,535.6699829101562,546.7050170898438,20637289
2025-07-31 14:30:00+00:00,537.0,538.969970703125,534.4099731445312,537.760009765625,6145472
2025-07-31 15:30:00+00:00,536.4580078125,537.697998046875,535.260009765625,537.0399780273438,3188351
2025-07-31 16:30:00+00:00,534.4967041015625,537.14990234375,533.6649780273438,536.4500122070312,2976092
2025-07-31 17:30:00+00:00,534.3699951171875,535.5,532.5401000976562,534.510009765625,2787802
2025-07-31 18:30:00+00:00,532.2100219726562,534.8900146484375,532.2000122070312,534.2999877929688,2919130
2025-07-31 19:30:00+00:00,533.5650024414062,535.2000122070312,531.9000244140625,532.2449951171875,4948243
2025-08-01 13:30:00+00:00,527.9500122070312,535.7999877929688,526.8300170898438,535.3150024414062,7628330
2025-08-01 14:30:00+00:00,523.625,529.2498779296875,523.3001098632812,528.0,3664293
2025-08-01 15:30:00+00:00,524.280029296875,524.8499755859375,522.6400146484375,523.625,2916874
2025-08-01 16:30:00+00:00,523.2849731445312,524.2593994140625,520.8599853515625,524.219970703125,3010129
2025-08-01 17:30:00+00:00,524.27001953125,524.4299926757812,522.4000244140625,523.239990234375,2149370
2025-08-01 18:30:00+00:00,524.1300048828125,524.9749755859375,523.6400146484375,524.2750244140625,2080860
2025-08-01 19:30:00+00:00,524.0,525.8900146484375,523.219970703125,524.0549926757812,2883378
2025-08-04 13:30:00+00:00,535.0468139648438,536.4600219726562,528.135009765625,528.1900024414062,5974073
2025-08-04 14:30:00+00:00,533.6300048828125,536.8900146484375,533.1900024414062,535.0150146484375,2653560
2025-08-04 15:30:00+00:00,536.72998046875,537.3099975585938,533.2999877929688,533.6500244140625,2262479
2025-08-04 16:30:00+00:00,537.2999877929688,537.5399780273438,536.5599975585938,536.7899780273438,1407307
2025-08-04 17:30:00+00:00,537.510009765625,538.25,536.6500244140625,537.3400268554688,2330501
2025-08-04 18:30:00+00:00,535.0499877929688,537.7899780273438,534.9600219726562,537.5031127929688,2485270
2025-08-04 19:30:00+00:00,535.469970703125,535.6799926757812,534.0800170898438,534.77001953125,3548991
2025-08-05 13:30:00+00:00,534.0700073242188,537.219970703125,533.469970703125,537.219970703125,4415740
2025-08-05 14:30:00+00:00,532.3685302734375,534.0700073242188,531.469970703125,534.0599975585938,2531107
2025-08-05 15:30:00+00:00,532.9400024414062,533.1900024414062,530.7000122070312,532.3099975585938,1409356
2025-08-05 16:30:00+00:00,531.594970703125,533.1900024414062,531.280029296875,532.9149780273438,1184909
2025-08-05 17:30:00+00:00,530.5599975585938,532.5549926757812,530.5,531.5750122070312,1166718
2025-08-05 18:30:00+00:00,529.0,530.5499877929688,528.3900146484375,530.5499877929688,2262201
2025-08-05 19:30:00+00:00,527.719970703125,529.4299926757812,527.239990234375,529.0,2331489
2025-08-06 13:30:00+00:00,526.3200073242188,531.7000122070312,525.0999755859375,530.8200073242188,4565076
2025-08-06 14:30:00+00:00,525.6649780273438,526.7899780273438,524.594970703125,526.3200073242188,2808174
2025-08-06 15:30:00+00:00,526.7899780273438,527.2000122070312,525.27001953125,525.6500244140625,1635775
2025-08-06 16:30:00+00:00,525.8499755859375,526.8175048828125,525.25,526.793212890625,1282919
2025-08-06 17:30:00+00:00,526.260009765625,526.4199829101562,525.3200073242188,525.8400268554688,1695558
2025-08-06 18:30:00+00:00,525.4600219726562,526.739990234375,525.4000244140625,526.27001953125,1961535
2025-08-06 19:30:00+00:00,524.8400268554688,525.5,524.030029296875,525.4600219726562,2877140
2025-08-07 13:30:00+00:00,524.5800170898438,528.030029296875,523.4500122070312,526.5700073242188,3694576
2025-08-07 14:30:00+00:00,524.489990234375,526.4229125976562,524.1950073242188,524.5399780273438,1458217
2025-08-07 15:30:00+00:00,522.2949829101562,524.85498046875,521.1500244140625,524.489990234375,1464616
2025-08-07 16:30:00+00:00,520.9600219726562,524.9400024414062,520.5700073242188,522.27001953125,1113730
2025-08-07 17:30:00+00:00,518.697021484375,521.3098754882812,517.5510864257812,520.9949951171875,1663538
2025-08-07 18:30:00+00:00,519.2849731445312,519.4400024414062,518.2100219726562,518.6699829101562,1470381
2025-08-07 19:30:00+00:00,521.0999755859375,521.0999755859375,518.7899780273438,519.3099975585938,1934989
2025-08-08 13:30:00+00:00,522.9550170898438,524.4815063476562,522.1199951171875,523.9600219726562,3213769
2025-08-08 14:30:00+00:00,521.3300170898438,523.0800170898438,520.6900024414062,522.9550170898438,1971295
2025-08-08 15:30:00+00:00,521.0700073242188,521.6900024414062,519.4099731445312,521.3099975585938,1346818
2025-08-08 16:30:00+00:00,521.9400024414062,522.27001953125,520.9400024414062,521.0635986328125,944739
2025-08-08 17:30:00+00:00,522.5800170898438,523.25,521.8800048828125,521.958984375,1495953
2025-08-08 18:30:00+00:00,521.9749755859375,522.77001953125,521.8986206054688,522.5999755859375,1238835
2025-08-08 19:30:00+00:00,522.1199951171875,522.22998046875,520.1300048828125,521.989990234375,2561633
2025-08-11 13:30:00+00:00,522.9500122070312,525.0999145507812,519.719970703125,522.4600219726562,4150456
2025-08-11 14:30:00+00:00,524.9400024414062,526.6900024414062,522.9000244140625,523.0,1891080
2025-08-11 15:30:00+00:00,526.9650268554688,527.5499877929688,524.0499877929688,524.9400024414062,1605553
2025-08-11 16:30:00+00:00,525.6400146484375,527.3200073242188,525.3800048828125,526.9650268554688,990227
2025-08-11 17:30:00+00:00,522.5150146484375,526.0800170898438,522.4301147460938,525.5900268554688,1424565
2025-08-11 18:30:00+00:00,521.3599853515625,522.5800170898438,520.9199829101562,522.5499877929688,1603813
2025-08-11 19:30:00+00:00,521.75,522.0999755859375,520.22998046875,521.3800048828125,2916478
2025-08-12 13:30:00+00:00,526.1199951171875,527.5900268554688,522.7100219726562,523.8800048828125,4118871
2025-08-12 14:30:00+00:00,526.4249877929688,527.0499877929688,524.3499755859375,526.1950073242188,1807974
2025-08-12 15:30:00+00:00,527.9299926757812,528.2000122070312,525.9299926757812,526.52001953125,1547373
2025-08-12 16:30:00+00:00,528.1699829101562,529.0798950195312,527.25,527.9299926757812,1189259
2025-08-12 17:30:00+00:00,530.0399780273438,530.97998046875,527.6500244140625,528.2000122070312,1843122
2025-08-12 18:30:00+00:00,529.760009765625,530.0900268554688,528.8800048828125,530.0800170898438,1351640
2025-08-12 19:30:00+00:00,529.4600219726562,530.7999267578125,529.0,529.72998046875,1888672
2025-08-13 13:30:00+00:00,529.75,532.7000122070312,528.8906860351562,530.8099975585938,3226016
2025-08-13 14:30:00+00:00,527.3499755859375,530.7050170898438,526.860107421875,529.77001953125,2081517
2025-08-13 15:30:00+00:00,526.35498046875,528.5999755859375,526.280029296875,527.2899780273438,1227523
2025-08-13 16:30:00+00:00,525.2100219726562,526.3820190429688,524.4500122070312,526.3820190429688,1614853
2025-08-13 17:30:00+00:00,523.875,525.2211303710938,523.6500244140625,525.2150268554688,1680213
2025-08-13 18:30:00+00:00,522.4000244140625,523.9199829101562,521.5700073242188,523.885009765625,2396161
2025-08-13 19:30:00+00:00,520.6900024414062,522.5599975585938,519.3699951171875,522.4500122070312,4018019
2025-08-14 13:30:00+00:00,523.4299926757812,524.369873046875,520.155029296875,522.405029296875,3777358
2025-08-14 14:30:00+00:00,523.10009765625,525.9498901367188,523.10009765625,523.4299926757812,2663221
2025-08-14 15:30:00+00:00,524.3825073242188,524.510009765625,521.7999877929688,523.1300048828125,1446271
2025-08-14 16:30:00+00:00,524.0599975585938,525.0700073242188,523.8200073242188,524.52001953125,1681822
2025-08-14 17:30:00+00:00,520.8900146484375,524.0399780273438,520.8300170898438,524.0399780273438,1856218
2025-08-14 18:30:00+00:00,521.4600219726562,522.0349731445312,520.1400146484375,520.8599853515625,2000093
2025-08-14 19:30:00+00:00,522.510009765625,523.1300048828125,521.3200073242188,521.4400024414062,2447362
2025-08-15 13:30:00+00:00,523.14501953125,524.510009765625,520.8599853515625,521.385009765625,5122671
2025-08-15 14:30:00+00:00,522.9099731445312,523.4199829101562,521.3300170898438,523.1500244140625,1523152
2025-08-15 15:30:00+00:00,523.905029296875,524.8536987304688,522.0900268554688,522.989990234375,1827759
2025-08-15 16:30:00+00:00,524.85498046875,525.25,523.8499755859375,523.8800048828125,1092972
2025-08-15 17:30:00+00:00,523.989990234375,526.0999755859375,523.760009765625,524.8619995117188,1475052
2025-08-15 18:30:00+00:00,523.1400146484375,524.02001953125,522.39111328125,523.989990234375,1759623
2025-08-15 19:30:00+00:00,520.1400146484375,523.375,519.0900268554688,523.1400146484375,4200767
2025-08-18 13:30:00+00:00,517.989990234375,522.8200073242188,517.8900756835938,521.8300170898438,3164468
2025-08-18 14:30:00+00:00,516.677490234375,518.489990234375,516.5700073242188,517.8499755859375,2627893
2025-08-18 15:30:00+00:00,517.1900024414062,517.3499755859375,515.7999877929688,516.6799926757812,2046241
2025-08-18 16:30:00+00:00,516.3599853515625,517.8494873046875,515.760009765625,517.1876220703125,1867331
2025-08-18 17:30:00+00:00,516.0850219726562,517.0,515.239990234375,516.3499755859375,1757514
2025-08-18 18:30:00+00:00,514.2999877929688,516.3499755859375,514.25,516.0800170898438,3268465
2025-08-18 19:30:00+00:00,517.1400146484375,517.3049926757812,514.02001953125,514.3049926757812,3880270
2025-08-19 13:30:00+00:00,511.2200012207031,515.1641235351562,510.9599914550781,515.0,3684145
2025-08-19 14:30:00+00:00,509.54010009765625,511.8699951171875,508.57000732421875,511.17498779296875,3719024
2025-08-19 15:30:00+00:00,510.4599914550781,510.9798889160156,509.20001220703125,509.54998779296875,2051709
2025-08-19 16:30:00+00:00,511.30499267578125,511.3299865722656,509.68011474609375,510.4176025390625,1533483
2025-08-19 17:30:00+00:00,510.70001220703125,511.9100036621094,510.1017150878906,511.2699890136719,1382429
2025-08-19 18:30:00+00:00,508.9700012207031,510.8699951171875,508.6499938964844,510.69000244140625,2192348
2025-08-19 19:30:00+00:00,509.7099914550781,509.8299865722656,508.54998779296875,508.989990234375,2060303
2025-08-20 13:30:00+00:00,507.3716125488281,510.9800109863281,506.2049865722656,509.864990234375,4930654
2025-08-20 14:30:00+00:00,505.8299865722656,508.19000244140625,505.5,507.3800048828125,4238046
2025-08-20 15:30:00+00:00,506.08538818359375,507.0,504.44000244140625,505.885009765625,2951419
2025-08-20 16:30:00+00:00,505.9200134277344,506.5,504.739990234375,506.0874938964844,1776546
2025-08-20 17:30:00+00:00,505.3999938964844,507.6199951171875,504.8699951171875,505.8900146484375,2501665
2025-08-20 18:30:00+00:00,507.0,507.46551513671875,504.760009765625,505.3800048828125,2503236
2025-08-20 19:30:00+00:00,505.4599914550781,507.4100036621094,505.20001220703125,506.9800109863281,2502319
2025-08-21 13:30:00+00:00,507.5185852050781,507.6300048828125,502.7200927734375,503.69000244140625,2924694
2025-08-21 14:30:00+00:00,506.7799987792969,507.5199890136719,505.45001220703125,507.5199890136719,1211066
2025-08-21 15:30:00+00:00,505.3900146484375,507.139892578125,505.32000732421875,506.75,1111826
2025-08-21 16:30:00+00:00,504.4700012207031,505.75,503.8999938964844,505.42999267578125,2118689
2025-08-21 17:30:00+00:00,505.2449951171875,506.010009765625,504.4200134277344,504.42999267578125,2541225
2025-08-21 18:30:00+00:00,506.1199951171875,506.4599914550781,504.8500061035156,505.25,2003239
2025-08-21 19:30:00+00:00,504.1499938964844,506.17999267578125,504.1099853515625,506.1099853515625,2555877
2025-08-22 13:30:00+00:00,508.20001220703125,509.3699951171875,502.4100036621094,504.25,4486605
2025-08-22 14:30:00+00:00,508.2998962402344,510.7300109863281,508.1300048828125,508.2300109863281,4624859
2025-08-22 15:30:00+00:00,506.94500732421875,509.4700012207031,506.3700866699219,508.260009765625,2403225
2025-08-22 16:30:00+00:00,507.8599853515625,507.9280090332031,506.05999755859375,506.8900146484375,2385218
2025-08-22 17:30:00+00:00,507.8872985839844,508.55999755859375,507.3299865722656,507.86639404296875,1538715
2025-08-22 18:30:00+00:00,507.1050109863281,508.2550048828125,506.9100036621094,507.8999938964844,2000134
2025-08-22 19:30:00+00:00,507.1000061035156,507.8999938964844,505.760009765625,507.1099853515625,3032307
2025-08-25 13:30:00+00:00,507.2099914550781,508.1799011230469,504.5899963378906,506.6300048828125,4359778
2025-08-25 14:30:00+00:00,507.3999938964844,508.19000244140625,506.7300109863281,507.177490234375,1748637
2025-08-25 15:30:00+00:00,507.25,507.82000732421875,506.70001220703125,507.3699951171875,1589172
2025-08-25 16:30:00+00:00,505.79998779296875,507.4090881347656,505.7699890136719,507.2200012207031,3092749
2025-08-25 17:30:00+00:00,505.4949951171875,505.9100036621094,504.7799987792969,505.7950134277344,1701907
2025-08-25 18:30:00+00:00,505.239990234375,505.57940673828125,504.5,505.5,1632315
2025-08-25 19:30:00+00:00,504.3800048828125,505.4750061035156,504.1199951171875,505.2650146484375,4575983
2025-08-26 13:30:00+00:00,504.45001220703125,504.9778137207031,502.1099853515625,504.3550109863281,2787772
2025-08-26 14:30:00+00:00,502.70001220703125,504.44500732421875,502.5400085449219,504.4200134277344,1180725
2025-08-26 15:30:00+00:00,502.2900085449219,502.79998779296875,502.0899963378906,502.6234130859375,1159677
2025-08-26 16:30:00+00:00,500.3800048828125,502.260009765625,500.2300109863281,502.2250061035156,2096200
2025-08-26 17:30:00+00:00,498.82000732421875,500.56988525390625,498.6400146484375,500.4200134277344,2570335
2025-08-26 18:30:00+00:00,499.8299865722656,500.1000061035156,498.510009765625,498.8299865722656,2208399
2025-08-26 19:30:00+00:00,501.92999267578125,503.3500061035156,498.54998779296875,499.82000732421875,5489015
2025-08-27 13:30:00+00:00,504.1400146484375,504.1400146484375,499.8999938964844,502.0,3932780
2025-08-27 14:30:00+00:00,504.5,505.1199951171875,503.5,504.114990234375,2030936
2025-08-27 15:30:00+00:00,504.0299987792969,504.8399963378906,503.4549865722656,504.5199890136719,1182506
2025-08-27 16:30:00+00:00,505.3743896484375,505.6434020996094,503.9949951171875,504.05999755859375,1063108
2025-08-27 17:30:00+00:00,506.7250061035156,506.8399963378906,505.32000732421875,505.3999938964844,1200594
2025-08-27 18:30:00+00:00,505.9700012207031,506.77020263671875,504.91510009765625,506.7099914550781,1094812
2025-08-27 19:30:00+00:00,506.67999267578125,507.2900085449219,505.9750061035156,505.9775085449219,2321308
2025-08-28 13:30:00+00:00,506.0299987792969,510.2388000488281,505.5,507.05499267578125,3563439
2025-08-28 14:30:00+00:00,507.2300109863281,508.67999267578125,505.83221435546875,506.0450134277344,1535556
2025-08-28 15:30:00+00:00,508.9700012207031,509.010009765625,507.1499938964844,507.2300109863281,1342233
2025-08-28 16:30:00+00:00,508.625,509.0,507.5199890136719,508.9549865722656,887473
2025-08-28 17:30:00+00:00,509.125,509.3800048828125,508.0299987792969,508.614990234375,1187718
2025-08-28 18:30:00+00:00,509.7200012207031,510.0,508.9700012207031,509.1671142578125,1078179
2025-08-28 19:30:00+00:00,509.6600036621094,510.8599853515625,509.3500061035156,509.70001220703125,2349690
2025-08-29 13:30:00+00:00,506.0799865722656,509.6000061035156,504.4914855957031,508.79998779296875,3232361
2025-08-29 14:30:00+00:00,508.1199951171875,508.3599853515625,505.6400146484375,505.9549865722656,1282086
2025-08-29 15:30:00+00:00,507.42999267578125,508.19500732421875,507.1199951171875,508.1300048828125,2009834
2025-08-29 16:30:00+00:00,508.0950012207031,508.79998779296875,507.2699890136719,507.42498779296875,1526928
2025-08-29 17:30:00+00:00,508.7300109863281,509.0,507.6099853515625,508.07000732421875,1027873
2025-08-29 18:30:00+00:00,508.739990234375,509.010009765625,507.6499938964844,508.7099914550781,1575890
2025-08-29 19:30:00+00:00,506.9200134277344,509.0,505.802001953125,508.69000244140625,2742262
2025-09-02 13:30:00+00:00,505.25,505.3500061035156,496.80999755859375,500.0,4093552
2025-09-02 14:30:00+00:00,501.0400085449219,505.42919921875,500.5,505.2900085449219,1923280
2025-09-02 15:30:00+00:00,500.9599914550781,501.6700134277344,500.30999755859375,501.0299987792969,1256160
2025-09-02 16:30:00+00:00,501.8599853515625,502.24200439453125,500.28179931640625,500.9649963378906,1711518
2025-09-02 17:30:00+00:00,501.3949890136719,503.07000732421875,501.3900146484375,501.8999938964844,1436081
2025-09-02 18:30:00+00:00,503.8500061035156,503.95001220703125,501.3904113769531,501.4100036621094,1074271
2025-09-02 19:30:00+00:00,505.0799865722656,505.9200134277344,503.5285949707031,503.8599853515625,2341938
2025-09-03 13:30:00+00:00,504.70001220703125,507.7900085449219,503.04998779296875,503.885009765625,2961059
2025-09-03 14:30:00+00:00,505.2149963378906,507.0400085449219,504.69000244140625,504.739990234375,1446102
2025-09-03 15:30:00+00:00,504.4800109863281,505.9299011230469,504.1199951171875,505.1700134277344,1049112
2025-09-03 16:30:00+00:00,504.05499267578125,504.739990234375,503.5,504.497802734375,1029192
2025-09-03 17:30:00+00:00,503.260009765625,504.3999938964844,502.8299865722656,504.0400085449219,802207
2025-09-03 18:30:00+00:00,503.20001220703125,503.54998779296875,502.32000732421875,503.2099914550781,1105906
2025-09-03 19:30:00+00:00,505.3909912109375,505.54998779296875,503.20001220703125,503.20001220703125,2893041
2025-09-04 13:30:00+00:00,505.4801940917969,506.89990234375,503.1499938964844,504.3500061035156,2840027
2025-09-04 14:30:00+00:00,507.67498779296875,508.04998779296875,505.4599914550781,505.4599914550781,1582084
2025-09-04 15:30:00+00:00,506.0,507.739990234375,505.83441162109375,507.7300109863281,1156850
2025-09-04 16:30:00+00:00,506.75,507.0899963378906,505.9700012207031,506.0400085449219,788143
2025-09-04 17:30:00+00:00,507.07000732421875,507.6730041503906,506.5899963378906,506.7449951171875,1079156
2025-09-04 18:30:00+00:00,506.614990234375,508.1499938964844,506.55999755859375,507.1099853515625,1833185
2025-09-04 19:30:00+00:00,507.9800109863281,507.9800109863281,506.30999755859375,506.6099853515625,2418058
2025-09-05 13:30:00+00:00,499.2099914550781,511.94000244140625,498.17999267578125,509.07000732421875,7561684
2025-09-05 14:30:00+00:00,497.114990234375,499.6000061035156,494.5,499.1400146484375,4118724
2025-09-05 15:30:00+00:00,496.8450012207031,497.739990234375,495.7799987792969,497.11480712890625,2386405
2025-09-05 16:30:00+00:00,494.5450134277344,497.0104064941406,494.0,496.864990234375,3163218
2025-09-05 17:30:00+00:00,494.6379089355469,495.31500244140625,492.8399963378906,494.54998779296875,2609293
2025-09-05 18:30:00+00:00,494.489990234375,495.1205139160156,492.3699951171875,494.69000244140625,3528065
2025-09-05 19:30:00+00:00,495.0152893066406,495.0400085449219,493.04998779296875,494.5,3753313
2025-09-08 13:30:00+00:00,500.6000061035156,500.6499938964844,495.510009765625,498.1050109863281,4610220
2025-09-08 14:30:00+00:00,500.6600036621094,500.8599853515625,499.3900146484375,500.6000061035156,1884958
2025-09-08 15:30:00+00:00,498.79998779296875,501.19500732421875,498.5,500.635009765625,1300388
2025-09-08 16:30:00+00:00,498.30999755859375,498.918701171875,497.7799987792969,498.79998779296875,939581
2025-09-08 17:30:00+00:00,498.44000244140625,498.5,497.510009765625,498.30499267578125,972842
2025-09-08 18:30:00+00:00,497.3500061035156,498.5758972167969,497.2900085449219,498.4800109863281,1161770
2025-09-08 19:30:00+00:00,498.25,498.42999267578125,497.0,497.3475036621094,2703776
2025-09-09 13:30:00+00:00,500.9049987792969,502.25,499.44000244140625,501.5199890136719,2960723
2025-09-09 14:30:00+00:00,499.5150146484375,501.0950012207031,498.8299865722656,500.9700012207031,1207963
2025-09-09 15:30:00+00:00,498.6400146484375,500.1000061035156,498.3599853515625,499.4750061035156,1260424
2025-09-09 16:30:00+00:00,499.1400146484375,499.6099853515625,498.25,498.6099853515625,1123433
2025-09-09 17:30:00+00:00,498.6400146484375,499.4150085449219,498.5,499.1300048828125,1310085
2025-09-09 18:30:00+00:00,498.1600036621094,499.2326965332031,498.05999755859375,498.614990234375,1691835
2025-09-09 19:30:00+00:00,498.45001220703125,498.8599853515625,497.7099914550781,498.1499938964844,1679671
2025-09-10 13:30:00+00:00,501.4735107421875,503.2298889160156,496.739990234375,502.9800109863281,6952655
2025-09-10 14:30:00+00:00,500.7049865722656,502.82501220703125,498.5,501.4700012207031,3037966
2025-09-10 15:30:00+00:00,499.2449951171875,501.5466003417969,499.10009765625,500.7049865722656,1678182
2025-09-10 16:30:00+00:00,499.7149963378906,501.3999938964844,498.8399963378906,499.239990234375,1267729
2025-09-10 17:30:00+00:00,501.1000061035156,501.32000732421875,499.57000732421875,499.7149963378906,1248645
2025-09-10 18:30:00+00:00,499.38751220703125,501.88250732421875,499.07000732421875,501.1000061035156,1395395
2025-09-10 19:30:00+00:00,500.2099914550781,500.5799865722656,499.29998779296875,499.4100036621094,2206694
2025-09-11 13:30:00+00:00,502.239990234375,502.79998779296875,497.8800048828125,502.260009765625,3600904
2025-09-11 14:30:00+00:00,502.7900085449219,503.1700134277344,500.2200012207031,502.25,220358
2025-09-11 15:30:00+00:00,502.2799987792969,503.1199951171875,500.8599853515625,502.67999267578125,2634933
2025-09-11 16:30:00+00:00,500.1499938964844,502.71990966796875,500.1000061035156,502.3500061035156,1421335
2025-09-11 17:30:00+00:00,499.9800109863281,500.8192138671875,499.6700134277344,500.1449890136719,1404442
2025-09-11 18:30:00+00:00,500.79998779296875,501.20001220703125,499.95001220703125,500.0,1613259
2025-09-11 19:30:00+00:00,501.20001220703125,502.260009765625,500.1700134277344,500.79998779296875,2287612
2025-09-12 13:30:00+00:00,507.1400146484375,508.33538818359375,503.868408203125,504.1499938964844,5211999
2025-09-12 14:30:00+00:00,510.6708984375,511.2850036621094,507.151611328125,507.2900085449219,2928847
2025-09-12 15:30:00+00:00,511.893798828125,512.219970703125,510.1300964355469,510.67999267578125,2600593
2025-09-12 16:30:00+00:00,512.0250244140625,512.5499877929688,511.284912109375,511.8999938964844,1969303
2025-09-12 17:30:00+00:00,511.30499267578125,512.2498779296875,510.67010498046875,512.0399780273438,2110923
2025-09-12 18:30:00+00:00,510.67999267578125,512.5,510.3399963378906,511.2699890136719,2010413
2025-09-12 19:30:00+00:00,509.8500061035156,511.06988525390625,509.8500061035156,510.6300048828125,2159909
2025-09-15 13:30:00+00:00,510.6499938964844,512.3699951171875,507.0,508.75,3815794
2025-09-15 14:30:00+00:00,512.4299926757812,514.2235107421875,510.20001220703125,510.7099914550781,1968433
2025-09-15 15:30:00+00:00,512.510009765625,514.0,512.1900024414062,512.4758911132812,1285781
2025-09-15 16:30:00+00:00,511.9800109863281,513.1331787109375,511.76251220703125,512.4249877929688,1017913
2025-09-15 17:30:00+00:00,513.1649780273438,513.3300170898438,511.3999938964844,511.93780517578125,847622
2025-09-15 18:30:00+00:00,513.7100219726562,513.8499755859375,512.5401000976562,513.2000122070312,1020150
2025-09-15 19:30:00+00:00,515.4500122070312,515.4500122070312,513.6199951171875,513.7349853515625,2323007
2025-09-16 13:30:00+00:00,513.469970703125,517.22998046875,510.6000061035156,516.8800048828125,4305872
2025-09-16 14:30:00+00:00,512.5700073242188,513.9500122070312,511.8900146484375,513.3099975585938,1336794
2025-09-16 15:30:00+00:00,513.2899780273438,513.6799926757812,512.1199951171875,512.5549926757812,811870
2025-09-16 16:30:00+00:00,513.54248046875,514.223388671875,512.6199951171875,513.2650146484375,914842
2025-09-16 17:30:00+00:00,511.43499755859375,513.918212890625,511.3599853515625,513.5625,1494641
2025-09-16 18:30:00+00:00,510.3900146484375,511.8699951171875,510.0,511.45001220703125,2188986
2025-09-16 19:30:00+00:00,509.14898681640625,510.5299987792969,508.6000061035156,510.4100036621094,3633917
2025-09-17 13:30:00+00:00,508.20849609375,510.82000732421875,505.94000244140625,510.6400146484375,3411517
2025-09-17 14:30:00+00:00,507.1099853515625,508.6300048828125,506.9599914550781,508.17181396484375,1033860
2025-09-17 15:30:00+00:00,508.6549987792969,508.6700134277344,506.8299865722656,507.0299987792969,832741
2025-09-17 16:30:00+00:00,508.489990234375,508.8500061035156,507.92999267578125,508.57000732421875,713619
2025-09-17 17:30:00+00:00,508.8699951171875,510.4200134277344,506.69000244140625,508.4800109863281,1482199
2025-09-17 18:30:00+00:00,510.82000732421875,511.20989990234375,506.5400085449219,508.9200134277344,1841156
2025-09-17 19:30:00+00:00,509.9100036621094,511.2900085449219,509.03009033203125,510.8399963378906,1943717
2025-09-18 13:30:00+00:00,511.635009765625,512.0,507.68499755859375,511.489990234375,4061679
2025-09-18 14:30:00+00:00,510.5199890136719,513.0700073242188,510.0199890136719,511.7650146484375,1794783
2025-09-18 15:30:00+00:00,508.8940124511719,510.7799072265625,507.875,510.5429992675781,1490607
2025-09-18 16:30:00+00:00,509.2099914550781,510.0899963378906,508.739990234375,508.8901062011719,1211551
2025-09-18 17:30:00+00:00,508.1899108886719,509.239990234375,507.8949890136719,509.19500732421875,1372106
2025-09-18 18:30:00+00:00,508.8013916015625,509.6510009765625,507.8789978027344,508.1700134277344,1708947
2025-09-18 19:30:00+00:00,508.42999267578125,508.9100036621094,508.0799865722656,508.7900085449219,2103916
2025-09-19 13:30:00+00:00,513.1099853515625,514.8800048828125,510.32000732421875,510.6099853515625,11054918
2025-09-19 14:30:00+00:00,512.1900024414062,513.9550170898438,511.875,513.030029296875,2538111
2025-09-19 15:30:00+00:00,512.8599853515625,513.3599853515625,511.32000732421875,512.2249755859375,1461133
2025-09-19 16:30:00+00:00,511.69000244140625,512.9600219726562,511.45001220703125,512.8521728515625,1671579
2025-09-19 17:30:00+00:00,510.69000244140625,511.7799987792969,510.3500061035156,511.69000244140625,1658869
2025-09-19 18:30:00+00:00,511.1700134277344,511.9399108886719,510.5397033691406,510.67999267578125,2292485
2025-09-19 19:30:00+00:00,518.0,519.2999877929688,510.8299865722656,511.19000244140625,7650302
2025-09-22 13:30:00+00:00,514.5700073242188,517.739990234375,512.5449829101562,515.5900268554688,4415586
2025-09-22 14:30:00+00:00,515.0349731445312,516.5999755859375,514.5399780273438,514.5750122070312,1923079
2025-09-22 15:30:00+00:00,514.5740966796875,515.5,512.5800170898438,515.1199951171875,1775315
2025-09-22 16:30:00+00:00,515.1400146484375,515.9459838867188,514.4450073242188,514.5999755859375,1353822
2025-09-22 17:30:00+00:00,515.0399780273438,515.2750244140625,514.4099731445312,515.0700073242188,1003240
2025-09-22 18:30:00+00:00,514.4349975585938,515.5650024414062,513.1900024414062,515.0599975585938,1943135
2025-09-22 19:30:00+00:00,514.3699951171875,514.780029296875,513.780029296875,514.4199829101562,2192849
2025-09-23 13:30:00+00:00,511.55499267578125,514.5599975585938,510.375,513.7999877929688,2475893
2025-09-23 14:30:00+00:00,510.9100036621094,511.75,510.8399963378906,511.6000061035156,986760
2025-09-23 15:30:00+00:00,510.37921142578125,511.19000244140625,509.8399963378906,510.94000244140625,1016393
2025-09-23 16:30:00+00:00,509.94000244140625,511.3599853515625,509.07000732421875,510.30999755859375,1048490
2025-09-23 17:30:00+00:00,509.989990234375,510.27178955078125,508.8901062011719,509.8900146484375,1237538
2025-09-23 18:30:00+00:00,508.7650146484375,510.58990478515625,507.30999755859375,509.95001220703125,4809691
2025-09-23 19:30:00+00:00,509.6199951171875,509.8949890136719,508.6000061035156,508.79998779296875,2177366
2025-09-24 13:30:00+00:00,510.04998779296875,512.47998046875,507.2200012207031,510.6199951171875,2090658
2025-09-24 14:30:00+00:00,509.5849914550781,510.8900146484375,509.0400085449219,510.0299987792969,827674
2025-09-24 15:30:00+00:00,508.0783996582031,509.760009765625,507.6199951171875,509.6400146484375,912531
2025-09-24 16:30:00+00:00,508.010009765625,508.4999084472656,506.9200134277344,508.1040954589844,645212
2025-09-24 17:30:00+00:00,508.04998779296875,508.30999755859375,507.1000061035156,508.07000732421875,471726
2025-09-24 18:30:00+00:00,509.21160888671875,510.1700134277344,507.989990234375,508.1000061035156,751906
2025-09-24 19:30:00+00:00,509.9800109863281,510.5249938964844,509.0201110839844,509.218994140625,1115515
2025-09-25 13:30:00+00:00,508.1600036621094,509.2699890136719,505.0400085449219,507.2099914550781,3121608
2025-09-25 14:30:00+00:00,507.9849853515625,510.010009765625,507.6780090332031,508.20001220703125,1074027
2025-09-25 15:30:00+00:00,508.0799865722656,509.05999755859375,507.9400939941406,508.07000732421875,646898
2025-09-25 16:30:00+00:00,507.9700012207031,508.7200012207031,507.2019958496094,508.0799865722656,589458
2025-09-25 17:30:00+00:00,506.82000732421875,508.0799865722656,506.5,507.95001220703125,584217
2025-09-25 18:30:00+00:00,506.5199890136719,507.75,506.4200134277344,506.79998779296875,882775
2025-09-25 19:30:00+00:00,506.9599914550781,507.29998779296875,506.17498779296875,506.510009765625,1147980
2025-09-26 13:30:00+00:00,508.3349914550781,513.9400024414062,507.17999267578125,509.75,3051399
2025-09-26 14:30:00+00:00,508.07000732421875,508.82000732421875,506.6199951171875,508.3349914550781,1078891
2025-09-26 15:30:00+00:00,508.2699890136719,508.739990234375,506.6700134277344,508.1300048828125,689066
2025-09-26 16:30:00+00:00,509.4599914550781,509.7969970703125,508.1401062011719,508.2699890136719,569747
2025-09-26 17:30:00+00:00,509.8599853515625,510.3891906738281,508.25,509.4700012207031,556469
2025-09-26 18:30:00+00:00,511.6549987792969,511.8716125488281,509.8349914550781,509.8900146484375,985427
2025-09-26 19:30:00+00:00,511.5480041503906,512.1199951171875,510.5299987792969,511.6700134277344,1430233
2025-09-29 13:30:00+00:00,515.7349853515625,516.844970703125,509.0140075683594,511.2200012207031,2677103
2025-09-29 14:30:00+00:00,512.969970703125,515.6599731445312,512.4000244140625,515.6400146484375,1032601
2025-09-29 15:30:00+00:00,515.260009765625,515.4450073242188,512.9199829101562,513.0,805371
2025-09-29 16:30:00+00:00,514.9600219726562,515.7299194335938,514.39501953125,515.25,753657
2025-09-29 17:30:00+00:00,514.8800048828125,515.0,513.97998046875,515.0,657353
2025-09-29 18:30:00+00:00,514.739990234375,515.02001953125,513.864990234375,514.8499755859375,884473
2025-09-29 19:30:00+00:00,514.6799926757812,514.9199829101562,513.7750244140625,514.719970703125,1204140
2025-09-30 13:30:00+00:00,513.0546875,513.7999877929688,509.6600036621094,513.0,2275856
2025-09-30 14:30:00+00:00,514.6500244140625,517.6300048828125,512.9099731445312,513.0499877929688,1734814
2025-09-30 15:30:00+00:00,515.864990234375,516.7999877929688,514.530029296875,514.6599731445312,943759
2025-09-30 16:30:00+00:00,514.9600219726562,516.010009765625,514.5750122070312,515.97998046875,723626
2025-09-30 17:30:00+00:00,516.9530029296875,516.97998046875,514.1900024414062,514.9299926757812,964458
2025-09-30 18:30:00+00:00,517.02001953125,518.030029296875,516.25,516.9450073242188,1179942
2025-09-30 19:30:00+00:00,517.9500122070312,518.0700073242188,516.4199829101562,517.010009765625,1687715
2025-10-01 13:30:00+00:00,512.625,517.22998046875,511.69000244140625,514.7999877929688,2942102
2025-10-01 14:30:00+00:00,514.510009765625,515.2899780273438,512.2899780273438,512.6599731445312,1396736
2025-10-01 15:30:00+00:00,516.1099853515625,516.1199951171875,513.6500244140625,514.5800170898438,1126750
2025-10-01 16:30:00+00:00,518.7249755859375,518.9000244140625,515.6300048828125,516.10498046875,1068357
2025-10-01 17:30:00+00:00,518.8049926757812,519.5,517.2100219726562,518.7249755859375,4977438
2025-10-01 18:30:00+00:00,518.7449951171875,519.8699951171875,518.260009765625,518.9199829101562,1548191
2025-10-01 19:30:00+00:00,519.5999755859375,520.5050048828125,518.344970703125,518.72998046875,2645748
2025-10-02 13:30:00+00:00,516.9301147460938,521.5999755859375,516.5,517.6400146484375,3841453
2025-10-02 14:30:00+00:00,511.5350036621094,519.0999755859375,510.6791076660156,516.9299926757812,5633143
2025-10-02 15:30:00+00:00,513.8599853515625,514.5599975585938,510.7300109863281,511.5,1831287
2025-10-02 16:30:00+00:00,515.760009765625,516.2000122070312,513.739990234375,513.8648071289062,1321212
2025-10-02 17:30:00+00:00,517.3800048828125,517.5549926757812,515.6599731445312,515.7650146484375,1220524
2025-10-02 18:30:00+00:00,517.041015625,517.4299926757812,516.5800170898438,517.4149780273438,1207210
2025-10-02 19:30:00+00:00,515.6099853515625,517.0739135742188,515.0599975585938,517.0549926757812,2359433
2025-10-03 13:30:00+00:00,518.3150024414062,519.1300048828125,515.0,517.0999755859375,2998284
2025-10-03 14:30:00+00:00,519.6300048828125,520.0499877929688,518.2249755859375,518.2249755859375,1461907
2025-10-03 15:30:00+00:00,520.14501953125,520.4299926757812,519.2750244140625,519.594970703125,1076327
2025-10-03 16:30:00+00:00,518.0549926757812,520.489990234375,518.030029296875,520.14501953125,1733785
2025-10-03 17:30:00+00:00,518.3699951171875,518.9500122070312,516.6749877929688,518.030029296875,1408224
2025-10-03 18:30:00+00:00,517.719970703125,518.41259765625,516.8800048828125,518.375,1561315
2025-10-03 19:30:00+00:00,517.3499755859375,517.8200073242188,516.7650146484375,517.6900024414062,1461405
2025-10-06 13:30:00+00:00,522.6900024414062,524.25,518.3599853515625,518.9199829101562,3750874
2025-10-06 14:30:00+00:00,523.7421264648438,524.5700073242188,522.4500122070312,522.52001953125,1790916
2025-10-06 15:30:00+00:00,523.4199829101562,525.3900146484375,523.3099975585938,523.760009765625,1557499
2025-10-06 16:30:00+00:00,524.8674926757812,525.3499755859375,523.3400268554688,523.4249877929688,1159684
2025-10-06 17:30:00+00:00,529.9450073242188,530.0499877929688,524.760009765625,524.8900146484375,2861334
2025-10-06 18:30:00+00:00,528.760009765625,530.6900024414062,528.5706176757812,529.9299926757812,2694947
2025-10-06 19:30:00+00:00,528.52001953125,531.0,528.4199829101562,528.77001953125,2891472
2025-10-07 13:30:00+00:00,526.3250122070312,529.3699951171875,524.0599975585938,528.2849731445312,3400915
2025-10-07 14:30:00+00:00,524.7871704101562,527.5,524.0999755859375,526.2689819335938,2023420
2025-10-07 15:30:00+00:00,523.2949829101562,524.8342895507812,522.3040161132812,524.7000122070312,1967542
2025-10-07 16:30:00+00:00,522.4097290039062,524.4500122070312,521.8499755859375,523.3300170898438,1330957
2025-10-07 17:30:00+00:00,522.3499755859375,522.75,521.4650268554688,522.4099731445312,766179
2025-10-07 18:30:00+00:00,523.780029296875,524.260009765625,522.27001953125,522.3200073242188,885028
2025-10-07 19:30:00+00:00,523.969970703125,524.5250244140625,523.5001220703125,523.7650146484375,1261607
2025-10-08 13:30:00+00:00,525.1400146484375,526.9500122070312,523.0900268554688,523.0999755859375,2822570
2025-10-08 14:30:00+00:00,525.030029296875,526.1300048828125,524.27001953125,525.1699829101562,1219037
2025-10-08 15:30:00+00:00,524.14501953125,525.1599731445312,523.8400268554688,525.0349731445312,975742
2025-10-08 16:30:00+00:00,524.2899780273438,524.8499755859375,523.6599731445312,524.1900024414062,815936
2025-10-08 17:30:00+00:00,524.5700073242188,525.27001953125,523.5599975585938,524.3165893554688,1057450
2025-10-08 18:30:00+00:00,524.1304931640625,524.5850219726562,523.2700805664062,524.5850219726562,912412
2025-10-08 19:30:00+00:00,524.9000244140625,525.3099975585938,523.885009765625,524.1099853515625,1852528
2025-10-09 13:30:00+00:00,522.3599853515625,524.3250122070312,519.8699951171875,522.3350219726562,3338195
2025-10-09 14:30:00+00:00,519.7650146484375,522.6699829101562,519.4199829101562,522.280029296875,2118314
2025-10-09 15:30:00+00:00,519.5150146484375,520.239990234375,518.125,519.760009765625,2108503
2025-10-09 16:30:00+00:00,518.9299926757812,519.75,517.6599731445312,519.4973754882812,1364935
2025-10-09 17:30:00+00:00,519.5650024414062,520.364990234375,518.4299926757812,518.89501953125,970171
2025-10-09 18:30:00+00:00,521.52001953125,521.5349731445312,517.4000244140625,519.5650024414062,2613850
2025-10-09 19:30:00+00:00,522.239990234375,522.47998046875,520.3800048828125,521.5349731445312,2234456
2025-10-10 13:30:00+00:00,521.3400268554688,523.5800170898438,519.5999755859375,519.739990234375,2759554
2025-10-10 14:30:00+00:00,516.5549926757812,521.5598754882812,515.75,521.239990234375,2970761
2025-10-10 15:30:00+00:00,515.6900024414062,518.0599975585938,514.0501098632812,516.469970703125,2425188
2025-10-10 16:30:00+00:00,514.5150146484375,516.5,513.260009765625,515.6699829101562,1433144
2025-10-10 17:30:00+00:00,515.0700073242188,515.8800048828125,513.5499877929688,514.5180053710938,2162876
2025-10-10 18:30:00+00:00,513.0599975585938,515.6500244140625,512.3800048828125,515.0900268554688,1956616
2025-10-10 19:30:00+00:00,511.3599853515625,513.5499877929688,509.6300048828125,513.1300048828125,3509062
2025-10-13 13:30:00+00:00,515.0700073242188,516.4099731445312,512.7000122070312,516.4099731445312,3395248
2025-10-13 14:30:00+00:00,512.8400268554688,515.4799194335938,511.67999267578125,515.0,1997000
2025-10-13 15:30:00+00:00,513.7901000976562,514.344970703125,512.2999877929688,513.0,1111421
2025-10-13 16:30:00+00:00,513.2100219726562,514.6300048828125,512.9520874023438,513.8699951171875,1166458
2025-10-13 17:30:00+00:00,514.1500244140625,514.5999755859375,512.1799926757812,513.219970703125,860804
2025-10-13 18:30:00+00:00,514.030029296875,514.77001953125,513.0523071289062,514.1483154296875,918209
2025-10-13 19:30:00+00:00,513.969970703125,514.9500122070312,513.4299926757812,513.9600219726562,1865453
2025-10-14 13:30:00+00:00,510.69000244140625,510.69000244140625,506.0,509.8500061035156,3324161
2025-10-14 14:30:00+00:00,510.67840576171875,511.375,509.20001220703125,510.6791076660156,1222596
2025-10-14 15:30:00+00:00,512.6024780273438,512.8300170898438,510.2799987792969,510.6099853515625,1116753
2025-10-14 16:30:00+00:00,514.030029296875,514.3582763671875,512.3800048828125,512.6599731445312,931542
2025-10-14 17:30:00+00:00,514.5599975585938,515.02001953125,513.8699951171875,514.0,1028915
2025-10-14 18:30:00+00:00,513.52001953125,515.281982421875,513.4600219726562,514.5599975585938,1163736
2025-10-14 19:30:00+00:00,513.7100219726562,514.010009765625,510.8800048828125,513.4600219726562,1965774
2025-10-15 13:30:00+00:00,515.9000244140625,517.1799926757812,513.6799926757812,514.5549926757812,3140864
2025-10-15 14:30:00+00:00,515.885009765625,517.1300048828125,514.9099731445312,515.9500122070312,1825967
2025-10-15 15:30:00+00:00,514.17138671875,516.3599853515625,513.75,515.9149780273438,1297644
2025-10-15 16:30:00+00:00,511.05029296875,514.489990234375,510.0,514.1799926757812,1105826
2025-10-15 17:30:00+00:00,513.1699829101562,513.510009765625,510.9100036621094,511.010009765625,753872
2025-10-15 18:30:00+00:00,514.260009765625,514.3900146484375,512.9849853515625,513.0399780273438,711766
2025-10-15 19:30:00+00:00,513.739990234375,514.239990234375,511.1099853515625,514.2000122070312,1962185
2025-10-16 13:30:00+00:00,514.8800048828125,515.5900268554688,511.6499938964844,512.72998046875,2558038
2025-10-16 14:30:00+00:00,514.2800903320312,516.8499755859375,514.2000122070312,514.969970703125,1242972
2025-10-16 15:30:00+00:00,512.2449951171875,515.0,512.1994018554688,514.2899780273438,1049445
2025-10-16 16:30:00+00:00,511.6449890136719,513.2150268554688,509.8900146484375,512.2999877929688,1414332
2025-10-16 17:30:00+00:00,508.79998779296875,512.1300048828125,508.1300048828125,511.67999267578125,1663331
2025-10-16 18:30:00+00:00,509.489990234375,510.79998779296875,508.20001220703125,508.7799987792969,1414332
2025-10-16 19:30:00+00:00,511.54998779296875,512.0999755859375,509.0400085449219,509.5,1762010
2025-10-17 13:30:00+00:00,511.25,512.655029296875,507.3299865722656,509.0400085449219,5712422
2025-10-17 14:30:00+00:00,509.7550048828125,511.5369873046875,509.0400085449219,511.4866027832031,1806229
2025-10-17 15:30:00+00:00,513.530029296875,513.7999877929688,508.67999267578125,509.8399963378906,2053048
2025-10-17 16:30:00+00:00,511.7799987792969,514.365478515625,511.45001220703125,513.489990234375,1180531
2025-10-17 17:30:00+00:00,514.97998046875,515.2979736328125,511.260009765625,511.760009765625,1457732
2025-10-17 18:30:00+00:00,515.2100219726562,515.47998046875,514.0800170898438,514.967529296875,1209219
2025-10-17 19:30:00+00:00,513.510009765625,515.1174926757812,513.27001953125,515.0900268554688,1924644
2025-10-20 13:30:00+00:00,516.47998046875,516.9099731445312,513.4400024414062,514.635009765625,2698905
2025-10-20 14:30:00+00:00,517.2423706054688,518.7000122070312,515.97998046875,516.469970703125,1615533
2025-10-20 15:30:00+00:00,516.5700073242188,517.8035888671875,516.2999877929688,517.280029296875,1004947
2025-10-20 16:30:00+00:00,517.5650024414062,517.7899780273438,516.0399780273438,516.5999755859375,819523
2025-10-20 17:30:00+00:00,517.6400146484375,518.0899047851562,517.4299926757812,517.5700073242188,883236
2025-10-20 18:30:00+00:00,516.344970703125,517.6599731445312,515.7000122070312,517.5800170898438,1199478
2025-10-20 19:30:00+00:00,516.8300170898438,517.1099853515625,516.0076904296875,516.3599853515625,1402913
2025-10-21 13:30:00+00:00,514.85498046875,518.6900024414062,514.75,517.760009765625,2982387
2025-10-21 14:30:00+00:00,516.0499877929688,517.5599975585938,514.0999755859375,514.85498046875,1652036
2025-10-21 15:30:00+00:00,515.72998046875,516.2100219726562,515.5499877929688,516.0759887695312,1015481
2025-10-21 16:30:00+00:00,514.2100219726562,515.889892578125,513.0399780273438,515.72998046875,1727603
2025-10-21 17:30:00+00:00,516.0150146484375,516.4400024414062,513.6400146484375,514.2349853515625,1385330
2025-10-21 18:30:00+00:00,517.1950073242188,517.6300048828125,515.8800048828125,516.0399780273438,2009027
2025-10-21 19:30:00+00:00,517.739990234375,518.3499755859375,516.97998046875,517.1599731445312,1583770
2025-10-22 13:30:00+00:00,523.4650268554688,524.2100219726562,519.0700073242188,521.1500244140625,4145652
2025-10-22 14:30:00+00:00,522.7100219726562,525.219970703125,521.2000122070312,523.510009765625,2936035
2025-10-22 15:30:00+00:00,523.0050048828125,524.1699829101562,522.0800170898438,522.6920166015625,1597372
2025-10-22 16:30:00+00:00,520.5546264648438,523.469970703125,520.0999755859375,523.0599975585938,1956352
2025-10-22 17:30:00+00:00,519.3300170898438,520.4600219726562,517.7100219726562,520.4600219726562,1278842
2025-10-22 18:30:00+00:00,520.010009765625,520.1795043945312,518.9550170898438,519.3400268554688,1171299
2025-10-22 19:30:00+00:00,520.47998046875,520.9754028320312,519.5999755859375,520.030029296875,1455128
2025-10-23 13:30:00+00:00,521.4050903320312,523.2000122070312,518.6300048828125,522.2999877929688,2797429
2025-10-23 14:30:00+00:00,523.158203125,523.2349853515625,521.2550048828125,521.3499755859375,1388216
2025-10-23 15:30:00+00:00,522.489990234375,523.9500122070312,521.4500122070312,523.1699829101562,1129335
2025-10-23 16:30:00+00:00,522.0599975585938,523.1099853515625,521.6300048828125,522.510009765625,856388
2025-10-23 17:30:00+00:00,523.1900024414062,523.3150024414062,522.010009765625,522.0900268554688,866501
2025-10-23 18:30:00+00:00,522.5700073242188,523.6199951171875,522.3499755859375,523.1699829101562,1159348
2025-10-23 19:30:00+00:00,520.6749877929688,522.9299926757812,520.1400146484375,522.489990234375,1863494
2025-10-24 13:30:00+00:00,523.114990234375,525.0499877929688,520.7100219726562,522.489990234375,3190181
2025-10-24 14:30:00+00:00,523.2050170898438,523.780029296875,522.0,523.030029296875,1462281
2025-10-24 15:30:00+00:00,523.9400024414062,523.9400024414062,522.1400146484375,523.2000122070312,1041340
2025-10-24 16:30:00+00:00,523.7849731445312,525.02001953125,523.3499755859375,523.8800048828125,1173752
2025-10-24 17:30:00+00:00,524.8200073242188,525.0999755859375,523.6699829101562,523.77001953125,1097997
2025-10-24 18:30:00+00:00,524.85498046875,525.344970703125,524.6710815429688,524.8400268554688,1206189
2025-10-24 19:30:00+00:00,523.5,525.260009765625,522.9500122070312,524.8300170898438,2676795
2025-10-27 13:30:00+00:00,533.2249755859375,533.7999267578125,529.010009765625,531.7091064453125,4991642
2025-10-27 14:30:00+00:00,532.6651000976562,534.5800170898438,532.239990234375,533.260009765625,2235243
2025-10-27 15:30:00+00:00,531.719970703125,533.3800048828125,531.5999755859375,532.6475219726562,1341774
2025-10-27 16:30:00+00:00,530.7949829101562,531.8300170898438,530.4450073242188,531.7601928710938,1119767
2025-10-27 17:30:00+00:00,532.52001953125,532.5709838867188,530.701171875,530.8200073242188,1203788
2025-10-27 18:30:00+00:00,532.8300170898438,533.6300048828125,532.2000122070312,532.5,1427951
2025-10-27 19:30:00+00:00,531.4099731445312,533.4400024414062,531.27001953125,532.8101196289062,2146625
2025-10-28 13:30:00+00:00,545.6099853515625,553.719970703125,542.4600219726562,550.2899780273438,10934438
2025-10-28 14:30:00+00:00,543.3909912109375,545.989990234375,542.1799926757812,545.6016845703125,3026807
2025-10-28 15:30:00+00:00,542.5399780273438,544.5399780273438,540.77001953125,543.3699951171875,2821643
2025-10-28 16:30:00+00:00,542.9400024414062,543.5139770507812,541.8300170898438,542.7000122070312,1806998
2025-10-28 17:30:00+00:00,543.7708740234375,544.8499755859375,541.9299926757812,542.969482421875,2093281
2025-10-28 18:30:00+00:00,544.6099853515625,545.5,543.1701049804688,543.7440185546875,2785468
2025-10-28 19:30:00+00:00,542.010009765625,544.6597290039062,541.7999877929688,544.5999755859375,2627395
2025-10-29 13:30:00+00:00,538.1950073242188,546.27001953125,537.1701049804688,544.9400024414062,5940543
2025-10-29 14:30:00+00:00,537.6300048828125,539.5700073242188,537.5,538.1699829101562,2905116
2025-10-29 15:30:00+00:00,538.405029296875,539.4199829101562,536.7286987304688,537.5750122070312,2621314
2025-10-29 16:30:00+00:00,538.8300170898438,539.5798950195312,538.1300048828125,538.405029296875,1760561
2025-10-29 17:30:00+00:00,539.8228149414062,539.9199829101562,537.9000244140625,538.6799926757812,2162474
2025-10-29 18:30:00+00:00,538.9000244140625,540.5499877929688,536.9500122070312,539.8400268554688,3517064
2025-10-29 19:30:00+00:00,542.5599975585938,543.1500244140625,538.1799926757812,538.8200073242188,3634678
2025-10-30 13:30:00+00:00,528.52001953125,534.969970703125,524.1099853515625,530.4949951171875,10090514
2025-10-30 14:30:00+00:00,525.27001953125,530.969970703125,524.1199951171875,528.489990234375,3610549
2025-10-30 15:30:00+00:00,526.655029296875,527.77001953125,522.1599731445312,525.344970703125,3543001
2025-10-30 16:30:00+00:00,526.8726196289062,527.4949951171875,524.5700073242188,526.6500244140625,1591692
2025-10-30 17:30:00+00:00,523.6849975585938,527.719970703125,522.8900146484375,526.8499755859375,1774311
2025-10-30 18:30:00+00:00,523.8200073242188,524.4500122070312,522.1199951171875,523.7100219726562,1974664
2025-10-30 19:30:00+00:00,525.780029296875,526.6486206054688,523.280029296875,523.8800048828125,2478256
2025-10-31 13:30:00+00:00,518.0,529.3200073242188,515.0999755859375,528.8049926757812,6106325
2025-10-31 14:30:00+00:00,519.39501953125,522.0,517.5,517.9199829101562,2637621
2025-10-31 15:30:00+00:00,517.6898803710938,520.4400024414062,515.9100952148438,519.469970703125,2263470
2025-10-31 16:30:00+00:00,516.5,518.6395263671875,515.9201049804688,517.625,1322871
2025-10-31 17:30:00+00:00,517.1226806640625,518.4099731445312,515.9400024414062,516.5250244140625,1326487
2025-10-31 18:30:00+00:00,518.7100219726562,518.7999267578125,516.0800170898438,517.0999755859375,1515990
2025-10-31 19:30:00+00:00,517.8150024414062,519.6199951171875,517.0,518.6699829101562,2921575
2025-11-03 14:30:00+00:00,519.4600219726562,524.9600219726562,519.3099975585938,519.8049926757812,4259658
2025-11-03 15:30:00+00:00,518.6699829101562,520.3900146484375,518.3900146484375,519.4099731445312,1356149
2025-11-03 16:30:00+00:00,518.6400146484375,520.4400024414062,517.77001953125,518.6500244140625,1144711
2025-11-03 17:30:00+00:00,517.4450073242188,519.7999877929688,517.26171875,518.6400756835938,1062423
2025-11-03 18:30:00+00:00,516.2150268554688,517.8900146484375,516.0,517.4600219726562,1128633
2025-11-03 19:30:00+00:00,515.4400024414062,516.8800048828125,515.4199829101562,516.2000122070312,1455877
2025-11-03 20:30:00+00:00,516.9099731445312,517.1199951171875,514.5900268554688,515.4400024414062,1803386
2025-11-04 14:30:00+00:00,514.6300048828125,515.0900268554688,507.8399963378906,511.8299865722656,3452262
2025-11-04 15:30:00+00:00,513.3200073242188,515.5499877929688,513.239990234375,514.5850219726562,1261718
2025-11-04 16:30:00+00:00,512.469970703125,513.9400024414062,511.75,513.280029296875,1044561
2025-11-04 17:30:00+00:00,510.239990234375,513.0700073242188,509.92999267578125,512.4401245117188,1003815
2025-11-04 18:30:00+00:00,512.3400268554688,513.02001953125,510.2200012207031,510.25,960243
2025-11-04 19:30:00+00:00,513.7550048828125,514.02001953125,511.4100036621094,512.3400268554688,1131231
2025-11-04 20:30:00+00:00,514.75,514.9949951171875,513.4000244140625,513.760009765625,2191464
2025-11-05 14:30:00+00:00,514.25,514.8300170898438,511.1099853515625,513.3200073242188,2532951
2025-11-05 15:30:00+00:00,510.1000061035156,514.3150024414062,508.760009765625,514.280029296875,1818451
2025-11-05 16:30:00+00:00,508.7300109863281,510.1000061035156,508.2200012207031,510.04998779296875,1649556
2025-11-05 17:30:00+00:00,508.8450012207031,509.6300048828125,508.2681884765625,508.7598876953125,1161479
2025-11-05 18:30:00+00:00,508.42999267578125,509.55999755859375,507.7793884277344,508.8399963378906,1249553
2025-11-05 19:30:00+00:00,507.80499267578125,508.4599914550781,507.5400085449219,508.4117126464844,1484425
2025-11-05 20:30:00+00:00,506.989990234375,508.1499938964844,506.5899963378906,507.82000732421875,2456430
2025-11-06 14:30:00+00:00,501.2650146484375,505.70001220703125,498.5,505.3599853515625,4315178
2025-11-06 15:30:00+00:00,498.1950988769531,501.44000244140625,495.80999755859375,501.3996887207031,2786191
2025-11-06 16:30:00+00:00,497.6700134277344,498.54998779296875,496.8500061035156,498.20001220703125,1444250
2025-11-06 17:30:00+00:00,497.6000061035156,498.3500061035156,496.45001220703125,497.6964111328125,1178727
2025-11-06 18:30:00+00:00,499.7099914550781,500.0,497.5799865722656,497.5799865722656,1110075
2025-11-06 19:30:00+00:00,498.82000732421875,500.67999267578125,498.5950012207031,499.69500732421875,1378318
2025-11-06 20:30:00+00:00,497.3599853515625,499.114990234375,496.1499938964844,498.80999755859375,2904840
2025-11-07 14:30:00+00:00,496.0284118652344,499.37701416015625,493.25,496.67999267578125,3751026
2025-11-07 15:30:00+00:00,495.19000244140625,496.82000732421875,493.8699951171875,496.05999755859375,1522456
2025-11-07 16:30:00+00:00,494.8550109863281,495.69000244140625,494.17999267578125,495.19000244140625,1209896
2025-11-07 17:30:00+00:00,495.57501220703125,495.5799865722656,493.6099853515625,494.81500244140625,1001105
2025-11-07 18:30:00+00:00,495.7699890136719,496.6400146484375,494.55999755859375,495.57501220703125,1061095
2025-11-07 19:30:00+00:00,496.7025146484375,497.4599914550781,495.1499938964844,495.7900085449219,1645935
2025-11-07 20:30:00+00:00,496.9200134277344,498.29998779296875,495.6099853515625,496.7300109863281,2409941
2025-11-10 14:30:00+00:00,504.5,506.489990234375,498.79998779296875,499.8500061035156,3813082
2025-11-10 15:30:00+00:00,502.07501220703125,504.6700134277344,501.5799865722656,504.5,1363021
2025-11-10 16:30:00+00:00,501.3349914550781,502.2098083496094,499.989990234375,502.07501220703125,1363650
2025-11-10 17:30:00+00:00,504.47198486328125,504.73431396484375,501.29998779296875,501.3714904785156,1000194
2025-11-10 18:30:00+00:00,504.80010986328125,505.92999267578125,503.9599914550781,504.510009765625,1033927
2025-11-10 19:30:00+00:00,505.80999755859375,506.7699890136719,504.8299865722656,504.8500061035156,1169626
2025-11-10 20:30:00+00:00,506.0,506.7099914550781,505.0199890136719,505.80999755859375,10316610
2025-11-11 14:30:00+00:00,504.7294921875,506.20001220703125,502.6000061035156,504.79998779296875,1795578
2025-11-11 15:30:00+00:00,503.45001220703125,504.82000732421875,502.3487854003906,504.7200012207031,1090927
2025-11-11 16:30:00+00:00,504.70001220703125,505.44000244140625,502.95001220703125,503.45001220703125,681031
2025-11-11 17:30:00+00:00,506.6300048828125,506.7900085449219,504.3399963378906,504.7049865722656,662169
2025-11-11 18:30:00+00:00,509.159912109375,509.2013854980469,506.6116943359375,506.70001220703125,1020976
2025-11-11 19:30:00+00:00,508.9200134277344,509.55999755859375,508.6400146484375,509.1499938964844,875916
2025-11-11 20:30:00+00:00,508.82000732421875,509.6000061035156,508.0299987792969,508.9100036621094,1464317
2025-11-12 14:30:00+00:00,505.69500732421875,509.25,504.75,509.05999755859375,3026898
2025-11-12 15:30:00+00:00,501.7049865722656,505.760009765625,499.75,505.7049865722656,2115827
2025-11-12 16:30:00+00:00,501.9100036621094,502.5299987792969,499.1200866699219,501.69000244140625,1543142
2025-11-12 17:30:00+00:00,508.2300109863281,508.5,501.75,501.9100036621094,1973662
2025-11-12 18:30:00+00:00,509.510009765625,510.07000732421875,507.8500061035156,508.239990234375,1361268
2025-11-12 19:30:00+00:00,510.80499267578125,511.4700012207031,509.44000244140625,509.5400085449219,1661864
2025-11-12 20:30:00+00:00,511.3900146484375,511.6700134277344,510.2200012207031,510.80499267578125,2261909
2025-11-13 14:30:00+00:00,511.6535949707031,513.5,505.45001220703125,510.30999755859375,4251762
2025-11-13 15:30:00+00:00,509.9150085449219,512.9400024414062,509.2699890136719,511.6499938964844,1796323
2025-11-13 16:30:00+00:00,509.7049865722656,510.45001220703125,508.010009765625,509.9700012207031,1119963
2025-11-13 17:30:00+00:00,506.92999267578125,510.03729248046875,506.760009765625,509.7799987792969,782745
2025-11-13 18:30:00+00:00,504.6400146484375,506.94000244140625,502.94000244140625,506.92999267578125,1616304
2025-11-13 19:30:00+00:00,502.7799987792969,504.9100036621094,501.2900085449219,504.6400146484375,1684269
2025-11-13 20:30:00+00:00,503.2760009765625,504.1449890136719,501.8309020996094,502.7900085449219,1982063
2025-11-14 14:30:00+00:00,505.41729736328125,506.2250061035156,497.44000244140625,498.2300109863281,5508611
2025-11-14 15:30:00+00:00,509.5,509.5,504.8999938964844,505.3699951171875,1606836
2025-11-14 16:30:00+00:00,509.6400146484375,511.4100036621094,508.1199951171875,509.510009765625,1398752
2025-11-14 17:30:00+00:00,508.0101013183594,509.89990234375,507.4100036621094,509.6499938964844,910012
2025-11-14 18:30:00+00:00,510.44000244140625,510.7799987792969,507.6199951171875,508.010009765625,1427094
2025-11-14 19:30:00+00:00,510.05999755859375,511.6000061035156,509.6000061035156,510.4599914550781,1335354
2025-11-14 20:30:00+00:00,510.3699951171875,510.4035949707031,508.7099914550781,510.0400085449219,1492674
2025-11-17 14:30:00+00:00,507.4800109863281,512.1199951171875,506.17999267578125,508.44500732421875,2904674
2025-11-17 15:30:00+00:00,507.3299865722656,508.3699951171875,505.6000061035156,507.4993896484375,977864
2025-11-17 16:30:00+00:00,510.31500244140625,510.79998779296875,507.2300109863281,507.32000732421875,858375
2025-11-17 17:30:00+00:00,507.989990234375,510.5299987792969,507.2850036621094,510.3299865722656,617804
2025-11-17 18:30:00+00:00,506.8900146484375,509.20001220703125,506.1099853515625,507.9599914550781,662204
2025-11-17 19:30:00+00:00,506.3299865722656,507.260009765625,504.9200134277344,506.8699951171875,1084632
2025-11-17 20:30:00+00:00,507.489990234375,507.7200012207031,505.989990234375,506.3550109863281,1380646
2025-11-18 14:30:00+00:00,493.5400085449219,502.9800109863281,492.5,495.0899963378906,6497012
2025-11-18 15:30:00+00:00,492.2300109863281,494.0,486.7799987792969,493.5400085449219,3690111
2025-11-18 16:30:00+00:00,488.84991455078125,494.44000244140625,488.6300048828125,492.2049865722656,2283365
2025-11-18 17:30:00+00:00,492.1300048828125,493.3299865722656,487.8999938964844,488.80499267578125,1607862
2025-11-18 18:30:00+00:00,493.0799865722656,493.4700012207031,491.6050109863281,492.1600036621094,1125959
2025-11-18 19:30:00+00:00,495.260009765625,495.2699890136719,492.8100891113281,493.1300048828125,1562396
2025-11-18 20:30:00+00:00,493.79998779296875,495.7398986816406,493.5,495.260009765625,9271064
2025-11-19 14:30:00+00:00,494.70001220703125,495.18719482421875,488.95001220703125,490.1000061035156,3013167
2025-11-19 15:30:00+00:00,489.1950988769531,494.8500061035156,487.8299865722656,494.68499755859375,1780414
2025-11-19 16:30:00+00:00,487.3713073730469,489.6099853515625,486.125,489.1099853515625,1456044
2025-11-19 17:30:00+00:00,486.20098876953125,487.3999938964844,484.20001220703125,487.3699951171875,1636881
2025-11-19 18:30:00+00:00,484.3399963378906,487.32000732421875,484.28009033203125,486.1499938964844,1248171
2025-11-19 19:30:00+00:00,487.5299987792969,487.8529968261719,482.8299865722656,484.32000732421875,1613253
2025-11-19 20:30:00+00:00,486.9800109863281,488.6300048828125,485.7699890136719,487.510009765625,1871706
2025-11-20 14:30:00+00:00,492.80999755859375,493.5199890136719,489.79998779296875,492.7099914550781,3562081
2025-11-20 15:30:00+00:00,486.6700134277344,493.1099853515625,485.9599914550781,492.82000732421875,1967094
2025-11-20 16:30:00+00:00,481.7699890136719,487.1449890136719,480.3599853515625,486.6000061035156,2294172
2025-11-20 17:30:00+00:00,482.0,483.3699951171875,479.19000244140625,481.7900085449219,1790301
2025-11-20 18:30:00+00:00,479.94500732421875,482.3500061035156,478.2900085449219,481.8999938964844,1377606
2025-11-20 19:30:00+00:00,478.9800109863281,480.6000061035156,478.3299865722656,479.9100036621094,1513301
2025-11-20 20:30:00+00:00,478.2900085449219,479.42999267578125,476.05999755859375,478.989990234375,2407589
2025-11-21 14:30:00+00:00,473.31500244140625,478.9200134277344,469.3599853515625,478.3900146484375,7564442
2025-11-21 15:30:00+00:00,471.0450134277344,474.0450134277344,468.2699890136719,473.2799987792969,2770253
2025-11-21 16:30:00+00:00,474.260009765625,475.7699890136719,469.92999267578125,471.0639953613281,1872762
2025-11-21 17:30:00+00:00,472.82000732421875,475.43499755859375,471.0,474.3800048828125,1260590
2025-11-21 18:30:00+00:00,476.57000732421875,476.8999938964844,472.6499938964844,472.82000732421875,1386177
2025-11-21 19:30:00+00:00,473.3900146484375,476.82000732421875,473.385009765625,476.6099853515625,1441643
2025-11-21 20:30:00+00:00,472.2200012207031,474.19000244140625,470.7074890136719,473.3900146484375,2090107
2025-11-24 14:30:00+00:00,472.4200134277344,476.17999267578125,468.0199890136719,475.0,5626447
2025-11-24 15:30:00+00:00,475.3299865722656,475.7200012207031,472.0,472.4599914550781,1866844
2025-11-24 16:30:00+00:00,475.80999755859375,476.8999938964844,474.6300048828125,475.375,2328420
2025-11-24 17:30:00+00:00,475.32000732421875,476.3800048828125,474.8900146484375,475.8450927734375,1129854
2025-11-24 18:30:00+00:00,474.1199951171875,475.3999938964844,473.8699951171875,475.2799987792969,1120119
2025-11-24 19:30:00+00:00,474.29998779296875,475.04998779296875,473.8299865722656,474.1440124511719,1240769
2025-11-24 20:30:00+00:00,473.7900085449219,476.510009765625,473.54998779296875,474.2799987792969,2390272
2025-11-25 14:30:00+00:00,468.3800048828125,474.4599914550781,464.8918151855469,474.3949890136719,4558757
2025-11-25 15:30:00+00:00,472.1499938964844,472.3599853515625,468.3370056152344,468.3800048828125,1948411
2025-11-25 16:30:00+00:00,475.989990234375,477.05999755859375,472.19000244140625,472.20001220703125,1822911
2025-11-25 17:30:00+00:00,476.7449951171875,477.20989990234375,475.4200134277344,476.010009765625,1113246
2025-11-25 18:30:00+00:00,476.3800048828125,477.760009765625,476.19000244140625,476.75,1040166
2025-11-25 19:30:00+00:00,477.0885009765625,477.3799133300781,475.3949890136719,476.3840026855469,1286865
2025-11-25 20:30:00+00:00,476.92999267578125,478.9700012207031,476.739990234375,477.1199951171875,7486043
2025-11-26 14:30:00+00:00,483.239990234375,487.9700012207031,481.2099914550781,486.04998779296875,4843496
2025-11-26 15:30:00+00:00,486.7854919433594,487.0050048828125,483.29998779296875,483.30999755859375,1859391
2025-11-26 16:30:00+00:00,486.7900085449219,488.3030090332031,486.3299865722656,486.8399963378906,1474580
2025-11-26 17:30:00+00:00,486.83160400390625,487.82000732421875,485.6300048828125,486.8299865722656,1283809
2025-11-26 18:30:00+00:00,486.82000732421875,487.18499755859375,485.8500061035156,486.8299865722656,1100010
2025-11-26 19:30:00+00:00,487.25,487.67999267578125,485.5899963378906,486.9179992675781,1214849
2025-11-26 20:30:00+00:00,485.489990234375,487.6300048828125,485.0,487.239990234375,1838870
2025-11-28 14:30:00+00:00,490.5799865722656,491.79998779296875,486.6499938964844,487.5950012207031,3707413
2025-11-28 15:30:00+00:00,491.29998779296875,492.6300048828125,490.54998779296875,490.5799865722656,1310232
2025-11-28 16:30:00+00:00,491.1449890136719,492.4200134277344,490.8900146484375,491.3399963378906,1045697
2025-12-01 14:30:00+00:00,486.79998779296875,488.7591857910156,484.6474914550781,487.9599914550781,3532361
2025-12-01 15:30:00+00:00,488.30499267578125,489.0174865722656,485.7001037597656,486.7900085449219,1278138
2025-12-01 16:30:00+00:00,488.9100036621094,489.8598937988281,487.6600036621094,488.2900085449219,785583
2025-12-01 17:30:00+00:00,488.6650085449219,489.3900146484375,488.4949951171875,488.8900146484375,787685
2025-12-01 18:30:00+00:00,487.8599853515625,489.05999755859375,487.7699890136719,488.6700134277344,822496
2025-12-01 19:30:00+00:00,487.80999755859375,487.94989013671875,486.760009765625,487.8399963378906,898825
2025-12-01 20:30:00+00:00,486.8299865722656,488.1300048828125,485.6700134277344,487.80999755859375,1956383
2025-12-02 14:30:00+00:00,490.5249938964844,491.510009765625,486.32000732421875,486.67999267578125,2714639
2025-12-02 15:30:00+00:00,489.6000061035156,492.2799987792969,489.4512939453125,490.54998779296875,1563473
2025-12-02 16:30:00+00:00,493.2099914550781,493.4999084472656,489.0400085449219,489.5799865722656,1011496
2025-12-02 17:30:00+00:00,490.0899963378906,493.45001220703125,489.6700134277344,493.2149963378906,1015404
2025-12-02 18:30:00+00:00,489.8485107421875,490.6799011230469,489.1449890136719,490.07000732421875,796441
2025-12-02 19:30:00+00:00,490.2300109863281,490.4800109863281,489.5799865722656,489.80999755859375,780550
2025-12-02 20:30:00+00:00,490.05999755859375,490.82000732421875,488.5299987792969,490.2300109863281,1093944
2025-12-03 14:30:00+00:00,478.32000732421875,479.95989990234375,475.20001220703125,476.2900085449219,7007422
2025-12-03 15:30:00+00:00,480.1300048828125,484.239990234375,478.18109130859375,478.32000732421875,4823205
2025-12-03 16:30:00+00:00,482.4200134277344,482.42999267578125,479.4700012207031,480.07000732421875,1867393
2025-12-03 17:30:00+00:00,481.70001220703125,483.82989501953125,481.45001220703125,482.3999938964844,1312554
2025-12-03 18:30:00+00:00,481.7300109863281,481.9599914550781,480.239990234375,481.7699890136719,1141313
2025-12-03 19:30:00+00:00,482.3299865722656,483.19000244140625,481.635009765625,481.7300109863281,1195436
2025-12-03 20:30:00+00:00,477.739990234375,482.4849853515625,477.55999755859375,482.3349914550781,3135949
2025-12-04 14:30:00+00:00,478.0450134277344,481.3219909667969,476.6615905761719,479.30999755859375,3444491
2025-12-04 15:30:00+00:00,478.17999267578125,478.9898986816406,476.489990234375,478.0450134277344,1294765
2025-12-04 16:30:00+00:00,478.2799987792969,478.9999084472656,477.54998779296875,478.125,1051770
2025-12-04 17:30:00+00:00,478.9750061035156,480.1300048828125,477.3599853515625,478.2799987792969,1249476
2025-12-04 18:30:00+00:00,477.2101135253906,479.1400146484375,476.70001220703125,478.989990234375,1220192
2025-12-04 19:30:00+00:00,479.50799560546875,479.9700012207031,477.1300048828125,477.2799987792969,1547941
2025-12-04 20:30:00+00:00,480.82000732421875,480.9700012207031,479.2799987792969,479.5,1212123
2025-12-05 14:30:00+00:00,483.125,483.260009765625,480.3500061035156,482.5,2995600
2025-12-05 15:30:00+00:00,479.2763977050781,483.3999938964844,478.95001220703125,483.1300048828125,1771912
2025-12-05 16:30:00+00:00,480.3299865722656,480.5611877441406,478.8800964355469,479.2799987792969,1018934
2025-12-05 17:30:00+00:00,481.3599853515625,481.4200134277344,479.8599853515625,480.32501220703125,749322
2025-12-05 18:30:00+00:00,481.8299865722656,482.07000732421875,481.10009765625,481.3900146484375,897324
2025-12-05 19:30:00+00:00,481.94000244140625,482.17498779296875,481.4200134277344,481.8299865722656,861329
2025-12-05 20:30:00+00:00,483.0299987792969,483.3399963378906,481.5199890136719,481.95001220703125,6424468
2025-12-08 14:30:00+00:00,489.07720947265625,490.5199890136719,484.3800048828125,484.885009765625,3442595
2025-12-08 15:30:00+00:00,491.489990234375,492.29998779296875,488.3900146484375,489.07501220703125,1631887
2025-12-08 16:30:00+00:00,490.6400146484375,491.6400146484375,490.5199890136719,491.5299987792969,1057622
2025-12-08 17:30:00+00:00,490.8905029296875,492.05999755859375,490.1000061035156,490.656005859375,1131610
2025-12-08 18:30:00+00:00,490.3900146484375,491.0474853515625,489.3800964355469,490.80999755859375,857571
2025-12-08 19:30:00+00:00,489.8949890136719,490.3599853515625,489.31170654296875,490.3599853515625,1078837
2025-12-08 20:30:00+00:00,491.1199951171875,491.20001220703125,488.9700012207031,489.8900146484375,1521777
2025-12-09 14:30:00+00:00,490.4700012207031,491.94000244140625,488.5000915527344,491.0199890136719,2206572
2025-12-09 15:30:00+00:00,490.7200012207031,491.1300048828125,489.8399963378906,490.4700012207031,858330
2025-12-09 16:30:00+00:00,489.95001220703125,492.1000061035156,489.95001220703125,490.7200012207031,760850
2025-12-09 17:30:00+00:00,490.3800048828125,490.489990234375,489.5,489.9800109863281,958263
2025-12-09 18:30:00+00:00,490.8900146484375,491.19000244140625,490.2200012207031,490.3800048828125,527622
2025-12-09 19:30:00+00:00,490.9549865722656,491.3699951171875,489.9800109863281,490.8900146484375,671392
2025-12-09 20:30:00+00:00,492.05999755859375,492.1000061035156,490.82000732421875,490.9549865722656,3546772
2025-12-10 14:30:00+00:00,480.3900146484375,484.25,478.6099853515625,484.0299987792969,4407586
2025-12-10 15:30:00+00:00,480.364990234375,480.6000061035156,478.0899963378906,480.3999938964844,2242212
2025-12-10 16:30:00+00:00,481.6000061035156,481.7699890136719,480.1099853515625,480.3999938964844,1205981
2025-12-10 17:30:00+00:00,477.2900085449219,482.412109375,476.8500061035156,481.6000061035156,2257500
2025-12-10 18:30:00+00:00,476.4700012207031,479.19000244140625,476.0400085449219,477.2799987792969,2388387
2025-12-10 19:30:00+00:00,478.05999755859375,479.6499938964844,475.0799865722656,476.4732971191406,3137199
2025-12-10 20:30:00+00:00,478.5215148925781,479.44000244140625,476.6499938964844,478.1099853515625,3156115
2025-12-11 14:30:00+00:00,480.3500061035156,482.1400146484375,475.8599853515625,476.55999755859375,3902934
2025-12-11 15:30:00+00:00,478.951904296875,481.2200012207031,478.92999267578125,480.385009765625,1387331
2025-12-11 16:30:00+00:00,480.66680908203125,481.5350036621094,478.9200134277344,478.95001220703125,1074923
2025-12-11 17:30:00+00:00,482.010009765625,484.3299865722656,479.79998779296875,480.70001220703125,1680983
2025-12-11 18:30:00+00:00,485.45001220703125,486.0299987792969,481.53009033203125,482.0350036621094,1967481
2025-12-11 19:30:00+00:00,484.3800048828125,485.7499084472656,484.29998779296875,485.4649963378906,1089784
2025-12-11 20:30:00+00:00,483.69000244140625,484.3949890136719,482.3236083984375,484.3949890136719,1534951
2025-12-12 14:30:00+00:00,478.44500732421875,482.45001220703125,478.3299865722656,480.6199951171875,2999847
2025-12-12 15:30:00+00:00,477.76849365234375,480.6000061035156,476.3599853515625,478.44000244140625,2058673
2025-12-12 16:30:00+00:00,477.7650146484375,478.7200012207031,476.8399963378906,477.69000244140625,1289724
2025-12-12 17:30:00+00:00,478.8299865722656,479.4200134277344,477.1700134277344,477.760009765625,1111781
2025-12-12 18:30:00+00:00,478.9501037597656,479.4150085449219,478.2300109863281,478.8500061035156,764406
2025-12-12 19:30:00+00:00,478.2550048828125,479.2900085449219,477.7699890136719,478.9800109863281,1011975
2025-12-12 20:30:00+00:00,478.4700012207031,478.95001220703125,477.3500061035156,478.25,1603990
2025-12-15 14:30:00+00:00,473.0,480.7204895019531,472.5199890136719,480.1000061035156,3522559
2025-12-15 15:30:00+00:00,475.260009765625,475.54998779296875,472.7950134277344,472.9949951171875,1523327
2025-12-15 16:30:00+00:00,474.3999938964844,475.5199890136719,473.5,475.29998779296875,1090007
2025-12-15 17:30:00+00:00,473.6199951171875,475.1600036621094,473.20001220703125,474.4150085449219,919758
2025-12-15 18:30:00+00:00,474.1000061035156,474.93231201171875,473.25,473.6199951171875,999011
2025-12-15 19:30:00+00:00,474.61749267578125,474.69000244140625,473.5799865722656,474.1000061035156,1820957
2025-12-15 20:30:00+00:00,474.82000732421875,476.4800109863281,474.4150085449219,474.6600036621094,5631677
2025-12-16 14:30:00+00:00,474.010009765625,475.19000244140625,470.8800048828125,471.9049987792969,2993923
2025-12-16 15:30:00+00:00,473.55499267578125,475.1199951171875,472.1099853515625,474.010009765625,1381039
2025-12-16 16:30:00+00:00,474.32000732421875,475.3399963378906,472.9599914550781,473.5400085449219,976490
2025-12-16 17:30:00+00:00,473.05999755859375,474.8999938964844,472.2699890136719,474.32000732421875,1009496
2025-12-16 18:30:00+00:00,475.2300109863281,476.0,473.0299987792969,473.0299987792969,998640
2025-12-16 19:30:00+00:00,476.54998779296875,477.30499267578125,475.0784912109375,475.2099914550781,1277220
2025-12-16 20:30:00+00:00,476.239990234375,477.8900146484375,476.0574951171875,476.54998779296875,1442659
2025-12-17 14:30:00+00:00,477.739990234375,478.5299987792969,475.3212890625,476.9049987792969,2376611
2025-12-17 15:30:00+00:00,477.1000061035156,478.010009765625,475.42999267578125,477.6700134277344,1539535
2025-12-17 16:30:00+00:00,477.2550048828125,477.7598876953125,475.2200012207031,477.07000732421875,1345771
2025-12-17 17:30:00+00:00,478.54998779296875,478.9549865722656,476.7099914550781,477.25,1265886
2025-12-17 18:30:00+00:00,478.8349914550781,479.2099914550781,477.5799865722656,478.5315856933594,1012360
2025-12-17 19:30:00+00:00,478.19000244140625,479.8800048828125,478.0400085449219,478.82501220703125,1316054
2025-12-17 20:30:00+00:00,476.07501220703125,478.8399963378906,476.0,478.2200012207031,2428450
2025-12-18 14:30:00+00:00,484.739990234375,485.3949890136719,477.8900146484375,478.19000244140625,3656603
2025-12-18 15:30:00+00:00,487.6499938964844,488.07501220703125,484.29058837890625,484.739990234375,2252036
2025-12-18 16:30:00+00:00,484.927490234375,489.6000061035156,484.19000244140625,487.6000061035156,1600888
2025-12-18 17:30:00+00:00,486.4801025390625,487.1499938964844,484.7723083496094,484.9599914550781,1566031
2025-12-18 18:30:00+00:00,485.54998779296875,487.43548583984375,484.9700012207031,486.57000732421875,987969
2025-12-18 19:30:00+00:00,484.5985107421875,485.6600036621094,483.3900146484375,485.5600891113281,1040538
2025-12-18 20:30:00+00:00,483.8800048828125,486.0199890136719,483.8500061035156,484.6099853515625,1427741
2025-12-19 14:30:00+00:00,485.5303039550781,487.8500061035156,482.95001220703125,487.3599853515625,9943215
2025-12-19 15:30:00+00:00,485.1684875488281,486.7825012207031,484.1099853515625,485.510009765625,1197890
2025-12-19 16:30:00+00:00,485.875,486.1299133300781,484.239990234375,485.1499938964844,1175839
2025-12-19 17:30:00+00:00,485.25,485.875,484.6499938964844,485.875,816890
2025-12-19 18:30:00+00:00,484.2455139160156,485.3299865722656,484.0400085449219,485.2449951171875,923877
2025-12-19 19:30:00+00:00,482.92999267578125,484.55999755859375,482.6050109863281,484.2550048828125,1204265
2025-12-19 20:30:00+00:00,486.05999755859375,487.1499938964844,482.489990234375,482.9100036621094,3360694
2025-12-22 14:30:00+00:00,484.6050109863281,488.7300109863281,482.69000244140625,486.67999267578125,3106486
2025-12-22 15:30:00+00:00,485.6495056152344,486.0899963378906,484.0474853515625,484.6199951171875,1250076
2025-12-22 16:30:00+00:00,485.8500061035156,486.5148010253906,484.92999267578125,485.6449890136719,979729
2025-12-22 17:30:00+00:00,485.75,486.3299865722656,485.5824890136719,485.8399963378906,651705
2025-12-22 18:30:00+00:00,485.8800048828125,486.2900085449219,485.42498779296875,485.75,707111
2025-12-22 19:30:00+00:00,484.9700012207031,486.0,484.6600036621094,485.8699951171875,1098508
2025-12-22 20:30:00+00:00,484.8500061035156,485.3800048828125,484.3699951171875,484.9700012207031,1200081
2025-12-23 14:30:00+00:00,485.8949890136719,487.82989501953125,485.0199890136719,486.3599853515625,2204097
2025-12-23 15:30:00+00:00,486.80999755859375,487.1050109863281,485.7300109863281,485.8800048828125,1091161
2025-12-23 16:30:00+00:00,486.6700134277344,487.2900085449219,486.260009765625,486.80999755859375,812263
2025-12-23 17:30:00+00:00,486.4800109863281,486.82000732421875,486.03009033203125,486.6600036621094,636202
2025-12-23 18:30:00+00:00,487.0899963378906,487.27899169921875,486.25,486.4800109863281,719231
2025-12-23 19:30:00+00:00,487.2749938964844,487.4700012207031,486.989990234375,487.0849914550781,871880
2025-12-23 20:30:00+00:00,486.5,487.5,486.45001220703125,487.2650146484375,1101226
2025-12-24 14:30:00+00:00,487.7987976074219,487.9800109863281,484.8299865722656,485.79998779296875,1308100
2025-12-24 15:30:00+00:00,488.44000244140625,488.5347900390625,487.2699890136719,487.80999755859375,753356
2025-12-24 16:30:00+00:00,488.6099853515625,489.1625061035156,488.25,488.45001220703125,905891
2025-12-26 14:30:00+00:00,486.6199951171875,488.1199951171875,485.9599914550781,486.7049865722656,1300726
2025-12-26 15:30:00+00:00,487.34259033203125,487.3699951171875,486.3500061035156,486.6199951171875,658260
2025-12-26 16:30:00+00:00,487.93499755859375,488.1000061035156,486.8999938964844,487.3399963378906,571546
2025-12-26 17:30:00+00:00,486.79998779296875,487.92498779296875,486.24749755859375,487.8900146484375,615640
2025-12-26 18:30:00+00:00,487.45001220703125,487.8900146484375,486.79998779296875,486.79998779296875,420288
2025-12-26 19:30:00+00:00,487.2200012207031,487.6000061035156,486.8999938964844,487.45001220703125,493344
2025-12-26 20:30:00+00:00,487.7850036621094,487.8800048828125,487.1099853515625,487.2300109863281,712739
2025-12-29 14:30:00+00:00,487.3599853515625,488.3500061035156,484.17999267578125,484.8550109863281,1576069
2025-12-29 15:30:00+00:00,485.7449951171875,488.0,485.3999938964844,487.385009765625,838236
2025-12-29 16:30:00+00:00,484.94000244140625,485.8998107910156,484.7300109863281,485.70001220703125,584818
2025-12-29 17:30:00+00:00,485.625,485.69500732421875,484.739990234375,484.94000244140625,1794777
2025-12-29 18:30:00+00:00,486.3299865722656,486.3500061035156,485.1199951171875,485.6099853515625,0
2025-12-29 19:30:00+00:00,487.07000732421875,487.6099853515625,486.2699890136719,486.3599853515625,599093
2025-12-29 20:30:00+00:00,487.10101318359375,487.31500244140625,486.3999938964844,487.07000732421875,2713923
2025-12-30 14:30:00+00:00,487.3800048828125,489.1400146484375,486.0911865234375,486.125,2288112
2025-12-30 15:30:00+00:00,488.5799865722656,489.6700134277344,487.0899963378906,487.3500061035156,986267
2025-12-30 16:30:00+00:00,488.0799865722656,488.8598937988281,487.82000732421875,488.57501220703125,644724
2025-12-30 17:30:00+00:00,488.2099914550781,488.57000732421875,487.95001220703125,488.0799865722656,639132
2025-12-30 18:30:00+00:00,488.5498962402344,488.8599853515625,488.1700134277344,488.17999267578125,658606
2025-12-30 19:30:00+00:00,487.80499267578125,488.6650085449219,487.3900146484375,488.55999755859375,695978
2025-12-30 20:30:00+00:00,487.54998779296875,488.6600036621094,487.42999267578125,487.80499267578125,1213290
2025-12-31 14:30:00+00:00,485.6549987792969,488.1400146484375,485.2300109863281,487.25,1874790
2025-12-31 15:30:00+00:00,485.2699890136719,485.70001220703125,484.2900085449219,485.6300048828125,997432
2025-12-31 16:30:00+00:00,485.09600830078125,485.8999938964844,484.79998779296875,485.2799987792969,672479
2025-12-31 17:30:00+00:00,485.8785095214844,485.8900146484375,484.9800109863281,485.0763854980469,487595
2025-12-31 18:30:00+00:00,485.7300109863281,486.69500732421875,485.7099914550781,485.885009765625,643407
2025-12-31 19:30:00+00:00,483.5,485.80999755859375,483.30010986328125,485.760009765625,753120
2025-12-31 20:30:00+00:00,483.6499938964844,484.44000244140625,483.29998779296875,483.4800109863281,1251465
2026-01-02 14:30:00+00:00,475.364990234375,484.6600036621094,474.8800048828125,483.0,3773820
2026-01-02 15:30:00+00:00,473.15301513671875,476.79998779296875,472.4200134277344,475.32000732421875,2402721
2026-01-02 16:30:00+00:00,473.885009765625,473.9200134277344,472.7099914550781,473.1199951171875,1749730
2026-01-02 17:30:00+00:00,471.8599853515625,474.07000732421875,471.7799987792969,473.9049987792969,1265993
2026-01-02 18:30:00+00:00,472.5899963378906,472.79998779296875,470.1600036621094,471.8500061035156,1555439
2026-01-02 19:30:00+00:00,472.5249938964844,473.3399963378906,471.760009765625,472.5799865722656,1417082
2026-01-02 20:30:00+00:00,472.92999267578125,473.0,471.2300109863281,472.510009765625,2054665
2026-01-05 14:30:00+00:00,473.06988525390625,473.55999755859375,469.510009765625,473.260009765625,4126530
2026-01-05 15:30:00+00:00,474.17999267578125,474.29998779296875,471.80999755859375,473.07000732421875,2038527
2026-01-05 16:30:00+00:00,475.3999938964844,476.0528869628906,474.12689208984375,474.1600036621094,1581258
2026-01-05 17:30:00+00:00,474.82501220703125,475.9599914550781,473.739990234375,475.4049987792969,1394687
2026-01-05 18:30:00+00:00,474.7200012207031,475.9200134277344,474.57000732421875,474.8299865722656,1242072
2026-01-05 19:30:00+00:00,473.7049865722656,474.8500061035156,473.3999938964844,474.69000244140625,1515580
2026-01-05 20:30:00+00:00,472.9200134277344,474.5,472.0400085449219,473.7124938964844,1899395
2026-01-06 14:30:00+00:00,471.69500732421875,473.95001220703125,469.75,473.75,3045187
2026-01-06 15:30:00+00:00,472.2149963378906,472.6449890136719,471.5199890136719,471.6700134277344,1476731
2026-01-06 16:30:00+00:00,472.7200012207031,473.1199951171875,471.1199951171875,472.2149963378906,994325
2026-01-06 17:30:00+00:00,474.17498779296875,475.739990234375,472.7300109863281,472.75,1391933
2026-01-06 18:30:00+00:00,476.8500061035156,476.9812927246094,474.0105895996094,474.04998779296875,1092382
2026-01-06 19:30:00+00:00,477.20001220703125,477.8385009765625,476.17999267578125,476.42999267578125,1202016
2026-01-06 20:30:00+00:00,478.07000732421875,478.4800109863281,476.8699951171875,477.1570129394531,891428
2026-01-07 14:30:00+00:00,483.4100036621094,485.1199951171875,477.95001220703125,479.55999755859375,3656227
2026-01-07 15:30:00+00:00,487.7300109863281,489.6994934082031,483.3599853515625,483.3800048828125,2660134
2026-01-07 16:30:00+00:00,488.2300109863281,488.80999755859375,486.79998779296875,487.7300109863281,1537954
2026-01-07 17:30:00+00:00,488.3200988769531,489.1650085449219,487.6600036621094,488.19000244140625,1195671
2026-01-07 18:30:00+00:00,485.489990234375,488.8500061035156,485.2001037597656,488.3599853515625,1156359
2026-01-07 19:30:00+00:00,484.55999755859375,485.5,484.1400146484375,485.4800109863281,1030233
2026-01-07 20:30:00+00:00,483.4700012207031,484.55999755859375,483.0199890136719,484.5199890136719,1505080
2026-01-08 14:30:00+00:00,478.6000061035156,482.6600036621094,475.8599853515625,482.25,2634773
2026-01-08 15:30:00+00:00,477.5899963378906,478.7300109863281,477.0264892578125,478.5400085449219,1303043
2026-01-08 16:30:00+00:00,477.6050109863281,478.95001220703125,476.4750061035156,477.5899963378906,965365
2026-01-08 17:30:00+00:00,477.5849914550781,478.82000732421875,477.05999755859375,477.5899963378906,810369
2026-01-08 18:30:00+00:00,476.7950134277344,477.9800109863281,476.1099853515625,477.55999755859375,760579
2026-01-08 19:30:00+00:00,478.260009765625,478.3399963378906,476.0799865722656,476.79180908203125,1064948
2026-01-08 20:30:00+00:00,478.0400085449219,478.8599853515625,477.5,478.239990234375,1271896
2026-01-09 14:30:00+00:00,475.7799987792969,476.3399963378906,472.2001037597656,476.0,3387349
2026-01-09 15:30:00+00:00,476.4700012207031,476.75,473.6300964355469,475.7799987792969,1719057
2026-01-09 16:30:00+00:00,477.54998779296875,478.1000061035156,476.1199951171875,476.4800109863281,1029134
2026-01-09 17:30:00+00:00,476.8500061035156,477.82000732421875,475.875,477.5400085449219,905362
2026-01-09 18:30:00+00:00,478.44500732421875,479.260009765625,476.7850036621094,476.80999755859375,945673
2026-01-09 19:30:00+00:00,479.5799865722656,479.69000244140625,478.260009765625,478.4800109863281,928333
2026-01-09 20:30:00+00:00,479.20001220703125,479.82000732421875,478.8900146484375,479.55999755859375,1077870
2026-01-12 14:30:00+00:00,478.5740966796875,480.9599914550781,475.6802978515625,476.6700134277344,3161780
2026-01-12 15:30:00+00:00,478.7856140136719,479.7200012207031,478.05999755859375,478.5813903808594,1140609
2026-01-12 16:30:00+00:00,478.4599914550781,479.8500061035156,478.1199951171875,478.7799987792969,1059575
2026-01-12 17:30:00+00:00,478.5299987792969,478.88751220703125,477.9700012207031,478.4599914550781,769808
2026-01-12 18:30:00+00:00,479.1400146484375,479.2900085449219,477.8699951171875,478.510009765625,903532
2026-01-12 19:30:00+00:00,479.239990234375,480.6600036621094,479.04998779296875,479.1499938964844,1192696
2026-01-12 20:30:00+00:00,477.19000244140625,479.2300109863281,476.70001220703125,479.2300109863281,1711089
2026-01-13 14:30:00+00:00,468.239990234375,475.760009765625,467.6099853515625,474.67498779296875,4239307
2026-01-13 15:30:00+00:00,468.739990234375,468.9700012207031,465.95001220703125,468.239990234375,3118109
2026-01-13 16:30:00+00:00,469.7099914550781,471.2200012207031,468.3900146484375,468.739990234375,1599397
2026-01-13 17:30:00+00:00,468.7099914550781,470.08990478515625,467.29998779296875,469.739990234375,1454274
2026-01-13 18:30:00+00:00,466.8399963378906,468.9800109863281,465.989990234375,468.69000244140625,1612073
2026-01-13 19:30:00+00:00,468.239990234375,468.3999938964844,466.3999938964844,466.79998779296875,1893685
2026-01-13 20:30:00+00:00,470.7200012207031,471.0,467.42498779296875,468.239990234375,2203688
2026-01-14 14:30:00+00:00,464.6925048828125,468.1700134277344,463.20001220703125,467.3349914550781,3705306
2026-01-14 15:30:00+00:00,463.9049987792969,465.1099853515625,461.19000244140625,464.67999267578125,2123491
2026-01-14 16:30:00+00:00,461.6199951171875,464.29168701171875,460.7300109863281,463.92999267578125,1699793
2026-01-14 17:30:00+00:00,460.5799865722656,462.5150146484375,460.25,461.5899963378906,1631373
2026-01-14 18:30:00+00:00,458.8299865722656,460.7398986816406,458.1000061035156,460.5907897949219,1981300
2026-01-14 19:30:00+00:00,458.30499267578125,459.0199890136719,457.17010498046875,458.8699951171875,2335750
2026-01-14 20:30:00+00:00,459.3800048828125,459.8599853515625,457.75,458.2900085449219,3150988
2026-01-15 14:30:00+00:00,458.8399963378906,462.8424987792969,457.8999938964844,462.6449890136719,4532481
2026-01-15 15:30:00+00:00,460.04998779296875,460.92999267578125,457.5299987792969,458.8349914550781,2129068
2026-01-15 16:30:00+00:00,459.9800109863281,461.3800048828125,459.6600036621094,460.0199890136719,1078351
2026-01-15 17:30:00+00:00,459.4700012207031,460.20001220703125,459.07000732421875,459.9543151855469,1109709
2026-01-15 18:30:00+00:00,456.80999755859375,459.54998779296875,456.70001220703125,459.45001220703125,1511930
2026-01-15 19:30:00+00:00,456.6361083984375,457.92999267578125,455.9100036621094,456.7900085449219,1835586
2026-01-15 20:30:00+00:00,456.9100036621094,456.95001220703125,456.0299987792969,456.6600036621094,1609744
2026-01-16 14:30:00+00:00,459.760009765625,460.3599853515625,456.4800109863281,457.20001220703125,6417851
2026-01-16 15:30:00+00:00,459.82000732421875,460.0299987792969,457.9800109863281,459.7560119628906,1417223
2026-01-16 16:30:00+00:00,460.6099853515625,462.29998779296875,459.7149963378906,459.8500061035156,1648664
2026-01-16 17:30:00+00:00,462.5199890136719,462.9200134277344,460.1199951171875,460.6099853515625,1219088
2026-01-16 18:30:00+00:00,461.9599914550781,463.19000244140625,461.3800048828125,462.489990234375,1110925
2026-01-16 19:30:00+00:00,461.2101135253906,462.7300109863281,461.07501220703125,461.94000244140625,2698214
2026-01-16 20:30:00+00:00,459.8699951171875,461.5599060058594,459.4200134277344,461.19000244140625,6609817
