Datetime,Close,High,Low,Open,Volume
2025-01-17 14:30:00+00:00,2279.225341796875,2289.971923828125,2277.365234375,2281.65869140625,0
2025-01-17 15:30:00+00:00,2278.160888671875,2284.4345703125,2278.01318359375,2279.275390625,0
2025-01-17 16:30:00+00:00,2282.27392578125,2282.591064453125,2277.29052734375,2278.192626953125,0
2025-01-17 17:30:00+00:00,2278.823486328125,2282.82470703125,2278.823486328125,2282.280517578125,0
2025-01-17 18:30:00+00:00,2276.985595703125,2278.822509765625,2275.95654296875,2278.822509765625,0
2025-01-17 19:30:00+00:00,2272.319091796875,2277.018310546875,2269.22119140625,2276.962890625,0
2025-01-17 20:30:00+00:00,2275.72998046875,2278.3525390625,2272.25537109375,2272.279296875,0
2025-01-21 14:30:00+00:00,2303.638427734375,2303.638427734375,2286.397705078125,2286.397705078125,0
2025-01-21 15:30:00+00:00,2310.45361328125,2310.49560546875,2302.18798828125,2303.578125,0
2025-01-21 16:30:00+00:00,2312.62353515625,2312.62353515625,2308.911865234375,2310.455322265625,0
2025-01-21 17:30:00+00:00,2316.387939453125,2316.53955078125,2312.24169921875,2312.6328125,0
2025-01-21 18:30:00+00:00,2315.05810546875,2316.66259765625,2314.0185546875,2316.440673828125,0
2025-01-21 19:30:00+00:00,2316.622802734375,2316.839111328125,2313.08935546875,2315.0185546875,0
2025-01-21 20:30:00+00:00,2317.6640625,2318.80712890625,2313.9931640625,2316.628662109375,0
2025-01-22 14:30:00+00:00,2313.44384765625,2318.6328125,2312.03955078125,2316.143798828125,0
2025-01-22 15:30:00+00:00,2304.977783203125,2313.421875,2303.426025390625,2313.421875,0
2025-01-22 16:30:00+00:00,2307.1220703125,2308.466796875,2304.977783203125,2304.977783203125,0
2025-01-22 17:30:00+00:00,2305.32861328125,2307.825927734375,2301.904296875,2307.07763671875,0
2025-01-22 18:30:00+00:00,2305.30322265625,2308.42822265625,2305.02734375,2305.30859375,0
2025-01-22 19:30:00+00:00,2304.5205078125,2308.400634765625,2304.4677734375,2305.2705078125,0
2025-01-22 20:30:00+00:00,2303.94775390625,2306.744873046875,2303.35009765625,2304.53466796875,0
2025-01-23 14:30:00+00:00,2294.90234375,2296.921142578125,2289.271240234375,2296.111083984375,0
2025-01-23 15:30:00+00:00,2306.82470703125,2308.315185546875,2293.85693359375,2294.772216796875,0
2025-01-23 16:30:00+00:00,2310.32763671875,2310.81201171875,2305.730712890625,2306.84130859375,0
2025-01-23 17:30:00+00:00,2311.26171875,2313.809326171875,2308.4052734375,2310.343017578125,0
2025-01-23 18:30:00+00:00,2308.97705078125,2311.432861328125,2308.197021484375,2311.292236328125,0
2025-01-23 19:30:00+00:00,2312.54248046875,2313.22021484375,2308.4453125,2308.92626953125,0
2025-01-23 20:30:00+00:00,2314.44921875,2314.49267578125,2309.16015625,2312.519775390625,0
2025-01-24 14:30:00+00:00,2312.587646484375,2314.220703125,2304.22216796875,2312.3798828125,0
2025-01-24 15:30:00+00:00,2317.02001953125,2317.02001953125,2307.969482421875,2312.616943359375,0
2025-01-24 16:30:00+00:00,2320.337158203125,2322.2666015625,2315.813720703125,2317.060791015625,0
2025-01-24 17:30:00+00:00,2315.488037109375,2321.277587890625,2311.944580078125,2320.333740234375,0
2025-01-24 18:30:00+00:00,2308.815185546875,2315.964111328125,2307.95947265625,2315.50390625,0
2025-01-24 19:30:00+00:00,2303.150390625,2311.091064453125,2303.150390625,2308.74755859375,0
2025-01-24 20:30:00+00:00,2307.755615234375,2308.20458984375,2303.15625,2303.15625,0
2025-01-27 14:30:00+00:00,2309.66650390625,2311.79296875,2281.82080078125,2290.151123046875,0
2025-01-27 15:30:00+00:00,2289.493408203125,2309.675048828125,2289.493408203125,2309.675048828125,0
2025-01-27 16:30:00+00:00,2292.2880859375,2292.75634765625,2285.792724609375,2289.4775390625,0
2025-01-27 17:30:00+00:00,2277.6015625,2293.76708984375,2277.6015625,2292.3515625,0
2025-01-27 18:30:00+00:00,2281.385009765625,2281.385009765625,2274.064453125,2277.58642578125,0
2025-01-27 19:30:00+00:00,2278.106201171875,2282.371337890625,2273.670166015625,2281.398193359375,0
2025-01-27 20:30:00+00:00,2284.4052734375,2285.510498046875,2276.91552734375,2278.06298828125,0
2025-01-28 14:30:00+00:00,2290.462158203125,2290.8447265625,2278.865966796875,2287.107421875,0
2025-01-28 15:30:00+00:00,2278.898681640625,2291.812255859375,2278.674560546875,2290.428466796875,0
2025-01-28 16:30:00+00:00,2282.4697265625,2283.18896484375,2275.083984375,2278.8525390625,0
2025-01-28 17:30:00+00:00,2283.250732421875,2284.5244140625,2278.92333984375,2282.42041015625,0
2025-01-28 18:30:00+00:00,2282.9013671875,2284.697509765625,2279.28564453125,2283.26611328125,0
2025-01-28 19:30:00+00:00,2293.87060546875,2294.48486328125,2282.873779296875,2282.888916015625,0
2025-01-28 20:30:00+00:00,2288.821533203125,2294.665771484375,2288.330078125,2293.795654296875,0
2025-01-29 14:30:00+00:00,2295.263427734375,2300.865966796875,2286.15185546875,2286.57080078125,0
2025-01-29 15:30:00+00:00,2287.229736328125,2295.840576171875,2286.40771484375,2295.303955078125,0
2025-01-29 16:30:00+00:00,2288.349853515625,2289.337646484375,2285.93017578125,2287.20849609375,0
2025-01-29 17:30:00+00:00,2287.52783203125,2289.546630859375,2282.958251953125,2288.364990234375,0
2025-01-29 18:30:00+00:00,2271.3857421875,2288.795166015625,2269.114990234375,2287.5751953125,0
2025-01-29 19:30:00+00:00,2284.444580078125,2291.738037109375,2270.92724609375,2271.327392578125,0
2025-01-29 20:30:00+00:00,2283.123046875,2287.436767578125,2282.4970703125,2284.44384765625,0
2025-01-30 14:30:00+00:00,2307.093505859375,2315.666748046875,2299.82470703125,2299.82470703125,0
2025-01-30 15:30:00+00:00,2310.889404296875,2314.65283203125,2303.11083984375,2307.061767578125,0
2025-01-30 16:30:00+00:00,2307.677734375,2312.643798828125,2306.695556640625,2310.9072265625,0
2025-01-30 17:30:00+00:00,2312.497802734375,2313.419921875,2307.25634765625,2307.6953125,0
2025-01-30 18:30:00+00:00,2317.478515625,2317.6328125,2312.578125,2312.578125,0
2025-01-30 19:30:00+00:00,2318.9228515625,2320.528564453125,2316.50537109375,2317.461669921875,0
2025-01-30 20:30:00+00:00,2307.251708984375,2318.864990234375,2293.70654296875,2318.864990234375,0
2025-01-31 14:30:00+00:00,2315.158447265625,2315.21826171875,2306.2119140625,2307.7041015625,0
2025-01-31 15:30:00+00:00,2314.115234375,2316.996826171875,2312.5927734375,2315.187255859375,0
2025-01-31 16:30:00+00:00,2317.861328125,2317.861328125,2311.3876953125,2314.01806640625,0
2025-01-31 17:30:00+00:00,2304.317626953125,2322.28955078125,2304.314208984375,2317.924560546875,0
2025-01-31 18:30:00+00:00,2290.77490234375,2304.276611328125,2285.273193359375,2304.276611328125,0
2025-01-31 19:30:00+00:00,2280.770751953125,2293.382080078125,2278.779541015625,2290.814697265625,0
2025-01-31 20:30:00+00:00,2288.089111328125,2293.4677734375,2280.8095703125,2280.8095703125,0
2025-02-03 14:30:00+00:00,2261.622314453125,2261.622314453125,2229.510986328125,2244.81982421875,0
2025-02-03 15:30:00+00:00,2266.60546875,2271.16552734375,2259.640380859375,2261.6044921875,0
2025-02-03 16:30:00+00:00,2263.56494140625,2271.207763671875,2260.364501953125,2266.906494140625,0
2025-02-03 17:30:00+00:00,2257.862548828125,2263.356689453125,2254.427001953125,2263.356689453125,0
2025-02-03 18:30:00+00:00,2264.54345703125,2266.134521484375,2257.639404296875,2257.839111328125,0
2025-02-03 19:30:00+00:00,2262.565673828125,2267.062744140625,2262.561767578125,2264.4658203125,0
2025-02-03 20:30:00+00:00,2257.99853515625,2264.114990234375,2257.5361328125,2262.565673828125,0
2025-02-04 14:30:00+00:00,2275.153564453125,2278.982666015625,2257.109619140625,2257.194091796875,0
2025-02-04 15:30:00+00:00,2280.323486328125,2280.52734375,2273.19921875,2275.13037109375,0
2025-02-04 16:30:00+00:00,2275.097412109375,2282.401123046875,2275.097412109375,2280.334228515625,0
2025-02-04 17:30:00+00:00,2281.903564453125,2282.46923828125,2275.03271484375,2275.08056640625,0
2025-02-04 18:30:00+00:00,2285.190673828125,2286.03564453125,2280.437744140625,2281.875,0
2025-02-04 19:30:00+00:00,2285.09716796875,2286.739013671875,2283.033447265625,2285.17724609375,0
2025-02-04 20:30:00+00:00,2290.15625,2291.3818359375,2284.8623046875,2285.03759765625,0
2025-02-05 14:30:00+00:00,2304.19677734375,2305.174072265625,2293.375244140625,2297.743408203125,0
2025-02-05 15:30:00+00:00,2306.883544921875,2306.936279296875,2302.6044921875,2304.21875,0
2025-02-05 16:30:00+00:00,2310.758056640625,2313.312744140625,2306.88623046875,2306.88623046875,0
2025-02-05 17:30:00+00:00,2308.65673828125,2311.6064453125,2308.5654296875,2310.673095703125,0
2025-02-05 18:30:00+00:00,2313.249267578125,2313.637939453125,2308.684326171875,2308.715087890625,0
2025-02-05 19:30:00+00:00,2310.874267578125,2313.545166015625,2310.874267578125,2313.279052734375,0
2025-02-05 20:30:00+00:00,2315.974365234375,2315.974365234375,2309.63623046875,2310.908935546875,0
2025-02-06 14:30:00+00:00,2316.731689453125,2326.94580078125,2315.12890625,2323.298583984375,0
2025-02-06 15:30:00+00:00,2319.260009765625,2319.506103515625,2312.265380859375,2316.6455078125,0
2025-02-06 16:30:00+00:00,2314.465087890625,2319.2763671875,2310.976318359375,2319.2763671875,0
2025-02-06 17:30:00+00:00,2311.974365234375,2317.10009765625,2311.87744140625,2314.484130859375,0
2025-02-06 18:30:00+00:00,2300.34716796875,2311.983154296875,2300.3388671875,2311.983154296875,0
2025-02-06 19:30:00+00:00,2302.37841796875,2302.440185546875,2295.68408203125,2300.36962890625,0
2025-02-06 20:30:00+00:00,2306.902099609375,2308.076171875,2302.400146484375,2302.400146484375,0
2025-02-07 14:30:00+00:00,2301.310546875,2311.508544921875,2292.101318359375,2308.185791015625,0
2025-02-07 15:30:00+00:00,2285.03759765625,2301.75390625,2281.397705078125,2301.29150390625,0
2025-02-07 16:30:00+00:00,2281.603271484375,2287.673095703125,2279.11279296875,2285.005126953125,0
2025-02-07 17:30:00+00:00,2285.620361328125,2287.0966796875,2281.071044921875,2281.610595703125,0
2025-02-07 18:30:00+00:00,2278.86865234375,2286.599853515625,2278.593994140625,2285.643310546875,0
2025-02-07 19:30:00+00:00,2278.612548828125,2282.28369140625,2277.633056640625,2278.77734375,0
2025-02-07 20:30:00+00:00,2279.894287109375,2282.247314453125,2278.59033203125,2278.59033203125,0
2025-02-10 14:30:00+00:00,2282.8544921875,2292.140869140625,2281.650146484375,2289.37939453125,0
2025-02-10 15:30:00+00:00,2283.876953125,2287.144287109375,2282.227783203125,2282.9267578125,0
2025-02-10 16:30:00+00:00,2288.7919921875,2289.697021484375,2283.5634765625,2283.906982421875,0
2025-02-10 17:30:00+00:00,2291.13525390625,2293.130126953125,2288.78857421875,2288.78857421875,0
2025-02-10 18:30:00+00:00,2293.349365234375,2294.7109375,2290.52099609375,2291.144775390625,0
2025-02-10 19:30:00+00:00,2290.821044921875,2293.670654296875,2290.3408203125,2293.356201171875,0
2025-02-10 20:30:00+00:00,2287.74267578125,2291.617431640625,2286.556640625,2290.833984375,0
2025-02-11 14:30:00+00:00,2274.542724609375,2278.266357421875,2270.886474609375,2278.159423828125,0
2025-02-11 15:30:00+00:00,2279.340087890625,2282.210205078125,2274.62939453125,2274.62939453125,0
2025-02-11 16:30:00+00:00,2274.87158203125,2279.408447265625,2271.772216796875,2279.258056640625,0
2025-02-11 17:30:00+00:00,2271.819580078125,2275.21142578125,2271.0908203125,2274.895263671875,0
2025-02-11 18:30:00+00:00,2272.284423828125,2274.972412109375,2270.955078125,2271.81689453125,0
2025-02-11 19:30:00+00:00,2274.9404296875,2275.8603515625,2272.26806640625,2272.26806640625,0
2025-02-11 20:30:00+00:00,2275.757080078125,2276.4560546875,2273.048095703125,2274.929443359375,0
2025-02-12 14:30:00+00:00,2249.756591796875,2251.207275390625,2240.513671875,2250.706298828125,0
2025-02-12 15:30:00+00:00,2244.62646484375,2255.639404296875,2243.39794921875,2249.837158203125,0
2025-02-12 16:30:00+00:00,2259.250732421875,2259.4609375,2244.660400390625,2244.660400390625,0
2025-02-12 17:30:00+00:00,2256.947265625,2262.57275390625,2256.947265625,2259.240966796875,0
2025-02-12 18:30:00+00:00,2254.175048828125,2258.2919921875,2253.202392578125,2256.89599609375,0
2025-02-12 19:30:00+00:00,2259.461181640625,2260.0771484375,2254.08203125,2254.08447265625,0
2025-02-12 20:30:00+00:00,2256.484619140625,2259.919677734375,2255.588134765625,2259.30859375,0
2025-02-13 14:30:00+00:00,2264.59033203125,2271.129638671875,2263.2734375,2264.830078125,0
2025-02-13 15:30:00+00:00,2260.816650390625,2266.734375,2260.44873046875,2264.56640625,0
2025-02-13 16:30:00+00:00,2265.963134765625,2266.525634765625,2259.06640625,2260.8037109375,0
2025-02-13 17:30:00+00:00,2263.0595703125,2265.994384765625,2259.85107421875,2265.994384765625,0
2025-02-13 18:30:00+00:00,2274.8408203125,2275.16015625,2262.326171875,2263.0078125,0
2025-02-13 19:30:00+00:00,2280.122802734375,2280.122802734375,2274.38671875,2274.853271484375,0
2025-02-13 20:30:00+00:00,2281.912353515625,2282.418701171875,2278.373779296875,2280.15478515625,0
2025-02-14 14:30:00+00:00,2287.922119140625,2297.710693359375,2287.8330078125,2287.848876953125,0
2025-02-14 15:30:00+00:00,2284.0625,2288.07958984375,2282.597412109375,2287.753662109375,0
2025-02-14 16:30:00+00:00,2276.638671875,2283.95849609375,2276.638671875,2283.95849609375,0
2025-02-14 17:30:00+00:00,2278.884033203125,2279.289794921875,2276.625732421875,2276.625732421875,0
2025-02-14 18:30:00+00:00,2280.16796875,2281.916015625,2278.8076171875,2278.8837890625,0
2025-02-14 19:30:00+00:00,2280.5029296875,2283.280029296875,2279.85986328125,2280.178466796875,0
2025-02-14 20:30:00+00:00,2279.93310546875,2280.55419921875,2277.239501953125,2280.55419921875,0
2025-02-18 14:30:00+00:00,2284.546875,2284.820556640625,2280.786865234375,2281.556884765625,0
2025-02-18 15:30:00+00:00,2288.68359375,2294.592529296875,2284.528564453125,2284.528564453125,0
2025-02-18 16:30:00+00:00,2289.698486328125,2290.560546875,2287.5830078125,2288.672607421875,0
2025-02-18 17:30:00+00:00,2286.210205078125,2290.54296875,2286.210205078125,2289.624267578125,0
2025-02-18 18:30:00+00:00,2279.433349609375,2286.287353515625,2277.173583984375,2286.21533203125,0
2025-02-18 19:30:00+00:00,2285.578369140625,2286.785400390625,2279.132080078125,2279.427490234375,0
2025-02-18 20:30:00+00:00,2290.09326171875,2290.195068359375,2285.431884765625,2285.589111328125,0
2025-02-19 14:30:00+00:00,2279.09912109375,2280.30615234375,2273.634765625,2278.290283203125,0
2025-02-19 15:30:00+00:00,2282.9560546875,2282.9560546875,2275.22705078125,2279.001220703125,0
2025-02-19 16:30:00+00:00,2279.351318359375,2284.1259765625,2278.43017578125,2282.8779296875,0
2025-02-19 17:30:00+00:00,2279.1787109375,2280.32666015625,2276.490966796875,2279.383544921875,0
2025-02-19 18:30:00+00:00,2287.125,2288.100830078125,2279.00927734375,2279.171142578125,0
2025-02-19 19:30:00+00:00,2282.523193359375,2288.75341796875,2282.523193359375,2287.1015625,0
2025-02-19 20:30:00+00:00,2282.5234375,2285.8994140625,2280.7197265625,2282.59912109375,0
2025-02-20 14:30:00+00:00,2259.10693359375,2280.300048828125,2254.131591796875,2280.300048828125,0
2025-02-20 15:30:00+00:00,2251.94189453125,2259.594970703125,2250.322021484375,2259.020751953125,0
2025-02-20 16:30:00+00:00,2256.413818359375,2256.51513671875,2250.111328125,2251.95458984375,0
2025-02-20 17:30:00+00:00,2255.382080078125,2259.228515625,2254.634521484375,2256.4228515625,0
2025-02-20 18:30:00+00:00,2260.976318359375,2261.6953125,2255.09619140625,2255.3994140625,0
2025-02-20 19:30:00+00:00,2261.70947265625,2264.16552734375,2258.8515625,2260.967041015625,0
2025-02-20 20:30:00+00:00,2261.876953125,2268.15576171875,2261.096435546875,2261.72998046875,0
2025-02-21 14:30:00+00:00,2241.15625,2282.63037109375,2241.110595703125,2275.956787109375,0
2025-02-21 15:30:00+00:00,2236.4912109375,2241.067138671875,2234.092529296875,2241.067138671875,0
2025-02-21 16:30:00+00:00,2227.13916015625,2236.5380859375,2227.13916015625,2236.50830078125,0
2025-02-21 17:30:00+00:00,2205.582275390625,2227.214599609375,2205.582275390625,2227.14404296875,0
2025-02-21 18:30:00+00:00,2196.435546875,2208.1865234375,2196.2275390625,2205.458984375,0
2025-02-21 19:30:00+00:00,2200.6796875,2201.03271484375,2194.24853515625,2196.605224609375,0
2025-02-21 20:30:00+00:00,2195.3056640625,2204.29833984375,2194.1123046875,2200.65625,0
2025-02-24 14:30:00+00:00,2177.122802734375,2202.0595703125,2169.542724609375,2200.70654296875,0
2025-02-24 15:30:00+00:00,2189.523681640625,2189.73046875,2173.4521484375,2177.100830078125,0
2025-02-24 16:30:00+00:00,2193.59716796875,2194.17724609375,2188.769775390625,2189.501220703125,0
2025-02-24 17:30:00+00:00,2197.469970703125,2197.745849609375,2192.35986328125,2193.568359375,0
2025-02-24 18:30:00+00:00,2193.740478515625,2200.4794921875,2193.740478515625,2197.46435546875,0
2025-02-24 19:30:00+00:00,2187.32470703125,2195.402099609375,2187.32470703125,2193.693359375,0
2025-02-24 20:30:00+00:00,2178.38330078125,2191.30419921875,2178.38330078125,2187.23388671875,0
2025-02-25 14:30:00+00:00,2156.19140625,2184.7587890625,2156.16259765625,2180.46533203125,0
2025-02-25 15:30:00+00:00,2157.8935546875,2169.91943359375,2155.8876953125,2156.095703125,0
2025-02-25 16:30:00+00:00,2160.65380859375,2164.59765625,2154.354736328125,2157.880126953125,0
2025-02-25 17:30:00+00:00,2167.72021484375,2177.104736328125,2160.74072265625,2160.74072265625,0
2025-02-25 18:30:00+00:00,2164.554443359375,2173.10791015625,2164.554443359375,2167.593505859375,0
2025-02-25 19:30:00+00:00,2181.516357421875,2183.505615234375,2164.53955078125,2164.5537109375,0
2025-02-25 20:30:00+00:00,2170.392578125,2181.549560546875,2169.53564453125,2181.549560546875,0
2025-02-26 14:30:00+00:00,2193.015869140625,2199.921630859375,2175.43896484375,2175.43896484375,0
2025-02-26 15:30:00+00:00,2196.64208984375,2198.659912109375,2192.7421875,2193.046630859375,0
2025-02-26 16:30:00+00:00,2192.79833984375,2196.593994140625,2191.291015625,2196.593994140625,0
2025-02-26 17:30:00+00:00,2178.86962890625,2193.27685546875,2178.86962890625,2192.804443359375,0
2025-02-26 18:30:00+00:00,2171.7021484375,2179.284423828125,2168.414794921875,2178.806640625,0
2025-02-26 19:30:00+00:00,2169.28857421875,2175.031005859375,2166.859375,2171.671142578125,0
2025-02-26 20:30:00+00:00,2173.9453125,2175.772216796875,2168.411376953125,2169.226806640625,0
2025-02-27 14:30:00+00:00,2174.569580078125,2177.790283203125,2153.51171875,2175.131591796875,0
2025-02-27 15:30:00+00:00,2171.705322265625,2176.595458984375,2167.76025390625,2174.537353515625,0
2025-02-27 16:30:00+00:00,2166.576416015625,2174.01513671875,2161.408935546875,2171.7216796875,0
2025-02-27 17:30:00+00:00,2167.32763671875,2168.815185546875,2161.873291015625,2166.638427734375,0
2025-02-27 18:30:00+00:00,2157.892578125,2169.5712890625,2157.892578125,2167.268798828125,0
2025-02-27 19:30:00+00:00,2144.95361328125,2157.810546875,2144.95361328125,2157.810546875,0
2025-02-27 20:30:00+00:00,2139.571533203125,2148.5478515625,2139.4140625,2144.85986328125,0
2025-02-28 14:30:00+00:00,2152.416259765625,2152.416259765625,2126.081787109375,2135.587158203125,0
2025-02-28 15:30:00+00:00,2147.349853515625,2156.127685546875,2147.349853515625,2152.42041015625,0
2025-02-28 16:30:00+00:00,2150.473876953125,2154.16943359375,2146.478515625,2147.257568359375,0
2025-02-28 17:30:00+00:00,2134.849609375,2150.443115234375,2130.547119140625,2150.443115234375,0
2025-02-28 18:30:00+00:00,2138.5107421875,2142.92333984375,2134.70556640625,2134.969482421875,0
2025-02-28 19:30:00+00:00,2150.1552734375,2150.194580078125,2138.315185546875,2138.544921875,0
2025-02-28 20:30:00+00:00,2162.75927734375,2162.75927734375,2146.73046875,2150.187255859375,0
2025-03-03 14:30:00+00:00,2160.775390625,2173.56591796875,2148.0791015625,2168.01904296875,0
2025-03-03 15:30:00+00:00,2152.549560546875,2162.433349609375,2152.533447265625,2160.78759765625,0
2025-03-03 16:30:00+00:00,2158.19091796875,2159.440185546875,2146.94140625,2152.52099609375,0
2025-03-03 17:30:00+00:00,2134.597900390625,2160.31201171875,2134.591064453125,2158.184326171875,0
2025-03-03 18:30:00+00:00,2132.737548828125,2139.74072265625,2131.32568359375,2134.497802734375,0
2025-03-03 19:30:00+00:00,2097.6318359375,2135.370849609375,2097.24267578125,2132.72607421875,0
2025-03-03 20:30:00+00:00,2101.848388671875,2102.545654296875,2092.17431640625,2097.574462890625,0
2025-03-04 14:30:00+00:00,2056.078369140625,2083.697021484375,2048.888671875,2083.697021484375,0
2025-03-04 15:30:00+00:00,2048.462646484375,2061.48974609375,2048.009521484375,2056.1044921875,0
2025-03-04 16:30:00+00:00,2072.968505859375,2073.505615234375,2048.5029296875,2048.5029296875,0
2025-03-04 17:30:00+00:00,2079.9111328125,2084.60791015625,2071.03125,2072.952880859375,0
2025-03-04 18:30:00+00:00,2099.15234375,2102.291015625,2079.14892578125,2079.914794921875,0
2025-03-04 19:30:00+00:00,2108.924072265625,2112.101318359375,2096.47216796875,2099.113037109375,0
2025-03-04 20:30:00+00:00,2079.921630859375,2108.913330078125,2078.90576171875,2108.913330078125,0
2025-03-05 14:30:00+00:00,2079.707763671875,2090.082763671875,2076.007568359375,2080.4931640625,0
2025-03-05 15:30:00+00:00,2072.286376953125,2085.973388671875,2071.086669921875,2079.677001953125,0
2025-03-05 16:30:00+00:00,2080.09375,2080.18017578125,2066.148193359375,2072.27294921875,0
2025-03-05 17:30:00+00:00,2081.707275390625,2088.62109375,2078.868408203125,2080.119140625,0
2025-03-05 18:30:00+00:00,2098.78125,2102.4052734375,2077.65625,2081.66748046875,0
2025-03-05 19:30:00+00:00,2100.897705078125,2102.67724609375,2095.661376953125,2098.743408203125,0
2025-03-05 20:30:00+00:00,2101.430419921875,2102.951416015625,2095.7705078125,2100.84912109375,0
2025-03-06 14:30:00+00:00,2081.932373046875,2084.2998046875,2063.3427734375,2081.570068359375,0
2025-03-06 15:30:00+00:00,2090.497802734375,2093.386962890625,2081.177490234375,2081.956787109375,0
2025-03-06 16:30:00+00:00,2067.77001953125,2093.284423828125,2067.335205078125,2090.29833984375,0
2025-03-06 17:30:00+00:00,2066.685546875,2070.83642578125,2061.1484375,2067.72607421875,0
2025-03-06 18:30:00+00:00,2056.226806640625,2067.5615234375,2056.021728515625,2066.66845703125,0
2025-03-06 19:30:00+00:00,2070.1396484375,2080.07861328125,2055.423828125,2056.212158203125,0
2025-03-06 20:30:00+00:00,2066.642822265625,2074.847412109375,2064.79248046875,2070.106689453125,0
2025-03-07 14:30:00+00:00,2060.20849609375,2077.26025390625,2058.48291015625,2065.4990234375,0
2025-03-07 15:30:00+00:00,2043.292724609375,2060.620849609375,2043.292724609375,2060.17138671875,0
2025-03-07 16:30:00+00:00,2041.2069091796875,2043.53955078125,2033.6915283203125,2043.2882080078125,0
2025-03-07 17:30:00+00:00,2064.346923828125,2069.358642578125,2040.6937255859375,2041.36474609375,0
2025-03-07 18:30:00+00:00,2079.489990234375,2080.55908203125,2063.725341796875,2064.355712890625,0
2025-03-07 19:30:00+00:00,2081.7001953125,2084.396240234375,2077.18505859375,2079.458984375,0
2025-03-07 20:30:00+00:00,2075.384033203125,2082.102294921875,2074.046142578125,2081.69091796875,0
2025-03-10 13:30:00+00:00,2037.55322265625,2058.087646484375,2037.5010986328125,2058.087646484375,0
2025-03-10 14:30:00+00:00,2044.5352783203125,2046.75537109375,2034.46142578125,2037.483154296875,0
2025-03-10 15:30:00+00:00,2042.75390625,2052.337158203125,2039.434814453125,2044.5396728515625,0
2025-03-10 16:30:00+00:00,2031.761962890625,2047.7247314453125,2030.2506103515625,2042.766845703125,0
2025-03-10 17:30:00+00:00,2014.5057373046875,2031.7633056640625,2014.3536376953125,2031.7633056640625,0
2025-03-10 18:30:00+00:00,2023.2000732421875,2025.7716064453125,2003.416259765625,2014.6368408203125,0
2025-03-10 19:30:00+00:00,2019.5228271484375,2033.0225830078125,2018.79638671875,2022.8760986328125,0
2025-03-11 13:30:00+00:00,2011.7064208984375,2035.9874267578125,2010.7125244140625,2022.5181884765625,0
2025-03-11 14:30:00+00:00,2019.4263916015625,2022.60693359375,2003.49169921875,2011.5523681640625,0
2025-03-11 15:30:00+00:00,2014.810546875,2027.46142578125,2012.3546142578125,2019.2210693359375,0
2025-03-11 16:30:00+00:00,2002.8988037109375,2018.262451171875,2002.886474609375,2014.784912109375,0
2025-03-11 17:30:00+00:00,2025.3995361328125,2026.418701171875,2001.1912841796875,2002.81396484375,0
2025-03-11 18:30:00+00:00,2035.6048583984375,2043.486328125,2023.468994140625,2025.4678955078125,0
2025-03-11 19:30:00+00:00,2023.7237548828125,2037.315185546875,2023.6702880859375,2035.47412109375,0
2025-03-12 13:30:00+00:00,2029.0810546875,2050.212158203125,2024.9949951171875,2037.9140625,0
2025-03-12 14:30:00+00:00,2019.4691162109375,2028.9874267578125,2012.57470703125,2028.9874267578125,0
2025-03-12 15:30:00+00:00,2024.1214599609375,2026.7060546875,2016.0633544921875,2019.4617919921875,0
2025-03-12 16:30:00+00:00,2032.5455322265625,2032.5455322265625,2022.389892578125,2024.14599609375,0
2025-03-12 17:30:00+00:00,2034.68505859375,2035.4683837890625,2024.2017822265625,2032.5965576171875,0
2025-03-12 18:30:00+00:00,2032.4434814453125,2040.4068603515625,2031.868408203125,2034.7467041015625,0
2025-03-12 19:30:00+00:00,2026.526611328125,2033.593505859375,2026.526611328125,2032.3785400390625,0
2025-03-13 13:30:00+00:00,2021.5745849609375,2031.1553955078125,2012.506591796875,2026.0809326171875,0
2025-03-13 14:30:00+00:00,2006.6187744140625,2023.6357421875,2006.580078125,2021.5355224609375,0
2025-03-13 15:30:00+00:00,1999.3900146484375,2006.5882568359375,1998.0572509765625,2006.5882568359375,0
2025-03-13 16:30:00+00:00,1990.4097900390625,2005.8768310546875,1990.0750732421875,1999.3238525390625,0
2025-03-13 17:30:00+00:00,1995.0732421875,1995.669189453125,1984.921630859375,1990.4263916015625,0
2025-03-13 18:30:00+00:00,1997.076416015625,2004.9864501953125,1994.924560546875,1995.1722412109375,0
2025-03-13 19:30:00+00:00,1994.05224609375,1999.7950439453125,1993.26318359375,1997.1328125,0
2025-03-14 13:30:00+00:00,2018.2701416015625,2026.0474853515625,2008.530029296875,2008.530029296875,0
2025-03-14 14:30:00+00:00,2036.2406005859375,2037.9871826171875,2018.3870849609375,2018.3870849609375,0
2025-03-14 15:30:00+00:00,2032.10546875,2040.0679931640625,2032.10546875,2036.2928466796875,0
2025-03-14 16:30:00+00:00,2037.551025390625,2040.373779296875,2032.0472412109375,2032.0692138671875,0
2025-03-14 17:30:00+00:00,2035.5401611328125,2038.937255859375,2034.210205078125,2037.52099609375,0
2025-03-14 18:30:00+00:00,2039.6845703125,2041.7584228515625,2035.5172119140625,2035.5172119140625,0
2025-03-14 19:30:00+00:00,2043.66845703125,2044.5086669921875,2036.3765869140625,2039.6724853515625,0
2025-03-17 13:30:00+00:00,2049.731689453125,2058.188232421875,2039.96484375,2041.5155029296875,0
2025-03-17 14:30:00+00:00,2059.212158203125,2061.627685546875,2047.6417236328125,2049.67822265625,0
2025-03-17 15:30:00+00:00,2055.801513671875,2060.78125,2054.087890625,2059.16796875,0
2025-03-17 16:30:00+00:00,2061.2646484375,2061.81591796875,2054.381103515625,2055.79931640625,0
2025-03-17 17:30:00+00:00,2071.27294921875,2071.59423828125,2060.846435546875,2061.27099609375,0
2025-03-17 18:30:00+00:00,2070.345703125,2073.923583984375,2069.676025390625,2071.268798828125,0
2025-03-17 19:30:00+00:00,2068.016845703125,2072.114990234375,2067.533935546875,2070.35302734375,0
2025-03-18 13:30:00+00:00,2052.723876953125,2060.97412109375,2046.5404052734375,2060.97412109375,0
2025-03-18 14:30:00+00:00,2048.32177734375,2054.72412109375,2043.872802734375,2052.748291015625,0
2025-03-18 15:30:00+00:00,2050.729248046875,2050.729248046875,2044.255615234375,2048.203369140625,0
2025-03-18 16:30:00+00:00,2048.740966796875,2052.635498046875,2045.6568603515625,2050.857177734375,0
2025-03-18 17:30:00+00:00,2048.41357421875,2054.033935546875,2046.9302978515625,2048.744140625,0
2025-03-18 18:30:00+00:00,2051.895751953125,2053.40087890625,2048.4228515625,2048.4228515625,0
2025-03-18 19:30:00+00:00,2049.791015625,2053.790771484375,2049.4794921875,2051.8955078125,0
2025-03-19 13:30:00+00:00,2063.634033203125,2065.0908203125,2051.27783203125,2051.27783203125,0
2025-03-19 14:30:00+00:00,2063.727783203125,2065.77783203125,2062.676025390625,2063.576416015625,0
2025-03-19 15:30:00+00:00,2067.953857421875,2069.32958984375,2063.333984375,2063.73193359375,0
2025-03-19 16:30:00+00:00,2061.806884765625,2070.322021484375,2061.806884765625,2067.954345703125,0
2025-03-19 17:30:00+00:00,2068.487060546875,2070.80615234375,2055.24951171875,2061.790771484375,0
2025-03-19 18:30:00+00:00,2076.09716796875,2092.03125,2068.478271484375,2068.478271484375,0
2025-03-19 19:30:00+00:00,2081.7841796875,2087.591796875,2076.157958984375,2076.15966796875,0
2025-03-20 13:30:00+00:00,2086.97509765625,2088.44873046875,2060.48974609375,2068.598876953125,0
2025-03-20 14:30:00+00:00,2089.8076171875,2089.900146484375,2084.6025390625,2086.950439453125,0
2025-03-20 15:30:00+00:00,2079.210693359375,2089.979248046875,2079.19482421875,2089.812255859375,0
2025-03-20 16:30:00+00:00,2072.070556640625,2080.705810546875,2072.070556640625,2079.2431640625,0
2025-03-20 17:30:00+00:00,2069.609619140625,2075.907958984375,2069.609619140625,2072.08740234375,0
2025-03-20 18:30:00+00:00,2070.67919921875,2074.109619140625,2068.8134765625,2069.57470703125,0
2025-03-20 19:30:00+00:00,2068.410888671875,2076.672607421875,2068.234375,2070.654052734375,0
2025-03-21 13:30:00+00:00,2044.02294921875,2057.7900390625,2040.1380615234375,2057.7900390625,0
2025-03-21 14:30:00+00:00,2047.534912109375,2051.91796875,2043.355712890625,2044.0098876953125,0
2025-03-21 15:30:00+00:00,2056.845458984375,2057.116455078125,2045.8365478515625,2047.5126953125,0
2025-03-21 16:30:00+00:00,2056.15478515625,2059.85595703125,2054.7626953125,2056.831787109375,0
2025-03-21 17:30:00+00:00,2056.814453125,2060.77001953125,2055.227294921875,2056.11767578125,0
2025-03-21 18:30:00+00:00,2053.008056640625,2060.6181640625,2052.839111328125,2056.8046875,0
2025-03-21 19:30:00+00:00,2056.94140625,2056.944580078125,2052.7060546875,2053.055908203125,0
2025-03-24 13:30:00+00:00,2096.89306640625,2097.633544921875,2075.478515625,2075.478515625,0
2025-03-24 14:30:00+00:00,2104.093017578125,2105.507568359375,2096.393798828125,2096.8603515625,0
2025-03-24 15:30:00+00:00,2101.595947265625,2105.288818359375,2101.556640625,2104.091796875,0
2025-03-24 16:30:00+00:00,2098.02197265625,2101.53515625,2096.146484375,2101.53515625,0
2025-03-24 17:30:00+00:00,2096.35498046875,2100.200927734375,2095.886962890625,2098.05615234375,0
2025-03-24 18:30:00+00:00,2104.94775390625,2106.42236328125,2096.3671875,2096.3671875,0
2025-03-24 19:30:00+00:00,2109.033447265625,2110.54052734375,2104.35693359375,2104.899169921875,0
2025-03-25 13:30:00+00:00,2100.982666015625,2110.07666015625,2099.271484375,2108.251708984375,0
2025-03-25 14:30:00+00:00,2103.228759765625,2104.286865234375,2100.9462890625,2100.985595703125,0
2025-03-25 15:30:00+00:00,2100.1572265625,2103.909912109375,2097.654296875,2103.228759765625,0
2025-03-25 16:30:00+00:00,2100.225341796875,2104.909423828125,2099.309814453125,2100.171630859375,0
2025-03-25 17:30:00+00:00,2097.97802734375,2102.2919921875,2097.893310546875,2100.20263671875,0
2025-03-25 18:30:00+00:00,2095.143310546875,2099.291748046875,2094.87451171875,2097.982666015625,0
2025-03-25 19:30:00+00:00,2095.855712890625,2099.22265625,2090.040771484375,2095.112060546875,0
2025-03-26 13:30:00+00:00,2089.3916015625,2103.71044921875,2088.092041015625,2097.181884765625,0
2025-03-26 14:30:00+00:00,2083.540771484375,2091.960205078125,2083.540771484375,2089.41455078125,0
2025-03-26 15:30:00+00:00,2080.5361328125,2085.859130859375,2078.025634765625,2083.52734375,0
2025-03-26 16:30:00+00:00,2072.3623046875,2081.67236328125,2072.27978515625,2080.58447265625,0
2025-03-26 17:30:00+00:00,2072.6142578125,2073.4501953125,2068.90283203125,2072.3310546875,0
2025-03-26 18:30:00+00:00,2067.8662109375,2073.19482421875,2066.29931640625,2072.58984375,0
2025-03-26 19:30:00+00:00,2073.487548828125,2073.91650390625,2067.583984375,2067.8662109375,0
2025-03-27 13:30:00+00:00,2074.38671875,2074.38671875,2057.604736328125,2072.480712890625,0
2025-03-27 14:30:00+00:00,2074.98095703125,2079.29736328125,2074.44384765625,2074.44384765625,0
2025-03-27 15:30:00+00:00,2070.388427734375,2074.94873046875,2063.800048828125,2074.94873046875,0
2025-03-27 16:30:00+00:00,2064.20654296875,2071.32861328125,2061.5126953125,2070.38134765625,0
2025-03-27 17:30:00+00:00,2066.112548828125,2067.6201171875,2060.818603515625,2064.19677734375,0
2025-03-27 18:30:00+00:00,2074.727294921875,2074.81103515625,2065.38818359375,2066.109619140625,0
2025-03-27 19:30:00+00:00,2065.32568359375,2074.766357421875,2063.463134765625,2074.766357421875,0
2025-03-28 13:30:00+00:00,2032.488525390625,2063.312255859375,2032.488525390625,2063.312255859375,0
2025-03-28 14:30:00+00:00,2024.8414306640625,2032.8380126953125,2022.427734375,2032.3917236328125,0
2025-03-28 15:30:00+00:00,2020.0260009765625,2028.05615234375,2019.980224609375,2024.852294921875,0
2025-03-28 16:30:00+00:00,2014.17822265625,2023.1007080078125,2014.16357421875,2020.003173828125,0
2025-03-28 17:30:00+00:00,2016.9930419921875,2020.2342529296875,2012.998291015625,2014.1607666015625,0
2025-03-28 18:30:00+00:00,2019.275146484375,2022.5704345703125,2015.365478515625,2017.0087890625,0
2025-03-28 19:30:00+00:00,2023.24267578125,2024.4146728515625,2016.016357421875,2019.16259765625,0
2025-03-31 13:30:00+00:00,1989.0797119140625,1997.9656982421875,1973.0799560546875,1997.9656982421875,0
2025-03-31 14:30:00+00:00,2000.6494140625,2002.5078125,1988.971923828125,1988.971923828125,0
2025-03-31 15:30:00+00:00,2002.2545166015625,2003.269775390625,1995.555419921875,2000.6397705078125,0
2025-03-31 16:30:00+00:00,1999.147705078125,2004.1746826171875,1998.6317138671875,2002.3238525390625,0
2025-03-31 17:30:00+00:00,2010.5572509765625,2011.454833984375,1998.134521484375,1999.2645263671875,0
2025-03-31 18:30:00+00:00,2012.7928466796875,2018.4705810546875,2010.5426025390625,2010.5701904296875,0
2025-03-31 19:30:00+00:00,2011.8558349609375,2021.9520263671875,2011.7490234375,2012.7939453125,0
2025-04-01 13:30:00+00:00,1988.0369873046875,2007.5902099609375,1985.6650390625,2007.5902099609375,0
2025-04-01 14:30:00+00:00,2019.1715087890625,2019.9384765625,1987.7501220703125,1987.9759521484375,0
2025-04-01 15:30:00+00:00,2018.2550048828125,2026.9951171875,2018.0662841796875,2019.100341796875,0
2025-04-01 16:30:00+00:00,2008.5025634765625,2018.17626953125,2008.398681640625,2018.17626953125,0
2025-04-01 17:30:00+00:00,1996.8922119140625,2011.1239013671875,1996.2630615234375,2008.48779296875,0
2025-04-01 18:30:00+00:00,2006.0941162109375,2007.1270751953125,1994.0521240234375,1996.90087890625,0
2025-04-01 19:30:00+00:00,2011.9613037109375,2013.616943359375,2005.0455322265625,2006.0416259765625,0
2025-04-02 13:30:00+00:00,2015.7030029296875,2015.7314453125,1986.326416015625,1998.33154296875,0
2025-04-02 14:30:00+00:00,2028.9005126953125,2029.1873779296875,2015.5517578125,2015.7271728515625,0
2025-04-02 15:30:00+00:00,2036.742431640625,2036.742431640625,2026.7672119140625,2028.9111328125,0
2025-04-02 16:30:00+00:00,2045.6912841796875,2048.148193359375,2035.7220458984375,2036.7869873046875,0
2025-04-02 17:30:00+00:00,2026.5101318359375,2045.6866455078125,2026.5101318359375,2045.6866455078125,0
2025-04-02 18:30:00+00:00,2035.95703125,2036.0675048828125,2026.0042724609375,2026.42626953125,0
2025-04-02 19:30:00+00:00,2045.2296142578125,2046.318359375,2035.1234130859375,2035.9642333984375,0
2025-04-03 13:30:00+00:00,1927.942138671875,1981.6688232421875,1926.8931884765625,1981.6688232421875,0
2025-04-03 14:30:00+00:00,1921.2261962890625,1928.3248291015625,1909.7012939453125,1927.929931640625,0
2025-04-03 15:30:00+00:00,1938.65869140625,1938.65869140625,1920.9827880859375,1921.2156982421875,0
2025-04-03 16:30:00+00:00,1927.610595703125,1939.4354248046875,1927.0523681640625,1938.697509765625,0
2025-04-03 17:30:00+00:00,1919.893310546875,1932.3397216796875,1918.2091064453125,1927.6009521484375,0
2025-04-03 18:30:00+00:00,1918.8797607421875,1926.64697265625,1916.200927734375,1919.893310546875,0
2025-04-03 19:30:00+00:00,1910.55615234375,1918.8321533203125,1910.3985595703125,1918.8321533203125,0
2025-04-04 13:30:00+00:00,1803.9534912109375,1866.0023193359375,1803.9534912109375,1866.0023193359375,0
2025-04-04 14:30:00+00:00,1833.794677734375,1850.7911376953125,1783.059326171875,1803.7877197265625,0
2025-04-04 15:30:00+00:00,1810.7723388671875,1834.9075927734375,1810.1064453125,1833.49755859375,0
2025-04-04 16:30:00+00:00,1811.30078125,1816.47705078125,1799.596923828125,1810.8099365234375,0
2025-04-04 17:30:00+00:00,1819.55126953125,1836.5870361328125,1807.5849609375,1811.3016357421875,0
2025-04-04 18:30:00+00:00,1825.765869140625,1828.6546630859375,1809.715087890625,1819.5750732421875,0
2025-04-04 19:30:00+00:00,1827.5177001953125,1836.8580322265625,1823.2454833984375,1825.757080078125,0
2025-04-07 13:30:00+00:00,1805.134521484375,1891.1636962890625,1733.1556396484375,1775.1214599609375,0
2025-04-07 14:30:00+00:00,1779.9168701171875,1838.697021484375,1779.9168701171875,1804.719482421875,0
2025-04-07 15:30:00+00:00,1798.565185546875,1811.9017333984375,1779.8514404296875,1779.8514404296875,0
2025-04-07 16:30:00+00:00,1819.107666015625,1819.107666015625,1780.019775390625,1798.60400390625,0
2025-04-07 17:30:00+00:00,1808.9862060546875,1833.8658447265625,1808.9862060546875,1819.1114501953125,0
2025-04-07 18:30:00+00:00,1802.6199951171875,1819.6004638671875,1801.47998046875,1808.9732666015625,0
2025-04-07 19:30:00+00:00,1810.813720703125,1820.935791015625,1799.8353271484375,1802.1456298828125,0
2025-04-08 13:30:00+00:00,1866.2545166015625,1868.9930419921875,1850.907958984375,1850.907958984375,0
2025-04-08 14:30:00+00:00,1830.82958984375,1866.0638427734375,1829.8604736328125,1866.0355224609375,0
2025-04-08 15:30:00+00:00,1818.052978515625,1842.639404296875,1816.3487548828125,1830.4774169921875,0
2025-04-08 16:30:00+00:00,1776.2657470703125,1819.4713134765625,1775.8990478515625,1818.0721435546875,0
2025-04-08 17:30:00+00:00,1780.5880126953125,1797.658203125,1775.442138671875,1776.2520751953125,0
2025-04-08 18:30:00+00:00,1762.7152099609375,1797.2769775390625,1751.33349609375,1780.5059814453125,0
2025-04-08 19:30:00+00:00,1762.0140380859375,1762.660400390625,1738.817626953125,1762.660400390625,0
2025-04-09 13:30:00+00:00,1754.9315185546875,1773.901123046875,1741.8055419921875,1743.186279296875,0
2025-04-09 14:30:00+00:00,1747.1458740234375,1762.743408203125,1733.2371826171875,1754.892333984375,0
2025-04-09 15:30:00+00:00,1746.0738525390625,1749.5784912109375,1732.9921875,1747.052734375,0
2025-04-09 16:30:00+00:00,1864.5081787109375,1893.3419189453125,1744.445068359375,1745.9591064453125,0
2025-04-09 17:30:00+00:00,1924.0877685546875,1924.3199462890625,1860.6666259765625,1864.0921630859375,0
2025-04-09 18:30:00+00:00,1916.515869140625,1930.604736328125,1882.07568359375,1924.197509765625,0
2025-04-09 19:30:00+00:00,1911.8580322265625,1924.313720703125,1906.7298583984375,1916.730712890625,0
2025-04-10 13:30:00+00:00,1845.4571533203125,1864.767333984375,1837.4012451171875,1864.767333984375,0
2025-04-10 14:30:00+00:00,1822.7421875,1854.47705078125,1822.7421875,1844.9949951171875,0
2025-04-10 15:30:00+00:00,1791.6444091796875,1823.1068115234375,1788.9820556640625,1822.6553955078125,0
2025-04-10 16:30:00+00:00,1809.6636962890625,1829.3450927734375,1791.5255126953125,1791.55078125,0
2025-04-10 17:30:00+00:00,1845.2462158203125,1845.2462158203125,1809.2344970703125,1809.6883544921875,0
2025-04-10 18:30:00+00:00,1822.39208984375,1847.7274169921875,1822.39208984375,1845.246826171875,0
2025-04-10 19:30:00+00:00,1832.33349609375,1832.4637451171875,1808.9373779296875,1822.3341064453125,0
2025-04-11 13:30:00+00:00,1803.6956787109375,1833.463623046875,1803.6956787109375,1827.659423828125,0
2025-04-11 14:30:00+00:00,1805.6033935546875,1819.060302734375,1802.234375,1803.6533203125,0
2025-04-11 15:30:00+00:00,1819.3863525390625,1821.755859375,1805.31982421875,1805.63037109375,0
2025-04-11 16:30:00+00:00,1833.3958740234375,1842.208251953125,1819.3817138671875,1819.3817138671875,0
2025-04-11 17:30:00+00:00,1846.905517578125,1859.1077880859375,1831.3729248046875,1833.369140625,0
2025-04-11 18:30:00+00:00,1857.447021484375,1860.1053466796875,1846.9276123046875,1846.9276123046875,0
2025-04-11 19:30:00+00:00,1859.3203125,1860.8470458984375,1853.5313720703125,1857.4351806640625,0
2025-04-14 13:30:00+00:00,1879.3885498046875,1892.8795166015625,1870.713623046875,1890.656005859375,0
2025-04-14 14:30:00+00:00,1869.845458984375,1886.0859375,1869.8385009765625,1879.3839111328125,0
2025-04-14 15:30:00+00:00,1855.5001220703125,1871.768310546875,1848.5263671875,1869.7978515625,0
2025-04-14 16:30:00+00:00,1863.5589599609375,1870.642822265625,1855.0067138671875,1855.4857177734375,0
2025-04-14 17:30:00+00:00,1875.3304443359375,1875.5384521484375,1863.19384765625,1863.6414794921875,0
2025-04-14 18:30:00+00:00,1883.896728515625,1886.520263671875,1874.968505859375,1875.3372802734375,0
2025-04-14 19:30:00+00:00,1880.5936279296875,1887.777587890625,1880.5936279296875,1883.9151611328125,0
2025-04-15 13:30:00+00:00,1887.494140625,1902.3193359375,1879.67578125,1879.67578125,0
2025-04-15 14:30:00+00:00,1888.2672119140625,1892.7652587890625,1887.2646484375,1887.455078125,0
2025-04-15 15:30:00+00:00,1888.8304443359375,1890.59375,1884.593994140625,1888.1854248046875,0
2025-04-15 16:30:00+00:00,1879.682373046875,1889.5496826171875,1879.682373046875,1888.820068359375,0
2025-04-15 17:30:00+00:00,1875.9786376953125,1883.136474609375,1874.9940185546875,1879.6475830078125,0
2025-04-15 18:30:00+00:00,1879.661376953125,1882.830322265625,1876.0247802734375,1876.0247802734375,0
2025-04-15 19:30:00+00:00,1882.715087890625,1883.7611083984375,1878.53515625,1879.6878662109375,0
2025-04-16 13:30:00+00:00,1869.4473876953125,1877.2791748046875,1867.8902587890625,1872.76171875,0
2025-04-16 14:30:00+00:00,1879.452880859375,1879.895751953125,1867.7352294921875,1869.41455078125,0
2025-04-16 15:30:00+00:00,1874.092529296875,1879.8153076171875,1871.6658935546875,1879.478271484375,0
2025-04-16 16:30:00+00:00,1873.2620849609375,1875.9608154296875,1869.4898681640625,1874.099853515625,0
2025-04-16 17:30:00+00:00,1856.5867919921875,1873.2774658203125,1848.2005615234375,1873.2774658203125,0
2025-04-16 18:30:00+00:00,1842.970947265625,1856.5804443359375,1842.145751953125,1856.5804443359375,0
2025-04-16 19:30:00+00:00,1863.6656494140625,1864.4788818359375,1843.0089111328125,1843.0089111328125,0
2025-04-17 13:30:00+00:00,1866.0679931640625,1877.6190185546875,1863.0203857421875,1863.4970703125,0
2025-04-17 14:30:00+00:00,1868.400390625,1872.305908203125,1861.304443359375,1866.0645751953125,0
2025-04-17 15:30:00+00:00,1879.05908203125,1879.1605224609375,1868.2872314453125,1868.359130859375,0
2025-04-17 16:30:00+00:00,1875.27685546875,1882.0496826171875,1875.27685546875,1879.0224609375,0
2025-04-17 17:30:00+00:00,1884.2674560546875,1885.7568359375,1875.245849609375,1875.245849609375,0
2025-04-17 18:30:00+00:00,1879.0850830078125,1887.6417236328125,1876.0943603515625,1884.2406005859375,0
2025-04-17 19:30:00+00:00,1880.2518310546875,1883.232666015625,1877.00048828125,1879.054931640625,0
2025-04-21 13:30:00+00:00,1850.424560546875,1863.2052001953125,1849.138916015625,1862.7127685546875,0
2025-04-21 14:30:00+00:00,1839.37060546875,1853.52099609375,1839.1517333984375,1850.4287109375,0
2025-04-21 15:30:00+00:00,1836.9039306640625,1839.57568359375,1832.9166259765625,1839.395263671875,0
2025-04-21 16:30:00+00:00,1828.5626220703125,1841.182373046875,1828.5626220703125,1836.9622802734375,0
2025-04-21 17:30:00+00:00,1827.3082275390625,1829.9921875,1823.3848876953125,1828.517822265625,0
2025-04-21 18:30:00+00:00,1832.421142578125,1833.9173583984375,1824.789306640625,1827.3294677734375,0
2025-04-21 19:30:00+00:00,1840.7093505859375,1842.044189453125,1832.530029296875,1832.530029296875,0
2025-04-22 13:30:00+00:00,1864.2723388671875,1875.3924560546875,1863.9427490234375,1863.9427490234375,0
2025-04-22 14:30:00+00:00,1879.483154296875,1880.9761962890625,1860.8048095703125,1864.2197265625,0
2025-04-22 15:30:00+00:00,1892.423095703125,1892.9171142578125,1871.5015869140625,1879.48681640625,0
2025-04-22 16:30:00+00:00,1872.9425048828125,1892.6751708984375,1872.859375,1892.395751953125,0
2025-04-22 17:30:00+00:00,1885.5914306640625,1885.5970458984375,1871.8333740234375,1872.924072265625,0
2025-04-22 18:30:00+00:00,1884.9869384765625,1890.94091796875,1884.8648681640625,1885.572509765625,0
2025-04-22 19:30:00+00:00,1889.907958984375,1892.2108154296875,1884.6123046875,1884.9874267578125,0
2025-04-23 13:30:00+00:00,1958.388916015625,1967.915771484375,1938.3118896484375,1938.3118896484375,0
2025-04-23 14:30:00+00:00,1936.109619140625,1961.5625,1935.9954833984375,1958.3824462890625,0
2025-04-23 15:30:00+00:00,1925.2825927734375,1938.2119140625,1921.3135986328125,1936.1156005859375,0
2025-04-23 16:30:00+00:00,1931.7381591796875,1933.791748046875,1924.4156494140625,1925.304443359375,0
2025-04-23 17:30:00+00:00,1926.800537109375,1932.0162353515625,1925.242919921875,1931.582763671875,0
2025-04-23 18:30:00+00:00,1916.31298828125,1928.5738525390625,1915.329345703125,1926.7918701171875,0
2025-04-23 19:30:00+00:00,1918.7894287109375,1922.508544921875,1914.6229248046875,1916.3297119140625,0
2025-04-24 13:30:00+00:00,1936.5924072265625,1936.5924072265625,1919.0474853515625,1922.4583740234375,0
2025-04-24 14:30:00+00:00,1936.432861328125,1939.3072509765625,1934.6212158203125,1936.597900390625,0
2025-04-24 15:30:00+00:00,1946.337646484375,1946.708740234375,1935.5914306640625,1936.3992919921875,0
2025-04-24 16:30:00+00:00,1950.83154296875,1952.6300048828125,1946.2906494140625,1946.32666015625,0
2025-04-24 17:30:00+00:00,1951.6156005859375,1954.2269287109375,1949.3228759765625,1950.8101806640625,0
2025-04-24 18:30:00+00:00,1952.333251953125,1955.9716796875,1949.4305419921875,1951.6072998046875,0
2025-04-24 19:30:00+00:00,1957.505859375,1958.71435546875,1951.7685546875,1952.2747802734375,0
2025-04-25 13:30:00+00:00,1936.029541015625,1946.1192626953125,1935.4853515625,1944.72509765625,0
2025-04-25 14:30:00+00:00,1944.1038818359375,1946.27978515625,1934.375244140625,1936.056396484375,0
2025-04-25 15:30:00+00:00,1947.2197265625,1947.8759765625,1941.676513671875,1944.105224609375,0
2025-04-25 16:30:00+00:00,1954.4815673828125,1954.4815673828125,1947.11962890625,1947.2237548828125,0
2025-04-25 17:30:00+00:00,1949.759521484375,1956.0733642578125,1941.1314697265625,1954.5125732421875,0
2025-04-25 18:30:00+00:00,1952.7254638671875,1953.6219482421875,1949.6397705078125,1949.7606201171875,0
2025-04-25 19:30:00+00:00,1957.5789794921875,1957.5789794921875,1949.757568359375,1952.7529296875,0
2025-04-28 13:30:00+00:00,1972.9384765625,1973.94189453125,1960.3912353515625,1960.3912353515625,0
2025-04-28 14:30:00+00:00,1951.1715087890625,1973.0135498046875,1951.1715087890625,1972.9241943359375,0
2025-04-28 15:30:00+00:00,1945.447509765625,1954.4017333984375,1945.08935546875,1951.1326904296875,0
2025-04-28 16:30:00+00:00,1942.2801513671875,1948.219482421875,1942.0284423828125,1945.4610595703125,0
2025-04-28 17:30:00+00:00,1950.4439697265625,1950.9544677734375,1942.015625,1942.2347412109375,0
2025-04-28 18:30:00+00:00,1959.4842529296875,1959.6968994140625,1950.4718017578125,1950.4718017578125,0
2025-04-28 19:30:00+00:00,1964.989013671875,1967.8531494140625,1957.8255615234375,1959.549560546875,0
2025-04-29 13:30:00+00:00,1948.2703857421875,1960.7039794921875,1948.164306640625,1957.9371337890625,0
2025-04-29 14:30:00+00:00,1962.975830078125,1962.975830078125,1948.2918701171875,1948.2918701171875,0
2025-04-29 15:30:00+00:00,1970.0440673828125,1970.28515625,1961.4976806640625,1962.9727783203125,0
2025-04-29 16:30:00+00:00,1974.032958984375,1974.0394287109375,1966.434814453125,1970.0262451171875,0
2025-04-29 17:30:00+00:00,1980.939208984375,1982.8365478515625,1974.02001953125,1974.02001953125,0
2025-04-29 18:30:00+00:00,1978.5811767578125,1981.65283203125,1978.4903564453125,1980.96533203125,0
2025-04-29 19:30:00+00:00,1976.2540283203125,1979.3006591796875,1974.210693359375,1978.7020263671875,0
2025-04-30 13:30:00+00:00,1935.1470947265625,1950.0667724609375,1925.3525390625,1950.0667724609375,0
2025-04-30 14:30:00+00:00,1948.353271484375,1949.4764404296875,1933.9862060546875,1935.2017822265625,0
2025-04-30 15:30:00+00:00,1946.826904296875,1954.5203857421875,1946.8009033203125,1948.3377685546875,0
2025-04-30 16:30:00+00:00,1952.9854736328125,1953.0765380859375,1945.505859375,1946.7720947265625,0
2025-04-30 17:30:00+00:00,1958.622314453125,1961.3514404296875,1952.9268798828125,1953.013916015625,0
2025-04-30 18:30:00+00:00,1954.4776611328125,1959.386474609375,1954.458251953125,1958.6473388671875,0
2025-04-30 19:30:00+00:00,1963.2139892578125,1969.3990478515625,1952.258544921875,1954.359375,0
2025-05-01 13:30:00+00:00,1981.853515625,1981.887939453125,1960.4871826171875,1974.7833251953125,0
2025-05-01 14:30:00+00:00,1990.1741943359375,1990.6971435546875,1979.42041015625,1981.795166015625,0
2025-05-01 15:30:00+00:00,1971.717529296875,1990.2672119140625,1969.302978515625,1990.1669921875,0
2025-05-01 16:30:00+00:00,1978.56689453125,1980.513671875,1971.3826904296875,1971.7379150390625,0
2025-05-01 17:30:00+00:00,1978.14111328125,1978.8944091796875,1973.525390625,1978.60400390625,0
2025-05-01 18:30:00+00:00,1985.6949462890625,1985.6949462890625,1978.1585693359375,1978.1585693359375,0
2025-05-01 19:30:00+00:00,1974.572509765625,1988.6669921875,1974.294677734375,1985.7183837890625,0
2025-05-02 13:30:00+00:00,2010.6141357421875,2010.6141357421875,1997.7332763671875,1997.7332763671875,0
2025-05-02 14:30:00+00:00,2008.3717041015625,2013.9437255859375,2008.3505859375,2010.7816162109375,0
2025-05-02 15:30:00+00:00,2022.03173828125,2023.503662109375,2008.1600341796875,2008.37353515625,0
2025-05-02 16:30:00+00:00,2021.732177734375,2025.6978759765625,2020.5308837890625,2022.072021484375,0
2025-05-02 17:30:00+00:00,2025.2420654296875,2025.8349609375,2021.7235107421875,2021.73193359375,0
2025-05-02 18:30:00+00:00,2023.54150390625,2026.525390625,2019.7972412109375,2025.2122802734375,0
2025-05-02 19:30:00+00:00,2020.5654296875,2023.5289306640625,2019.3123779296875,2023.5289306640625,0
2025-05-05 13:30:00+00:00,2009.26708984375,2009.26708984375,2000.2906494140625,2003.9827880859375,0
2025-05-05 14:30:00+00:00,2016.736328125,2017.2921142578125,2009.3123779296875,2009.3123779296875,0
2025-05-05 15:30:00+00:00,2016.4532470703125,2017.614990234375,2014.001708984375,2016.7313232421875,0
2025-05-05 16:30:00+00:00,2013.4619140625,2017.344970703125,2013.4619140625,2016.462646484375,0
2025-05-05 17:30:00+00:00,2019.0775146484375,2019.9072265625,2013.3800048828125,2013.447998046875,0
2025-05-05 18:30:00+00:00,2011.8826904296875,2020.0902099609375,2011.8739013671875,2019.080322265625,0
2025-05-05 19:30:00+00:00,2003.6175537109375,2012.4749755859375,2003.6175537109375,2011.88525390625,0
2025-05-06 13:30:00+00:00,1992.4111328125,1992.4111328125,1976.858642578125,1984.6998291015625,0
2025-05-06 14:30:00+00:00,1996.413818359375,1996.419921875,1990.3760986328125,1992.413818359375,0
2025-05-06 15:30:00+00:00,1993.112060546875,1998.3160400390625,1991.8270263671875,1996.4080810546875,0
2025-05-06 16:30:00+00:00,1981.9425048828125,1993.8514404296875,1980.845703125,1993.1192626953125,0
2025-05-06 17:30:00+00:00,1984.760498046875,1984.760498046875,1977.3258056640625,1981.9119873046875,0
2025-05-06 18:30:00+00:00,1987.6156005859375,1987.9986572265625,1984.6839599609375,1984.7650146484375,0
2025-05-06 19:30:00+00:00,1982.681884765625,1989.583251953125,1982.681884765625,1987.651611328125,0
2025-05-07 13:30:00+00:00,1989.9586181640625,1995.629638671875,1988.1124267578125,1993.7257080078125,0
2025-05-07 14:30:00+00:00,1989.244140625,1993.3125,1985.08349609375,1990.009765625,0
2025-05-07 15:30:00+00:00,1989.927490234375,1993.1837158203125,1989.0753173828125,1989.25830078125,0
2025-05-07 16:30:00+00:00,1996.81787109375,1998.786865234375,1989.938232421875,1989.938232421875,0
2025-05-07 17:30:00+00:00,1982.6029052734375,1997.0660400390625,1977.8656005859375,1996.8251953125,0
2025-05-07 18:30:00+00:00,1980.8702392578125,1991.1856689453125,1980.8330078125,1982.6094970703125,0
2025-05-07 19:30:00+00:00,1989.8358154296875,1992.2449951171875,1977.6070556640625,1980.865478515625,0
2025-05-08 13:30:00+00:00,2008.7276611328125,2011.9530029296875,2003.5045166015625,2009.73046875,0
2025-05-08 14:30:00+00:00,2017.857666015625,2018.8466796875,2000.12109375,2008.7481689453125,0
2025-05-08 15:30:00+00:00,2031.1378173828125,2033.95068359375,2015.9161376953125,2017.5555419921875,0
2025-05-08 16:30:00+00:00,2036.9156494140625,2040.4595947265625,2031.090087890625,2031.123046875,0
2025-05-08 17:30:00+00:00,2034.87744140625,2037.6595458984375,2031.9202880859375,2036.9508056640625,0
2025-05-08 18:30:00+00:00,2037.856201171875,2037.88525390625,2031.9031982421875,2034.841552734375,0
2025-05-08 19:30:00+00:00,2026.044677734375,2038.834228515625,2025.94580078125,2037.8941650390625,0
2025-05-09 13:30:00+00:00,2025.1907958984375,2037.3046875,2025.1312255859375,2031.1268310546875,0
2025-05-09 14:30:00+00:00,2022.8973388671875,2028.0601806640625,2020.72998046875,2025.26171875,0
2025-05-09 15:30:00+00:00,2017.244384765625,2023.7236328125,2016.299072265625,2022.8580322265625,0
2025-05-09 16:30:00+00:00,2021.8712158203125,2021.915771484375,2016.29052734375,2017.205322265625,0
2025-05-09 17:30:00+00:00,2022.300537109375,2025.852783203125,2021.2021484375,2021.8748779296875,0
2025-05-09 18:30:00+00:00,2024.1318359375,2026.762939453125,2022.2789306640625,2022.3011474609375,0
2025-05-09 19:30:00+00:00,2022.999267578125,2025.2720947265625,2021.48876953125,2024.08642578125,0
2025-05-12 13:30:00+00:00,2080.355224609375,2104.7138671875,2080.32861328125,2086.814208984375,0
2025-05-12 14:30:00+00:00,2079.736572265625,2086.355712890625,2076.908447265625,2080.437255859375,0
2025-05-12 15:30:00+00:00,2083.894775390625,2085.0947265625,2078.3447265625,2079.760986328125,0
2025-05-12 16:30:00+00:00,2094.829345703125,2097.54931640625,2083.84912109375,2083.8603515625,0
2025-05-12 17:30:00+00:00,2092.305419921875,2096.20947265625,2091.72705078125,2094.814697265625,0
2025-05-12 18:30:00+00:00,2092.22802734375,2094.84375,2090.609619140625,2092.288818359375,0
2025-05-12 19:30:00+00:00,2092.394287109375,2093.477783203125,2090.217529296875,2092.227783203125,0
2025-05-13 13:30:00+00:00,2097.891357421875,2104.85400390625,2097.891357421875,2101.546142578125,0
2025-05-13 14:30:00+00:00,2105.38330078125,2105.8525390625,2095.241455078125,2097.781982421875,0
2025-05-13 15:30:00+00:00,2105.7373046875,2106.600341796875,2102.06982421875,2105.3388671875,0
2025-05-13 16:30:00+00:00,2105.321533203125,2107.29931640625,2102.61572265625,2105.758544921875,0
2025-05-13 17:30:00+00:00,2107.4619140625,2107.62060546875,2103.0078125,2105.353759765625,0
2025-05-13 18:30:00+00:00,2107.337890625,2108.736328125,2104.979248046875,2107.46435546875,0
2025-05-13 19:30:00+00:00,2102.027587890625,2109.949951171875,2101.998779296875,2107.307373046875,0
2025-05-14 13:30:00+00:00,2091.43603515625,2099.338134765625,2089.00341796875,2096.45654296875,0
2025-05-14 14:30:00+00:00,2089.430419921875,2092.36181640625,2082.813232421875,2091.437255859375,0
2025-05-14 15:30:00+00:00,2089.6611328125,2092.5595703125,2087.592041015625,2089.464111328125,0
2025-05-14 16:30:00+00:00,2084.818359375,2092.2958984375,2083.55712890625,2089.63720703125,0
2025-05-14 17:30:00+00:00,2084.39990234375,2088.61669921875,2084.39990234375,2084.817626953125,0
2025-05-14 18:30:00+00:00,2088.23974609375,2088.750732421875,2084.41357421875,2084.41357421875,0
2025-05-14 19:30:00+00:00,2083.7060546875,2088.739501953125,2083.7060546875,2088.191162109375,0
2025-05-15 13:30:00+00:00,2073.037841796875,2080.95849609375,2072.03955078125,2077.3984375,0
2025-05-15 14:30:00+00:00,2082.7822265625,2083.078857421875,2069.336669921875,2073.014404296875,0
2025-05-15 15:30:00+00:00,2086.008544921875,2088.984130859375,2082.429931640625,2082.75,0
2025-05-15 16:30:00+00:00,2091.438720703125,2091.898193359375,2085.994384765625,2086.029296875,0
2025-05-15 17:30:00+00:00,2090.52978515625,2092.101318359375,2089.48095703125,2091.42041015625,0
2025-05-15 18:30:00+00:00,2091.23388671875,2093.0166015625,2090.47509765625,2090.54052734375,0
2025-05-15 19:30:00+00:00,2093.937255859375,2094.33447265625,2091.227294921875,2091.227294921875,0
2025-05-16 13:30:00+00:00,2098.7578125,2104.1796875,2094.9287109375,2096.017822265625,0
2025-05-16 14:30:00+00:00,2098.0166015625,2100.243896484375,2094.353759765625,2098.7578125,0
2025-05-16 15:30:00+00:00,2106.12109375,2106.244140625,2098.023193359375,2098.023193359375,0
2025-05-16 16:30:00+00:00,2109.21337890625,2109.954833984375,2105.8876953125,2106.12353515625,0
2025-05-16 17:30:00+00:00,2112.280029296875,2112.758544921875,2109.22265625,2109.22265625,0
2025-05-16 18:30:00+00:00,2114.023681640625,2114.947998046875,2111.8466796875,2112.272216796875,0
2025-05-16 19:30:00+00:00,2113.391357421875,2114.894775390625,2111.8193359375,2114.01171875,0
2025-05-19 13:30:00+00:00,2090.107666015625,2093.140380859375,2081.484375,2082.196044921875,0
2025-05-19 14:30:00+00:00,2091.77783203125,2093.198974609375,2089.22509765625,2090.123291015625,0
2025-05-19 15:30:00+00:00,2096.1650390625,2096.1650390625,2091.560546875,2091.722412109375,0
2025-05-19 16:30:00+00:00,2101.32470703125,2101.87548828125,2095.437255859375,2096.1484375,0
2025-05-19 17:30:00+00:00,2097.745361328125,2101.65966796875,2096.947509765625,2101.320068359375,0
2025-05-19 18:30:00+00:00,2097.579345703125,2099.6708984375,2097.19970703125,2097.723876953125,0
2025-05-19 19:30:00+00:00,2104.346923828125,2104.537353515625,2097.551025390625,2097.5849609375,0
2025-05-20 13:30:00+00:00,2102.035888671875,2102.965087890625,2095.54736328125,2101.382080078125,0
2025-05-20 14:30:00+00:00,2105.746826171875,2106.07763671875,2101.271484375,2102.01953125,0
2025-05-20 15:30:00+00:00,2103.35791015625,2106.16455078125,2102.398193359375,2105.77685546875,0
2025-05-20 16:30:00+00:00,2109.381591796875,2109.643798828125,2103.357666015625,2103.357666015625,0
2025-05-20 17:30:00+00:00,2102.908447265625,2111.193115234375,2102.908447265625,2109.360107421875,0
2025-05-20 18:30:00+00:00,2101.12744140625,2104.716064453125,2097.79296875,2102.867919921875,0
2025-05-20 19:30:00+00:00,2105.792236328125,2105.792236328125,2101.126708984375,2101.126708984375,0
2025-05-21 13:30:00+00:00,2082.777587890625,2087.067138671875,2082.591552734375,2084.113525390625,0
2025-05-21 14:30:00+00:00,2083.938720703125,2085.7734375,2078.899658203125,2082.6611328125,0
2025-05-21 15:30:00+00:00,2084.045166015625,2084.96875,2082.315673828125,2083.90625,0
2025-05-21 16:30:00+00:00,2053.615234375,2085.45361328125,2053.615234375,2084.062744140625,0
2025-05-21 17:30:00+00:00,2053.3203125,2061.6455078125,2051.7939453125,2053.626220703125,0
2025-05-21 18:30:00+00:00,2043.6143798828125,2055.885986328125,2043.1807861328125,2053.2939453125,0
2025-05-21 19:30:00+00:00,2045.9774169921875,2052.6083984375,2043.6258544921875,2043.6258544921875,0
2025-05-22 13:30:00+00:00,2037.374267578125,2042.559814453125,2032.4012451171875,2042.0330810546875,0
2025-05-22 14:30:00+00:00,2041.2825927734375,2043.2757568359375,2035.092529296875,2037.365234375,0
2025-05-22 15:30:00+00:00,2048.329833984375,2051.221435546875,2041.0833740234375,2041.211181640625,0
2025-05-22 16:30:00+00:00,2048.73046875,2048.8583984375,2042.388427734375,2048.313232421875,0
2025-05-22 17:30:00+00:00,2052.428466796875,2053.41552734375,2047.8922119140625,2048.7412109375,0
2025-05-22 18:30:00+00:00,2056.68798828125,2057.0068359375,2051.09814453125,2052.445068359375,0
2025-05-22 19:30:00+00:00,2044.8929443359375,2056.71240234375,2044.8929443359375,2056.71240234375,0
2025-05-23 13:30:00+00:00,2028.5205078125,2032.9517822265625,2011.198974609375,2014.110107421875,0
2025-05-23 14:30:00+00:00,2032.940185546875,2033.7562255859375,2028.1927490234375,2028.529052734375,0
2025-05-23 15:30:00+00:00,2034.8885498046875,2036.625244140625,2032.047607421875,2032.9613037109375,0
2025-05-23 16:30:00+00:00,2042.7886962890625,2042.7886962890625,2033.21484375,2034.890625,0
2025-05-23 17:30:00+00:00,2040.956298828125,2044.885986328125,2040.05712890625,2042.801025390625,0
2025-05-23 18:30:00+00:00,2040.5457763671875,2044.8446044921875,2039.8031005859375,2040.9830322265625,0
2025-05-23 19:30:00+00:00,2039.518798828125,2044.3743896484375,2037.0743408203125,2040.5389404296875,0
2025-05-27 13:30:00+00:00,2074.330322265625,2075.150390625,2058.198974609375,2059.178955078125,0
2025-05-27 14:30:00+00:00,2080.416259765625,2080.4189453125,2073.58349609375,2074.333251953125,0
2025-05-27 15:30:00+00:00,2083.91796875,2084.351318359375,2079.802001953125,2080.427978515625,0
2025-05-27 16:30:00+00:00,2085.172607421875,2088.39306640625,2083.88330078125,2083.9130859375,0
2025-05-27 17:30:00+00:00,2086.927001953125,2090.035400390625,2084.38916015625,2085.1748046875,0
2025-05-27 18:30:00+00:00,2087.4453125,2088.437744140625,2086.410888671875,2086.9228515625,0
2025-05-27 19:30:00+00:00,2090.11865234375,2090.166259765625,2085.363525390625,2087.42138671875,0
2025-05-28 13:30:00+00:00,2078.743408203125,2092.389404296875,2078.6826171875,2089.9091796875,0
2025-05-28 14:30:00+00:00,2074.780029296875,2079.00244140625,2074.780029296875,2078.7841796875,0
2025-05-28 15:30:00+00:00,2074.15625,2074.94921875,2072.16162109375,2074.7587890625,0
2025-05-28 16:30:00+00:00,2077.529541015625,2078.34912109375,2073.402587890625,2074.14990234375,0
2025-05-28 17:30:00+00:00,2076.350341796875,2078.641357421875,2076.32470703125,2077.509033203125,0
2025-05-28 18:30:00+00:00,2073.038330078125,2077.720947265625,2070.086181640625,2076.388916015625,0
2025-05-28 19:30:00+00:00,2067.7265625,2073.248046875,2066.440185546875,2073.03857421875,0
2025-05-29 13:30:00+00:00,2066.750732421875,2081.517333984375,2064.81982421875,2077.666748046875,0
2025-05-29 14:30:00+00:00,2072.513671875,2072.63916015625,2064.31201171875,2066.75048828125,0
2025-05-29 15:30:00+00:00,2067.697021484375,2072.713134765625,2061.019775390625,2072.493408203125,0
2025-05-29 16:30:00+00:00,2070.111572265625,2072.447998046875,2067.67724609375,2067.701416015625,0
2025-05-29 17:30:00+00:00,2069.4609375,2071.608154296875,2068.30908203125,2070.1279296875,0
2025-05-29 18:30:00+00:00,2072.739990234375,2074.55810546875,2069.4228515625,2069.4228515625,0
2025-05-29 19:30:00+00:00,2074.449951171875,2074.650146484375,2072.564208984375,2072.7158203125,0
2025-05-30 13:30:00+00:00,2065.067626953125,2067.329833984375,2053.688232421875,2067.329833984375,0
2025-05-30 14:30:00+00:00,2070.441650390625,2070.492919921875,2065.087158203125,2065.087158203125,0
2025-05-30 15:30:00+00:00,2057.20263671875,2070.8095703125,2057.20263671875,2070.406982421875,0
2025-05-30 16:30:00+00:00,2058.95703125,2058.95703125,2051.121826171875,2057.237060546875,0
2025-05-30 17:30:00+00:00,2067.85302734375,2068.02490234375,2058.971923828125,2058.971923828125,0
2025-05-30 18:30:00+00:00,2074.734130859375,2074.740234375,2066.9560546875,2067.850830078125,0
2025-05-30 19:30:00+00:00,2066.4794921875,2074.720703125,2066.4794921875,2074.720703125,0
2025-06-02 13:30:00+00:00,2057.978759765625,2069.921630859375,2043.59619140625,2066.502685546875,0
2025-06-02 14:30:00+00:00,2062.931884765625,2065.760986328125,2057.266845703125,2058.0078125,0
2025-06-02 15:30:00+00:00,2064.08251953125,2067.696533203125,2061.952392578125,2062.88916015625,0
2025-06-02 16:30:00+00:00,2062.254638671875,2066.576904296875,2062.23046875,2064.118408203125,0
2025-06-02 17:30:00+00:00,2066.971923828125,2067.066162109375,2060.62158203125,2062.2578125,0
2025-06-02 18:30:00+00:00,2070.008056640625,2070.540283203125,2066.526611328125,2066.955078125,0
2025-06-02 19:30:00+00:00,2070.23828125,2070.23828125,2067.325439453125,2069.967041015625,0
2025-06-03 13:30:00+00:00,2084.727294921875,2084.727294921875,2070.85693359375,2074.026123046875,0
2025-06-03 14:30:00+00:00,2094.239013671875,2094.81689453125,2084.68603515625,2084.75732421875,0
2025-06-03 15:30:00+00:00,2102.011962890625,2102.31005859375,2094.265625,2094.3115234375,0
2025-06-03 16:30:00+00:00,2104.5439453125,2105.32080078125,2101.831787109375,2102.002685546875,0
2025-06-03 17:30:00+00:00,2104.702392578125,2107.3916015625,2100.7373046875,2104.537841796875,0
2025-06-03 18:30:00+00:00,2102.710693359375,2106.913330078125,2102.67724609375,2104.709716796875,0
2025-06-03 19:30:00+00:00,2103.17041015625,2104.079345703125,2098.541748046875,2102.689453125,0
2025-06-04 13:30:00+00:00,2105.419189453125,2110.21826171875,2097.32177734375,2103.27978515625,0
2025-06-04 14:30:00+00:00,2100.41259765625,2105.45361328125,2099.209228515625,2105.45361328125,0
2025-06-04 15:30:00+00:00,2097.767578125,2101.56787109375,2096.731689453125,2100.38720703125,0
2025-06-04 16:30:00+00:00,2103.213623046875,2103.265380859375,2097.73583984375,2097.774169921875,0
2025-06-04 17:30:00+00:00,2103.197021484375,2105.73876953125,2102.868408203125,2103.231689453125,0
2025-06-04 18:30:00+00:00,2101.93603515625,2103.627197265625,2100.930908203125,2103.27001953125,0
2025-06-04 19:30:00+00:00,2098.53955078125,2102.66845703125,2098.53955078125,2101.921875,0
2025-06-05 13:30:00+00:00,2094.76806640625,2100.24169921875,2086.786865234375,2099.560546875,0
2025-06-05 14:30:00+00:00,2105.394775390625,2105.394775390625,2089.955322265625,2094.76513671875,0
2025-06-05 15:30:00+00:00,2109.797119140625,2110.06884765625,2105.39453125,2105.40478515625,0
2025-06-05 16:30:00+00:00,2107.142822265625,2110.076904296875,2097.6416015625,2109.83837890625,0
2025-06-05 17:30:00+00:00,2103.639892578125,2108.712158203125,2099.685546875,2107.14697265625,0
2025-06-05 18:30:00+00:00,2092.861328125,2105.754638671875,2088.728515625,2103.680908203125,0
2025-06-05 19:30:00+00:00,2097.058837890625,2099.757080078125,2092.92529296875,2092.92529296875,0
2025-06-06 13:30:00+00:00,2124.220703125,2130.53271484375,2121.6259765625,2125.59423828125,0
2025-06-06 14:30:00+00:00,2125.265869140625,2131.91357421875,2122.3515625,2124.23486328125,0
2025-06-06 15:30:00+00:00,2128.8232421875,2129.356689453125,2125.008056640625,2125.31640625,0
2025-06-06 16:30:00+00:00,2123.114501953125,2129.482666015625,2122.3232421875,2128.8203125,0
2025-06-06 17:30:00+00:00,2124.53173828125,2126.028564453125,2123.12109375,2123.12109375,0
2025-06-06 18:30:00+00:00,2128.49169921875,2129.537353515625,2124.402587890625,2124.530029296875,0
2025-06-06 19:30:00+00:00,2131.827392578125,2132.35205078125,2126.823974609375,2128.44970703125,0
2025-06-09 13:30:00+00:00,2146.8193359375,2150.892578125,2139.0546875,2144.1552734375,0
2025-06-09 14:30:00+00:00,2141.657470703125,2147.937255859375,2139.453857421875,2146.82275390625,0
2025-06-09 15:30:00+00:00,2145.20654296875,2145.36865234375,2141.674560546875,2141.674560546875,0
2025-06-09 16:30:00+00:00,2150.18310546875,2150.312255859375,2145.16796875,2145.16796875,0
2025-06-09 17:30:00+00:00,2153.75830078125,2154.3056640625,2149.889892578125,2150.164306640625,0
2025-06-09 18:30:00+00:00,2151.522216796875,2154.390625,2151.467529296875,2153.77294921875,0
2025-06-09 19:30:00+00:00,2144.50634765625,2151.375732421875,2144.50634765625,2151.375732421875,0
2025-06-10 13:30:00+00:00,2163.10888671875,2163.99853515625,2150.7421875,2150.7421875,0
2025-06-10 14:30:00+00:00,2161.51513671875,2164.4677734375,2159.08056640625,2163.11865234375,0
2025-06-10 15:30:00+00:00,2160.359619140625,2161.52880859375,2156.19384765625,2161.52880859375,0
2025-06-10 16:30:00+00:00,2158.9384765625,2161.17431640625,2158.9384765625,2160.359619140625,0
2025-06-10 17:30:00+00:00,2151.9873046875,2158.840087890625,2151.890625,2158.7216796875,0
2025-06-10 18:30:00+00:00,2157.40087890625,2159.027587890625,2151.984375,2152.00927734375,0
2025-06-10 19:30:00+00:00,2156.646240234375,2157.4130859375,2152.747802734375,2157.40771484375,0
2025-06-11 13:30:00+00:00,2169.5390625,2169.67919921875,2159.645263671875,2163.544921875,0
2025-06-11 14:30:00+00:00,2168.2666015625,2170.48681640625,2167.6552734375,2169.58837890625,0
2025-06-11 15:30:00+00:00,2159.597412109375,2169.069580078125,2156.896484375,2168.310791015625,0
2025-06-11 16:30:00+00:00,2166.58154296875,2166.69873046875,2158.484130859375,2159.61767578125,0
2025-06-11 17:30:00+00:00,2152.10009765625,2166.832763671875,2148.63671875,2166.593505859375,0
2025-06-11 18:30:00+00:00,2150.03955078125,2156.1943359375,2148.02197265625,2152.123291015625,0
2025-06-11 19:30:00+00:00,2148.248291015625,2150.25537109375,2146.914794921875,2149.772216796875,0
2025-06-12 13:30:00+00:00,2139.7314453125,2142.2763671875,2131.065673828125,2142.2763671875,0
2025-06-12 14:30:00+00:00,2134.99951171875,2142.78173828125,2134.208984375,2139.782470703125,0
2025-06-12 15:30:00+00:00,2136.58544921875,2138.114990234375,2133.51611328125,2135.0048828125,0
2025-06-12 16:30:00+00:00,2139.674560546875,2140.806884765625,2134.904052734375,2136.592529296875,0
2025-06-12 17:30:00+00:00,2139.072021484375,2142.884033203125,2138.832275390625,2139.998291015625,0
2025-06-12 18:30:00+00:00,2139.485595703125,2140.535888671875,2138.8896484375,2139.059814453125,0
2025-06-12 19:30:00+00:00,2139.502685546875,2139.7001953125,2136.302490234375,2139.496826171875,0
2025-06-13 13:30:00+00:00,2106.387939453125,2120.225830078125,2105.59130859375,2120.225830078125,0
2025-06-13 14:30:00+00:00,2117.651123046875,2118.88330078125,2106.29833984375,2106.439453125,0
2025-06-13 15:30:00+00:00,2122.798828125,2125.079345703125,2117.663330078125,2117.663330078125,0
2025-06-13 16:30:00+00:00,2116.12939453125,2123.3603515625,2116.12939453125,2122.7626953125,0
2025-06-13 17:30:00+00:00,2104.546875,2117.300537109375,2104.546875,2116.076904296875,0
2025-06-13 18:30:00+00:00,2097.078125,2106.456787109375,2096.707275390625,2104.568115234375,0
2025-06-13 19:30:00+00:00,2100.41943359375,2101.44775390625,2095.64501953125,2097.10009765625,0
2025-06-16 13:30:00+00:00,2128.0107421875,2129.974365234375,2115.07421875,2115.07421875,0
2025-06-16 14:30:00+00:00,2125.563232421875,2134.712890625,2125.45166015625,2128.05810546875,0
2025-06-16 15:30:00+00:00,2126.925048828125,2127.48779296875,2122.66015625,2125.6279296875,0
2025-06-16 16:30:00+00:00,2128.018310546875,2128.16455078125,2125.302978515625,2126.923095703125,0
2025-06-16 17:30:00+00:00,2123.2265625,2128.77685546875,2123.2265625,2128.029052734375,0
2025-06-16 18:30:00+00:00,2120.634033203125,2123.256103515625,2119.28955078125,2123.229248046875,0
2025-06-16 19:30:00+00:00,2124.12109375,2124.19970703125,2119.342529296875,2120.616943359375,0
2025-06-17 13:30:00+00:00,2118.055419921875,2120.066650390625,2108.483154296875,2113.863525390625,0
2025-06-17 14:30:00+00:00,2116.81787109375,2120.382568359375,2116.096923828125,2118.048583984375,0
2025-06-17 15:30:00+00:00,2119.636474609375,2119.94482421875,2114.720458984375,2116.791015625,0
2025-06-17 16:30:00+00:00,2109.1953125,2120.37158203125,2109.098388671875,2119.62841796875,0
2025-06-17 17:30:00+00:00,2104.638427734375,2112.2724609375,2104.181884765625,2109.16064453125,0
2025-06-17 18:30:00+00:00,2106.231201171875,2106.50390625,2103.06005859375,2104.653076171875,0
2025-06-17 19:30:00+00:00,2101.78125,2107.099609375,2101.5927734375,2106.239501953125,0
2025-06-18 13:30:00+00:00,2121.46533203125,2121.555419921875,2100.44482421875,2101.358154296875,0
2025-06-18 14:30:00+00:00,2125.3779296875,2125.908935546875,2121.45166015625,2121.45166015625,0
2025-06-18 15:30:00+00:00,2124.74853515625,2125.666015625,2122.491943359375,2125.131103515625,0
2025-06-18 16:30:00+00:00,2121.507080078125,2126.048828125,2121.410400390625,2124.729248046875,0
2025-06-18 17:30:00+00:00,2122.6591796875,2127.21240234375,2118.54833984375,2121.50732421875,0
2025-06-18 18:30:00+00:00,2111.23974609375,2127.672119140625,2110.2216796875,2122.66162109375,0
2025-06-18 19:30:00+00:00,2112.89306640625,2116.254638671875,2110.374755859375,2111.2021484375,0
2025-06-20 13:30:00+00:00,2120.761962890625,2127.55078125,2118.31982421875,2123.395751953125,0
2025-06-20 14:30:00+00:00,2113.599853515625,2121.255859375,2110.4228515625,2120.75634765625,0
2025-06-20 15:30:00+00:00,2110.10400390625,2115.38818359375,2108.285888671875,2113.8369140625,0
2025-06-20 16:30:00+00:00,2105.52099609375,2112.15185546875,2105.52099609375,2110.115966796875,0
2025-06-20 17:30:00+00:00,2109.737548828125,2110.10498046875,2103.319091796875,2105.388916015625,0
2025-06-20 18:30:00+00:00,2109.683837890625,2111.026611328125,2105.87939453125,2109.723876953125,0
2025-06-20 19:30:00+00:00,2109.15185546875,2112.7978515625,2108.134521484375,2109.702880859375,0
2025-06-23 13:30:00+00:00,2117.96044921875,2121.24267578125,2096.298828125,2105.51806640625,0
2025-06-23 14:30:00+00:00,2113.635009765625,2118.33740234375,2112.9619140625,2117.908447265625,0
2025-06-23 15:30:00+00:00,2096.31298828125,2113.435546875,2096.31298828125,2113.224365234375,0
2025-06-23 16:30:00+00:00,2110.226318359375,2110.2509765625,2088.068115234375,2096.30126953125,0
2025-06-23 17:30:00+00:00,2120.468994140625,2120.97802734375,2110.223876953125,2110.223876953125,0
2025-06-23 18:30:00+00:00,2127.218994140625,2127.218994140625,2120.451171875,2120.451171875,0
2025-06-23 19:30:00+00:00,2132.222900390625,2132.222900390625,2127.155517578125,2127.20361328125,0
2025-06-24 13:30:00+00:00,2152.09326171875,2152.5234375,2142.739990234375,2144.9560546875,0
2025-06-24 14:30:00+00:00,2161.045166015625,2161.9306640625,2152.117431640625,2152.133544921875,0
2025-06-24 15:30:00+00:00,2159.912353515625,2161.59521484375,2157.41796875,2161.0908203125,0
2025-06-24 16:30:00+00:00,2156.941650390625,2160.366943359375,2156.941650390625,2159.90087890625,0
2025-06-24 17:30:00+00:00,2162.93505859375,2162.93505859375,2156.702880859375,2156.873046875,0
2025-06-24 18:30:00+00:00,2163.90869140625,2164.735107421875,2162.510986328125,2162.962158203125,0
2025-06-24 19:30:00+00:00,2161.023681640625,2164.895263671875,2160.2646484375,2163.927001953125,0
2025-06-25 13:30:00+00:00,2144.895751953125,2163.67431640625,2144.850830078125,2163.0087890625,0
2025-06-25 14:30:00+00:00,2141.614501953125,2145.632568359375,2139.764892578125,2144.924560546875,0
2025-06-25 15:30:00+00:00,2145.411865234375,2146.606201171875,2141.208251953125,2141.990966796875,0
2025-06-25 16:30:00+00:00,2144.446533203125,2146.52978515625,2141.228759765625,2145.409423828125,0
2025-06-25 17:30:00+00:00,2142.984130859375,2144.656982421875,2140.37109375,2144.426513671875,0
2025-06-25 18:30:00+00:00,2143.753173828125,2144.91845703125,2141.237548828125,2142.9638671875,0
2025-06-25 19:30:00+00:00,2135.95703125,2143.7646484375,2135.95703125,2143.727783203125,0
2025-06-26 13:30:00+00:00,2154.84619140625,2154.945068359375,2141.474365234375,2141.474365234375,0
2025-06-26 14:30:00+00:00,2154.7919921875,2159.51416015625,2154.7919921875,2154.855224609375,0
2025-06-26 15:30:00+00:00,2159.3779296875,2159.520751953125,2153.551513671875,2154.69384765625,0
2025-06-26 16:30:00+00:00,2157.158447265625,2160.099853515625,2156.402099609375,2159.426025390625,0
2025-06-26 17:30:00+00:00,2158.2783203125,2158.713623046875,2156.382080078125,2157.121826171875,0
2025-06-26 18:30:00+00:00,2166.7392578125,2166.892333984375,2158.24462890625,2158.26708984375,0
2025-06-26 19:30:00+00:00,2171.689697265625,2172.127197265625,2165.812744140625,2166.7392578125,0
2025-06-27 13:30:00+00:00,2177.538330078125,2182.1220703125,2171.57177734375,2176.73974609375,0
2025-06-27 14:30:00+00:00,2180.368896484375,2185.85498046875,2177.621337890625,2177.621337890625,0
2025-06-27 15:30:00+00:00,2188.880615234375,2189.17626953125,2180.39501953125,2180.39501953125,0
2025-06-27 16:30:00+00:00,2183.91064453125,2188.952880859375,2183.70849609375,2188.839111328125,0
2025-06-27 17:30:00+00:00,2166.1015625,2184.65625,2166.1015625,2183.925048828125,0
2025-06-27 18:30:00+00:00,2164.525634765625,2166.085205078125,2159.80126953125,2166.05859375,0
2025-06-27 19:30:00+00:00,2172.795654296875,2174.376953125,2164.572509765625,2164.572509765625,0
2025-06-30 13:30:00+00:00,2177.64111328125,2182.36767578125,2175.31494140625,2177.817626953125,0
2025-06-30 14:30:00+00:00,2175.30615234375,2178.318359375,2174.509521484375,2177.650390625,0
2025-06-30 15:30:00+00:00,2173.7734375,2176.78955078125,2173.509765625,2175.33349609375,0
2025-06-30 16:30:00+00:00,2175.964599609375,2177.43408203125,2173.26220703125,2173.739013671875,0
2025-06-30 17:30:00+00:00,2178.252197265625,2178.511962890625,2173.19677734375,2175.9501953125,0
2025-06-30 18:30:00+00:00,2180.256591796875,2180.7177734375,2175.96240234375,2178.232177734375,0
2025-06-30 19:30:00+00:00,2175.545166015625,2180.25146484375,2175.489501953125,2180.25146484375,0
2025-07-01 13:30:00+00:00,2171.547119140625,2174.4365234375,2160.630615234375,2165.629638671875,0
2025-07-01 14:30:00+00:00,2189.146728515625,2189.146728515625,2170.544921875,2171.5498046875,0
2025-07-01 15:30:00+00:00,2217.133056640625,2218.59375,2189.23193359375,2189.23193359375,0
2025-07-01 16:30:00+00:00,2211.289306640625,2217.813232421875,2199.679443359375,2217.11474609375,0
2025-07-01 17:30:00+00:00,2203.78515625,2211.704345703125,2203.78515625,2211.3017578125,0
2025-07-01 18:30:00+00:00,2200.458251953125,2205.947021484375,2196.238037109375,2203.773681640625,0
2025-07-01 19:30:00+00:00,2195.110595703125,2200.60693359375,2194.5224609375,2200.501708984375,0
2025-07-02 13:30:00+00:00,2206.2197265625,2206.2197265625,2194.297607421875,2199.6552734375,0
2025-07-02 14:30:00+00:00,2212.96337890625,2213.97412109375,2206.191162109375,2206.239990234375,0
2025-07-02 15:30:00+00:00,2214.419921875,2217.546630859375,2211.594970703125,2212.93505859375,0
2025-07-02 16:30:00+00:00,2215.955322265625,2218.9052734375,2212.486328125,2214.41162109375,0
2025-07-02 17:30:00+00:00,2221.144287109375,2222.79052734375,2215.98388671875,2215.98388671875,0
2025-07-02 18:30:00+00:00,2223.00927734375,2225.37841796875,2220.427490234375,2221.1728515625,0
2025-07-02 19:30:00+00:00,2226.172607421875,2226.785888671875,2220.509521484375,2223.0224609375,0
2025-07-03 13:30:00+00:00,2240.514404296875,2246.824951171875,2232.30126953125,2232.30126953125,0
2025-07-03 14:30:00+00:00,2241.754150390625,2247.0166015625,2240.37353515625,2240.51171875,0
2025-07-03 15:30:00+00:00,2244.2041015625,2248.072509765625,2242.38037109375,2242.384033203125,0
2025-07-07 13:30:00+00:00,2235.31884765625,2243.3759765625,2227.97509765625,2237.519287109375,0
2025-07-07 14:30:00+00:00,2225.49658203125,2235.799560546875,2224.865478515625,2235.32568359375,0
2025-07-07 15:30:00+00:00,2217.265380859375,2227.8623046875,2213.695556640625,2225.50146484375,0
2025-07-07 16:30:00+00:00,2218.29541015625,2219.98486328125,2213.14990234375,2217.24560546875,0
2025-07-07 17:30:00+00:00,2204.700439453125,2221.307373046875,2204.31005859375,2218.304443359375,0
2025-07-07 18:30:00+00:00,2211.19384765625,2215.73486328125,2204.531982421875,2204.677978515625,0
2025-07-07 19:30:00+00:00,2214.159912109375,2214.159912109375,2210.699462890625,2211.154541015625,0
2025-07-08 13:30:00+00:00,2224.30810546875,2229.123046875,2219.103271484375,2219.103271484375,0
2025-07-08 14:30:00+00:00,2228.638916015625,2233.884033203125,2224.331298828125,2224.331298828125,0
2025-07-08 15:30:00+00:00,2238.22509765625,2238.239501953125,2228.6630859375,2228.6630859375,0
2025-07-08 16:30:00+00:00,2233.477294921875,2238.525634765625,2230.756103515625,2238.21826171875,0
2025-07-08 17:30:00+00:00,2231.978515625,2236.72021484375,2231.964111328125,2233.48095703125,0
2025-07-08 18:30:00+00:00,2232.509521484375,2234.093994140625,2229.894287109375,2231.9599609375,0
2025-07-08 19:30:00+00:00,2229.15087890625,2233.010498046875,2227.6103515625,2232.532958984375,0
2025-07-09 13:30:00+00:00,2233.663818359375,2247.072509765625,2233.663818359375,2236.352294921875,0
2025-07-09 14:30:00+00:00,2233.935302734375,2234.818603515625,2229.349853515625,2233.63232421875,0
2025-07-09 15:30:00+00:00,2238.659912109375,2239.567138671875,2232.982666015625,2233.935791015625,0
2025-07-09 16:30:00+00:00,2242.8466796875,2243.26171875,2237.89599609375,2238.639892578125,0
2025-07-09 17:30:00+00:00,2243.96240234375,2249.24267578125,2241.573486328125,2242.8505859375,0
2025-07-09 18:30:00+00:00,2248.2958984375,2248.2958984375,2243.9072265625,2243.914306640625,0
2025-07-09 19:30:00+00:00,2252.598388671875,2252.7685546875,2248.343994140625,2248.343994140625,0
2025-07-10 13:30:00+00:00,2255.413330078125,2258.97509765625,2247.19189453125,2251.03564453125,0
2025-07-10 14:30:00+00:00,2264.0029296875,2266.551025390625,2255.45068359375,2255.45068359375,0
2025-07-10 15:30:00+00:00,2270.09521484375,2270.347900390625,2264.014404296875,2264.014404296875,0
2025-07-10 16:30:00+00:00,2272.217529296875,2272.490966796875,2268.71142578125,2270.0927734375,0
2025-07-10 17:30:00+00:00,2271.988037109375,2275.69677734375,2270.821533203125,2272.2060546875,0
2025-07-10 18:30:00+00:00,2269.4482421875,2272.4736328125,2268.37255859375,2271.987548828125,0
2025-07-10 19:30:00+00:00,2264.07666015625,2270.452392578125,2263.221435546875,2269.416748046875,0
2025-07-11 13:30:00+00:00,2247.762939453125,2253.947509765625,2243.502197265625,2253.947509765625,0
2025-07-11 14:30:00+00:00,2240.338134765625,2248.56591796875,2239.2158203125,2247.74462890625,0
2025-07-11 15:30:00+00:00,2237.828857421875,2243.31787109375,2235.323974609375,2240.4140625,0
2025-07-11 16:30:00+00:00,2242.08740234375,2242.19140625,2237.6728515625,2237.82275390625,0
2025-07-11 17:30:00+00:00,2239.402587890625,2242.462646484375,2238.328857421875,2242.074951171875,0
2025-07-11 18:30:00+00:00,2240.514892578125,2243.30615234375,2235.88232421875,2239.434326171875,0
2025-07-11 19:30:00+00:00,2234.8076171875,2240.567626953125,2233.4130859375,2240.51171875,0
2025-07-14 13:30:00+00:00,2238.118896484375,2242.246337890625,2229.46142578125,2231.675048828125,0
2025-07-14 14:30:00+00:00,2237.963134765625,2242.157470703125,2234.67724609375,2238.127685546875,0
2025-07-14 15:30:00+00:00,2239.9306640625,2241.137939453125,2237.689697265625,2238.03466796875,0
2025-07-14 16:30:00+00:00,2243.218994140625,2245.61279296875,2238.395263671875,2239.95263671875,0
2025-07-14 17:30:00+00:00,2246.260009765625,2246.539306640625,2242.571044921875,2243.363037109375,0
2025-07-14 18:30:00+00:00,2245.85986328125,2247.200439453125,2244.932861328125,2246.28125,0
2025-07-14 19:30:00+00:00,2249.559814453125,2250.200927734375,2245.0634765625,2245.860595703125,0
2025-07-15 13:30:00+00:00,2235.009765625,2257.5712890625,2234.9404296875,2254.7734375,0
2025-07-15 14:30:00+00:00,2232.070556640625,2235.201416015625,2228.611328125,2234.879638671875,0
2025-07-15 15:30:00+00:00,2223.05517578125,2232.1240234375,2223.04541015625,2231.928955078125,0
2025-07-15 16:30:00+00:00,2219.85791015625,2224.189697265625,2216.0634765625,2223.069580078125,0
2025-07-15 17:30:00+00:00,2221.70849609375,2223.5087890625,2219.226806640625,2219.888671875,0
2025-07-15 18:30:00+00:00,2214.20751953125,2222.702392578125,2214.20751953125,2221.7109375,0
2025-07-15 19:30:00+00:00,2205.04736328125,2215.0078125,2205.04736328125,2214.209228515625,0
2025-07-16 13:30:00+00:00,2216.679443359375,2221.779052734375,2211.455322265625,2212.88330078125,0
2025-07-16 14:30:00+00:00,2203.010986328125,2221.119873046875,2199.904541015625,2216.651123046875,0
2025-07-16 15:30:00+00:00,2209.686279296875,2210.4140625,2189.303466796875,2202.966552734375,0
2025-07-16 16:30:00+00:00,2218.48974609375,2219.982177734375,2209.475341796875,2209.704345703125,0
2025-07-16 17:30:00+00:00,2220.29638671875,2220.896728515625,2217.805419921875,2218.44970703125,0
2025-07-16 18:30:00+00:00,2227.382080078125,2227.7353515625,2220.244873046875,2220.283203125,0
2025-07-16 19:30:00+00:00,2226.843017578125,2229.94775390625,2225.35693359375,2227.423828125,0
2025-07-17 13:30:00+00:00,2243.825927734375,2251.4150390625,2227.197265625,2228.044921875,0
2025-07-17 14:30:00+00:00,2249.675048828125,2249.76904296875,2243.06884765625,2243.893798828125,0
2025-07-17 15:30:00+00:00,2249.07958984375,2255.35107421875,2249.07958984375,2249.635009765625,0
2025-07-17 16:30:00+00:00,2247.29443359375,2250.33984375,2246.45166015625,2249.073974609375,0
2025-07-17 17:30:00+00:00,2252.213134765625,2252.213134765625,2247.313232421875,2247.313232421875,0
2025-07-17 18:30:00+00:00,2255.13916015625,2257.79345703125,2251.865234375,2252.218017578125,0
2025-07-17 19:30:00+00:00,2253.920654296875,2258.45947265625,2253.3134765625,2255.162841796875,0
2025-07-18 13:30:00+00:00,2249.510986328125,2269.605712890625,2249.510986328125,2265.1513671875,0
2025-07-18 14:30:00+00:00,2247.620361328125,2251.286376953125,2245.94580078125,2249.4189453125,0
2025-07-18 15:30:00+00:00,2244.40966796875,2252.619140625,2244.357177734375,2247.625732421875,0
2025-07-18 16:30:00+00:00,2239.208740234375,2244.35546875,2238.2724609375,2244.35546875,0
2025-07-18 17:30:00+00:00,2239.781494140625,2242.88623046875,2238.62548828125,2239.1181640625,0
2025-07-18 18:30:00+00:00,2240.986083984375,2241.43212890625,2238.11474609375,2239.771728515625,0
2025-07-18 19:30:00+00:00,2240.034912109375,2241.19873046875,2238.500244140625,2241.040283203125,0
2025-07-21 13:30:00+00:00,2258.35546875,2259.0205078125,2248.2529296875,2248.2529296875,0
2025-07-21 14:30:00+00:00,2258.418212890625,2259.215576171875,2257.181884765625,2258.3486328125,0
2025-07-21 15:30:00+00:00,2245.486572265625,2258.64794921875,2245.13525390625,2258.391357421875,0
2025-07-21 16:30:00+00:00,2247.88720703125,2249.66162109375,2245.510986328125,2245.510986328125,0
2025-07-21 17:30:00+00:00,2247.136962890625,2248.695068359375,2246.02392578125,2247.885009765625,0
2025-07-21 18:30:00+00:00,2235.615966796875,2247.25048828125,2235.503662109375,2247.1484375,0
2025-07-21 19:30:00+00:00,2230.876953125,2236.256591796875,2230.02294921875,2235.680419921875,0
2025-07-22 13:30:00+00:00,2234.77392578125,2238.61181640625,2224.326416015625,2231.181884765625,0
2025-07-22 14:30:00+00:00,2242.72705078125,2243.084228515625,2234.8984375,2234.8984375,0
2025-07-22 15:30:00+00:00,2239.63232421875,2245.242919921875,2239.63232421875,2242.762451171875,0
2025-07-22 16:30:00+00:00,2245.837646484375,2245.837646484375,2238.569091796875,2239.648681640625,0
2025-07-22 17:30:00+00:00,2248.95556640625,2249.9345703125,2245.863037109375,2245.863037109375,0
2025-07-22 18:30:00+00:00,2252.8740234375,2253.235595703125,2248.940673828125,2248.9716796875,0
2025-07-22 19:30:00+00:00,2249.188232421875,2254.572998046875,2249.188232421875,2252.82763671875,0
2025-07-23 13:30:00+00:00,2270.857666015625,2270.857666015625,2259.751953125,2264.435546875,0
2025-07-23 14:30:00+00:00,2272.321044921875,2274.898681640625,2269.783447265625,2270.9599609375,0
2025-07-23 15:30:00+00:00,2273.583251953125,2276.063720703125,2268.93408203125,2272.303955078125,0
2025-07-23 16:30:00+00:00,2270.101318359375,2274.134521484375,2267.6318359375,2273.614501953125,0
2025-07-23 17:30:00+00:00,2275.171142578125,2275.53125,2267.42822265625,2270.107666015625,0
2025-07-23 18:30:00+00:00,2278.474365234375,2278.629150390625,2274.4501953125,2275.15625,0
2025-07-23 19:30:00+00:00,2282.756591796875,2283.0439453125,2278.46923828125,2278.50390625,0
2025-07-24 13:30:00+00:00,2267.553466796875,2276.46484375,2265.41650390625,2276.46484375,0
2025-07-24 14:30:00+00:00,2265.846435546875,2271.206787109375,2265.726806640625,2267.635986328125,0
2025-07-24 15:30:00+00:00,2258.963134765625,2265.95703125,2258.331298828125,2265.837890625,0
2025-07-24 16:30:00+00:00,2260.45458984375,2261.510498046875,2256.41162109375,2258.966064453125,0
2025-07-24 17:30:00+00:00,2260.835205078125,2262.739501953125,2259.365478515625,2260.447265625,0
2025-07-24 18:30:00+00:00,2260.2509765625,2261.173828125,2256.806396484375,2260.83349609375,0
2025-07-24 19:30:00+00:00,2251.7734375,2260.286376953125,2251.7734375,2260.2509765625,0
2025-07-25 13:30:00+00:00,2244.642333984375,2259.436279296875,2244.45654296875,2257.2939453125,0
2025-07-25 14:30:00+00:00,2247.973388671875,2250.753662109375,2244.69384765625,2244.69384765625,0
2025-07-25 15:30:00+00:00,2251.965087890625,2251.965087890625,2247.931884765625,2247.98828125,0
2025-07-25 16:30:00+00:00,2256.77978515625,2256.9140625,2250.75146484375,2251.956787109375,0
2025-07-25 17:30:00+00:00,2259.35009765625,2259.745361328125,2256.7734375,2256.7734375,0
2025-07-25 18:30:00+00:00,2261.092041015625,2261.6240234375,2259.34130859375,2259.377197265625,0
2025-07-25 19:30:00+00:00,2261.02099609375,2262.578857421875,2258.889404296875,2261.138427734375,0
2025-07-28 13:30:00+00:00,2259.05810546875,2270.17431640625,2257.748291015625,2267.5732421875,0
2025-07-28 14:30:00+00:00,2256.19580078125,2260.767822265625,2255.499267578125,2259.101318359375,0
2025-07-28 15:30:00+00:00,2262.89453125,2263.390869140625,2255.81689453125,2256.19140625,0
2025-07-28 16:30:00+00:00,2256.155517578125,2263.307861328125,2255.90478515625,2262.892333984375,0
2025-07-28 17:30:00+00:00,2255.5234375,2257.497802734375,2252.9755859375,2256.083740234375,0
2025-07-28 18:30:00+00:00,2256.8193359375,2258.156005859375,2255.508056640625,2255.508056640625,0
2025-07-28 19:30:00+00:00,2257.299560546875,2257.4208984375,2255.415771484375,2256.82568359375,0
2025-07-29 13:30:00+00:00,2262.4287109375,2273.3759765625,2261.24755859375,2268.330078125,0
2025-07-29 14:30:00+00:00,2243.843505859375,2263.334716796875,2243.738037109375,2262.397705078125,0
2025-07-29 15:30:00+00:00,2241.998291015625,2246.564697265625,2239.085693359375,2243.85009765625,0
2025-07-29 16:30:00+00:00,2250.335693359375,2251.058837890625,2241.509765625,2242.0390625,0
2025-07-29 17:30:00+00:00,2246.60546875,2250.830078125,2244.954345703125,2250.321044921875,0
2025-07-29 18:30:00+00:00,2246.661865234375,2250.17919921875,2246.564208984375,2246.593505859375,0
2025-07-29 19:30:00+00:00,2243.408935546875,2247.02880859375,2241.11376953125,2246.654052734375,0
2025-07-30 13:30:00+00:00,2257.88330078125,2257.88330078125,2249.3203125,2249.3203125,0
2025-07-30 14:30:00+00:00,2255.38623046875,2261.123779296875,2255.179931640625,2257.914794921875,0
2025-07-30 15:30:00+00:00,2262.5546875,2262.5546875,2254.0263671875,2255.365478515625,0
2025-07-30 16:30:00+00:00,2263.18896484375,2264.266357421875,2261.536865234375,2262.59033203125,0
2025-07-30 17:30:00+00:00,2260.4453125,2265.8056640625,2258.44140625,2263.186279296875,0
2025-07-30 18:30:00+00:00,2220.772216796875,2263.740478515625,2220.299072265625,2260.462890625,0
2025-07-30 19:30:00+00:00,2232.1044921875,2233.129638671875,2220.54443359375,2220.854736328125,0
2025-07-31 13:30:00+00:00,2230.482177734375,2235.62548828125,2219.625732421875,2225.642578125,0
2025-07-31 14:30:00+00:00,2219.693359375,2231.291748046875,2217.405029296875,2230.492431640625,0
2025-07-31 15:30:00+00:00,2229.560546875,2229.582275390625,2219.378662109375,2219.72802734375,0
2025-07-31 16:30:00+00:00,2215.64404296875,2231.1298828125,2215.147705078125,2229.4345703125,0
2025-07-31 17:30:00+00:00,2214.82080078125,2219.6484375,2207.38818359375,2215.624755859375,0
2025-07-31 18:30:00+00:00,2213.7705078125,2220.01318359375,2213.58642578125,2214.84423828125,0
2025-07-31 19:30:00+00:00,2211.418212890625,2214.510009765625,2208.1953125,2213.83203125,0
2025-08-01 13:30:00+00:00,2165.30517578125,2192.939697265625,2143.427978515625,2192.939697265625,0
2025-08-01 14:30:00+00:00,2155.458984375,2166.90869140625,2155.12353515625,2165.41455078125,0
2025-08-01 15:30:00+00:00,2179.347412109375,2180.67822265625,2155.575927734375,2155.575927734375,0
2025-08-01 16:30:00+00:00,2164.270263671875,2179.438232421875,2163.840087890625,2179.322509765625,0
2025-08-01 17:30:00+00:00,2167.322509765625,2167.44580078125,2159.254638671875,2164.292236328125,0
2025-08-01 18:30:00+00:00,2168.674072265625,2173.80859375,2166.689697265625,2167.34375,0
2025-08-01 19:30:00+00:00,2166.400634765625,2170.928466796875,2165.059326171875,2168.73193359375,0
2025-08-04 13:30:00+00:00,2191.778076171875,2192.413330078125,2177.0986328125,2177.0986328125,0
2025-08-04 14:30:00+00:00,2196.29296875,2197.0546875,2189.49755859375,2191.8125,0
2025-08-04 15:30:00+00:00,2199.37841796875,2199.91748046875,2194.068115234375,2196.11962890625,0
2025-08-04 16:30:00+00:00,2202.201416015625,2204.466796875,2199.206787109375,2199.2880859375,0
2025-08-04 17:30:00+00:00,2204.559814453125,2204.5830078125,2201.218017578125,2202.2626953125,0
2025-08-04 18:30:00+00:00,2211.1748046875,2212.152587890625,2204.38427734375,2204.5322265625,0
2025-08-04 19:30:00+00:00,2212.170166015625,2212.170166015625,2208.455078125,2211.150146484375,0
2025-08-05 13:30:00+00:00,2213.7119140625,2228.48095703125,2212.432373046875,2218.443115234375,0
2025-08-05 14:30:00+00:00,2209.0751953125,2213.704345703125,2200.732666015625,2213.704345703125,0
2025-08-05 15:30:00+00:00,2217.46826171875,2217.46826171875,2206.618408203125,2209.117919921875,0
2025-08-05 16:30:00+00:00,2221.930908203125,2221.9912109375,2214.3525390625,2217.52099609375,0
2025-08-05 17:30:00+00:00,2217.962890625,2226.076171875,2217.689208984375,2221.9130859375,0
2025-08-05 18:30:00+00:00,2225.718017578125,2225.761474609375,2217.125244140625,2217.984375,0
2025-08-05 19:30:00+00:00,2225.28125,2226.46630859375,2224.485107421875,2225.729736328125,0
2025-08-06 13:30:00+00:00,2213.796630859375,2225.36181640625,2212.961669921875,2224.253173828125,0
2025-08-06 14:30:00+00:00,2221.717529296875,2221.9658203125,2211.21240234375,2213.853759765625,0
2025-08-06 15:30:00+00:00,2220.738525390625,2223.190185546875,2219.27734375,2221.681640625,0
2025-08-06 16:30:00+00:00,2220.006103515625,2222.115966796875,2218.043701171875,2220.758056640625,0
2025-08-06 17:30:00+00:00,2219.845458984375,2221.685302734375,2217.914306640625,2220.01904296875,0
2025-08-06 18:30:00+00:00,2222.950927734375,2222.950927734375,2218.669921875,2219.881103515625,0
2025-08-06 19:30:00+00:00,2221.693359375,2224.132080078125,2219.390869140625,2222.94775390625,0
2025-08-07 13:30:00+00:00,2218.86572265625,2243.15966796875,2218.05810546875,2234.576171875,0
2025-08-07 14:30:00+00:00,2208.305419921875,2219.704345703125,2208.305419921875,2218.909423828125,0
2025-08-07 15:30:00+00:00,2215.893310546875,2215.923095703125,2205.516357421875,2208.35302734375,0
2025-08-07 16:30:00+00:00,2204.936767578125,2217.127685546875,2204.7197265625,2215.979248046875,0
2025-08-07 17:30:00+00:00,2205.7421875,2209.591064453125,2202.871826171875,2204.845458984375,0
2025-08-07 18:30:00+00:00,2206.95947265625,2210.102783203125,2205.133544921875,2205.76171875,0
2025-08-07 19:30:00+00:00,2214.7763671875,2214.78564453125,2206.941162109375,2206.941162109375,0
2025-08-08 13:30:00+00:00,2224.45947265625,2228.29833984375,2219.855712890625,2222.7880859375,0
2025-08-08 14:30:00+00:00,2219.505126953125,2226.378662109375,2218.421630859375,2224.330810546875,0
2025-08-08 15:30:00+00:00,2223.673583984375,2226.807861328125,2214.271240234375,2219.444580078125,0
2025-08-08 16:30:00+00:00,2219.874755859375,2223.67822265625,2217.533447265625,2223.67822265625,0
2025-08-08 17:30:00+00:00,2219.76171875,2222.390869140625,2219.25537109375,2219.84033203125,0
2025-08-08 18:30:00+00:00,2221.43505859375,2223.048583984375,2219.76611328125,2219.76611328125,0
2025-08-08 19:30:00+00:00,2218.5166015625,2221.413330078125,2215.693603515625,2221.413330078125,0
2025-08-11 13:30:00+00:00,2221.6982421875,2229.734130859375,2220.94189453125,2221.912353515625,0
2025-08-11 14:30:00+00:00,2216.638671875,2222.25146484375,2215.724609375,2221.6923828125,0
2025-08-11 15:30:00+00:00,2223.323974609375,2226.18310546875,2215.837158203125,2216.733642578125,0
2025-08-11 16:30:00+00:00,2217.383544921875,2223.49658203125,2217.373291015625,2223.37890625,0
2025-08-11 17:30:00+00:00,2217.367919921875,2218.580322265625,2215.022705078125,2217.373779296875,0
2025-08-11 18:30:00+00:00,2216.298095703125,2219.057861328125,2215.4912109375,2217.343994140625,0
2025-08-11 19:30:00+00:00,2216.809814453125,2217.227294921875,2213.541015625,2216.2939453125,0
2025-08-12 13:30:00+00:00,2253.108642578125,2253.931884765625,2229.675537109375,2232.0576171875,0
2025-08-12 14:30:00+00:00,2258.856689453125,2259.757080078125,2248.925048828125,2253.054931640625,0
2025-08-12 15:30:00+00:00,2264.655517578125,2264.852294921875,2258.958984375,2258.958984375,0
2025-08-12 16:30:00+00:00,2267.858642578125,2267.858642578125,2264.5224609375,2264.5771484375,0
2025-08-12 17:30:00+00:00,2274.923828125,2276.58984375,2267.895751953125,2267.895751953125,0
2025-08-12 18:30:00+00:00,2279.101806640625,2279.95556640625,2273.745849609375,2274.913818359375,0
2025-08-12 19:30:00+00:00,2283.041748046875,2283.66845703125,2279.09033203125,2279.09033203125,0
2025-08-13 13:30:00+00:00,2303.250244140625,2306.765869140625,2296.02734375,2296.18798828125,0
2025-08-13 14:30:00+00:00,2307.499267578125,2307.544189453125,2297.047119140625,2303.4365234375,0
2025-08-13 15:30:00+00:00,2310.63232421875,2312.864990234375,2307.025634765625,2307.4970703125,0
2025-08-13 16:30:00+00:00,2315.25927734375,2316.771484375,2310.597412109375,2310.6142578125,0
2025-08-13 17:30:00+00:00,2316.0390625,2316.231201171875,2312.736572265625,2315.270751953125,0
2025-08-13 18:30:00+00:00,2325.283935546875,2325.320556640625,2316.037109375,2316.037109375,0
2025-08-13 19:30:00+00:00,2327.89697265625,2329.262451171875,2325.2724609375,2325.283935546875,0
2025-08-14 13:30:00+00:00,2295.241455078125,2304.490234375,2293.8681640625,2304.490234375,0
2025-08-14 14:30:00+00:00,2288.873291015625,2300.44921875,2288.072509765625,2295.302001953125,0
2025-08-14 15:30:00+00:00,2280.909912109375,2291.577392578125,2280.732421875,2288.9951171875,0
2025-08-14 16:30:00+00:00,2289.962158203125,2289.963134765625,2279.85986328125,2280.90087890625,0
2025-08-14 17:30:00+00:00,2290.58349609375,2291.12255859375,2288.733154296875,2289.959228515625,0
2025-08-14 18:30:00+00:00,2297.089599609375,2300.108642578125,2290.585693359375,2290.590576171875,0
2025-08-14 19:30:00+00:00,2299.028564453125,2301.904052734375,2296.96728515625,2297.123291015625,0
2025-08-15 13:30:00+00:00,2281.009033203125,2304.994873046875,2279.57275390625,2304.199462890625,0
2025-08-15 14:30:00+00:00,2283.27783203125,2285.668212890625,2280.6357421875,2281.030517578125,0
2025-08-15 15:30:00+00:00,2286.20947265625,2287.423583984375,2281.936279296875,2283.29248046875,0
2025-08-15 16:30:00+00:00,2290.40673828125,2290.570556640625,2286.196044921875,2286.2001953125,0
2025-08-15 17:30:00+00:00,2290.19482421875,2292.45751953125,2288.5244140625,2290.437744140625,0
2025-08-15 18:30:00+00:00,2286.44189453125,2291.046875,2285.817138671875,2290.142578125,0
2025-08-15 19:30:00+00:00,2286.365478515625,2288.38134765625,2285.684814453125,2286.479248046875,0
2025-08-18 13:30:00+00:00,2292.62109375,2294.59765625,2285.797607421875,2287.115478515625,0
2025-08-18 14:30:00+00:00,2292.720703125,2295.189208984375,2291.165771484375,2292.587158203125,0
2025-08-18 15:30:00+00:00,2294.45068359375,2295.7529296875,2292.68212890625,2292.719482421875,0
2025-08-18 16:30:00+00:00,2296.751953125,2297.055419921875,2292.43359375,2294.46728515625,0
2025-08-18 17:30:00+00:00,2295.287109375,2298.26708984375,2294.474365234375,2296.816650390625,0
2025-08-18 18:30:00+00:00,2295.43359375,2296.826416015625,2294.574462890625,2295.364990234375,0
2025-08-18 19:30:00+00:00,2294.309326171875,2295.431396484375,2293.427001953125,2295.431396484375,0
2025-08-19 13:30:00+00:00,2297.822998046875,2300.510986328125,2292.59375,2295.118408203125,0
2025-08-19 14:30:00+00:00,2287.880615234375,2298.550537109375,2286.8486328125,2297.8447265625,0
2025-08-19 15:30:00+00:00,2281.2275390625,2288.319091796875,2279.26611328125,2287.891357421875,0
2025-08-19 16:30:00+00:00,2276.739501953125,2281.635498046875,2273.64794921875,2281.216552734375,0
2025-08-19 17:30:00+00:00,2274.656982421875,2278.321044921875,2274.02001953125,2276.700439453125,0
2025-08-19 18:30:00+00:00,2275.791259765625,2276.28369140625,2273.06982421875,2274.650390625,0
2025-08-19 19:30:00+00:00,2276.666259765625,2277.099365234375,2272.857421875,2275.821044921875,0
2025-08-20 13:30:00+00:00,2256.77783203125,2274.68994140625,2255.444580078125,2273.791015625,0
2025-08-20 14:30:00+00:00,2265.5048828125,2265.5048828125,2252.427978515625,2256.724609375,0
2025-08-20 15:30:00+00:00,2265.3193359375,2267.005859375,2259.8935546875,2265.52880859375,0
2025-08-20 16:30:00+00:00,2264.045654296875,2265.7841796875,2261.81494140625,2265.32470703125,0
2025-08-20 17:30:00+00:00,2259.600341796875,2267.378662109375,2257.941650390625,2264.045654296875,0
2025-08-20 18:30:00+00:00,2267.6357421875,2269.257568359375,2259.189697265625,2259.6240234375,0
2025-08-20 19:30:00+00:00,2269.17236328125,2272.845703125,2267.505859375,2267.6357421875,0
2025-08-21 13:30:00+00:00,2270.295654296875,2270.295654296875,2254.552490234375,2258.937255859375,0
2025-08-21 14:30:00+00:00,2268.534423828125,2270.383544921875,2264.509033203125,2270.3134765625,0
2025-08-21 15:30:00+00:00,2266.35009765625,2273.02001953125,2265.718017578125,2268.5517578125,0
2025-08-21 16:30:00+00:00,2264.35400390625,2268.7021484375,2263.27001953125,2266.35009765625,0
2025-08-21 17:30:00+00:00,2273.041015625,2273.93115234375,2264.375,2264.375,0
2025-08-21 18:30:00+00:00,2273.8544921875,2277.0107421875,2271.526123046875,2273.018310546875,0
2025-08-21 19:30:00+00:00,2274.084228515625,2274.64013671875,2270.14453125,2273.856689453125,0
2025-08-22 13:30:00+00:00,2342.77783203125,2348.88232421875,2285.177734375,2285.177734375,0
2025-08-22 14:30:00+00:00,2360.5068359375,2364.20068359375,2342.876953125,2342.876953125,0
2025-08-22 15:30:00+00:00,2358.057373046875,2364.65380859375,2357.966796875,2360.556640625,0
2025-08-22 16:30:00+00:00,2361.373291015625,2362.989013671875,2358.08251953125,2358.08251953125,0
2025-08-22 17:30:00+00:00,2359.392333984375,2361.919189453125,2359.392333984375,2361.326416015625,0
2025-08-22 18:30:00+00:00,2359.737548828125,2362.41064453125,2357.5244140625,2359.3603515625,0
2025-08-22 19:30:00+00:00,2361.936767578125,2366.598388671875,2358.781005859375,2359.68701171875,0
2025-08-25 13:30:00+00:00,2355.962158203125,2357.386474609375,2351.200927734375,2357.386474609375,0
2025-08-25 14:30:00+00:00,2352.643310546875,2357.16455078125,2351.294677734375,2356.02783203125,0
2025-08-25 15:30:00+00:00,2349.97314453125,2352.9833984375,2348.749755859375,2352.66943359375,0
2025-08-25 16:30:00+00:00,2349.5048828125,2352.01318359375,2349.358642578125,2349.915283203125,0
2025-08-25 17:30:00+00:00,2346.91064453125,2349.843017578125,2345.89697265625,2349.484375,0
2025-08-25 18:30:00+00:00,2343.926025390625,2347.64404296875,2343.920166015625,2346.890380859375,0
2025-08-25 19:30:00+00:00,2339.07177734375,2344.20166015625,2339.07177734375,2343.934326171875,0
2025-08-26 13:30:00+00:00,2356.997802734375,2358.427490234375,2339.169677734375,2339.169677734375,0
2025-08-26 14:30:00+00:00,2353.677734375,2357.18115234375,2352.969970703125,2357.01708984375,0
2025-08-26 15:30:00+00:00,2357.992919921875,2358.61328125,2353.546142578125,2353.649169921875,0
2025-08-26 16:30:00+00:00,2360.63134765625,2361.712646484375,2358.026123046875,2358.02880859375,0
2025-08-26 17:30:00+00:00,2358.178955078125,2361.055908203125,2357.15234375,2360.607666015625,0
2025-08-26 18:30:00+00:00,2357.293212890625,2358.74560546875,2356.873779296875,2358.179931640625,0
2025-08-26 19:30:00+00:00,2359.25048828125,2360.200927734375,2354.52587890625,2357.28369140625,0
2025-08-27 13:30:00+00:00,2368.081298828125,2371.058349609375,2352.782958984375,2353.933837890625,0
2025-08-27 14:30:00+00:00,2372.222412109375,2372.49072265625,2363.898681640625,2368.08740234375,0
2025-08-27 15:30:00+00:00,2367.59130859375,2372.286376953125,2366.58447265625,2372.210205078125,0
2025-08-27 16:30:00+00:00,2372.821533203125,2372.933837890625,2367.67138671875,2367.67138671875,0
2025-08-27 17:30:00+00:00,2372.431396484375,2373.91650390625,2371.30322265625,2372.832275390625,0
2025-08-27 18:30:00+00:00,2373.30419921875,2375.26318359375,2372.072021484375,2372.4013671875,0
2025-08-27 19:30:00+00:00,2373.80810546875,2375.7119140625,2373.318359375,2373.318359375,0
2025-08-28 13:30:00+00:00,2373.465087890625,2384.0087890625,2372.9375,2382.585693359375,0
2025-08-28 14:30:00+00:00,2370.26953125,2374.1806640625,2370.120361328125,2373.49072265625,0
2025-08-28 15:30:00+00:00,2377.216552734375,2377.843505859375,2370.277587890625,2370.277587890625,0
2025-08-28 16:30:00+00:00,2373.82958984375,2378.076416015625,2373.5087890625,2377.18603515625,0
2025-08-28 17:30:00+00:00,2376.777587890625,2376.777587890625,2373.162841796875,2373.83837890625,0
2025-08-28 18:30:00+00:00,2376.53076171875,2377.816162109375,2376.32275390625,2376.819091796875,0
2025-08-28 19:30:00+00:00,2378.111083984375,2381.106201171875,2375.669921875,2376.515869140625,0
2025-08-29 13:30:00+00:00,2364.91748046875,2382.12646484375,2363.824462890625,2381.013916015625,0
2025-08-29 14:30:00+00:00,2363.44189453125,2366.3056640625,2360.673828125,2365.174072265625,0
2025-08-29 15:30:00+00:00,2366.296630859375,2367.484619140625,2362.38818359375,2363.427978515625,0
2025-08-29 16:30:00+00:00,2364.0595703125,2367.967529296875,2362.498779296875,2366.2763671875,0
2025-08-29 17:30:00+00:00,2361.36328125,2366.015625,2360.648681640625,2364.064697265625,0
2025-08-29 18:30:00+00:00,2359.821533203125,2363.126220703125,2359.798095703125,2361.331787109375,0
2025-08-29 19:30:00+00:00,2366.106201171875,2366.8095703125,2359.398681640625,2359.867919921875,0
2025-09-02 13:30:00+00:00,2350.94287109375,2354.98486328125,2329.94677734375,2339.858642578125,0
2025-09-02 14:30:00+00:00,2339.6953125,2351.205322265625,2338.9375,2351.130126953125,0
2025-09-02 15:30:00+00:00,2334.02880859375,2339.666259765625,2331.295166015625,2339.666259765625,0
2025-09-02 16:30:00+00:00,2342.11376953125,2342.338623046875,2334.038818359375,2334.038818359375,0
2025-09-02 17:30:00+00:00,2342.38671875,2346.975341796875,2342.104736328125,2342.104736328125,0
2025-09-02 18:30:00+00:00,2350.484619140625,2350.664306640625,2341.6015625,2342.419189453125,0
2025-09-02 19:30:00+00:00,2352.464599609375,2354.45556640625,2349.460205078125,2350.520751953125,0
2025-09-03 13:30:00+00:00,2355.60595703125,2359.20068359375,2352.36865234375,2352.36865234375,0
2025-09-03 14:30:00+00:00,2348.138427734375,2357.768310546875,2348.09716796875,2355.495361328125,0
2025-09-03 15:30:00+00:00,2346.49365234375,2349.68994140625,2345.636962890625,2348.082763671875,0
2025-09-03 16:30:00+00:00,2348.8916015625,2349.87255859375,2344.90234375,2346.485595703125,0
2025-09-03 17:30:00+00:00,2344.661376953125,2349.430908203125,2340.486083984375,2348.921142578125,0
2025-09-03 18:30:00+00:00,2341.73193359375,2344.656005859375,2340.810546875,2344.656005859375,0
2025-09-03 19:30:00+00:00,2349.70751953125,2351.89990234375,2341.731689453125,2341.731689453125,0
2025-09-04 13:30:00+00:00,2354.97412109375,2358.658447265625,2351.33740234375,2354.41357421875,0
2025-09-04 14:30:00+00:00,2360.301025390625,2360.506103515625,2354.9697265625,2355.05615234375,0
2025-09-04 15:30:00+00:00,2361.139892578125,2363.299072265625,2359.83642578125,2360.29345703125,0
2025-09-04 16:30:00+00:00,2363.869140625,2364.104736328125,2359.3955078125,2361.131103515625,0
2025-09-04 17:30:00+00:00,2368.150390625,2368.840576171875,2363.267333984375,2363.901123046875,0
2025-09-04 18:30:00+00:00,2371.69482421875,2371.697998046875,2367.5556640625,2368.14208984375,0
2025-09-04 19:30:00+00:00,2379.505126953125,2379.789794921875,2371.693359375,2371.71923828125,0
2025-09-05 13:30:00+00:00,2376.288818359375,2406.89892578125,2376.080810546875,2389.983154296875,0
2025-09-05 14:30:00+00:00,2378.9365234375,2378.9365234375,2366.7841796875,2376.287109375,0
2025-09-05 15:30:00+00:00,2384.041015625,2386.057373046875,2378.25537109375,2378.990966796875,0
2025-09-05 16:30:00+00:00,2382.80224609375,2385.968994140625,2382.072021484375,2384.03662109375,0
2025-09-05 17:30:00+00:00,2380.513427734375,2383.71240234375,2377.806396484375,2382.78076171875,0
2025-09-05 18:30:00+00:00,2389.5087890625,2390.12548828125,2380.53564453125,2380.53564453125,0
2025-09-05 19:30:00+00:00,2391.1455078125,2392.087890625,2387.914306640625,2389.506591796875,0
2025-09-08 13:30:00+00:00,2382.197265625,2398.141845703125,2378.82177734375,2395.653564453125,0
2025-09-08 14:30:00+00:00,2394.105224609375,2394.134765625,2382.281005859375,2382.281005859375,0
2025-09-08 15:30:00+00:00,2388.538818359375,2394.108154296875,2387.828857421875,2394.108154296875,0
2025-09-08 16:30:00+00:00,2391.858154296875,2392.114990234375,2386.801513671875,2388.570556640625,0
2025-09-08 17:30:00+00:00,2393.06982421875,2393.06982421875,2387.172607421875,2391.88671875,0
2025-09-08 18:30:00+00:00,2391.72802734375,2396.149169921875,2391.382080078125,2393.077392578125,0
2025-09-08 19:30:00+00:00,2394.8212890625,2394.956787109375,2390.62060546875,2391.745849609375,0
2025-09-09 13:30:00+00:00,2376.98291015625,2393.9853515625,2376.476318359375,2393.513916015625,0
2025-09-09 14:30:00+00:00,2380.235107421875,2380.235107421875,2370.20947265625,2376.93896484375,0
2025-09-09 15:30:00+00:00,2378.247802734375,2380.54541015625,2375.677490234375,2380.23876953125,0
2025-09-09 16:30:00+00:00,2378.234130859375,2379.0341796875,2374.58740234375,2378.2353515625,0
2025-09-09 17:30:00+00:00,2382.668212890625,2382.71142578125,2377.893798828125,2378.1923828125,0
2025-09-09 18:30:00+00:00,2380.20849609375,2384.182373046875,2380.20849609375,2382.697509765625,0
2025-09-09 19:30:00+00:00,2381.91357421875,2383.2353515625,2376.93408203125,2380.171875,0
2025-09-10 13:30:00+00:00,2392.04541015625,2394.155029296875,2384.68994140625,2384.68994140625,0
2025-09-10 14:30:00+00:00,2381.043212890625,2392.077880859375,2379.781982421875,2392.077880859375,0
2025-09-10 15:30:00+00:00,2379.313232421875,2384.04443359375,2379.226318359375,2381.005126953125,0
2025-09-10 16:30:00+00:00,2378.365478515625,2383.742919921875,2377.505126953125,2379.27294921875,0
2025-09-10 17:30:00+00:00,2375.37841796875,2379.4169921875,2374.428466796875,2378.38671875,0
2025-09-10 18:30:00+00:00,2371.882568359375,2379.722412109375,2371.882568359375,2375.394287109375,0
2025-09-10 19:30:00+00:00,2377.583984375,2378.975830078125,2369.0126953125,2371.833984375,0
2025-09-11 13:30:00+00:00,2401.972412109375,2402.523193359375,2379.989990234375,2380.94091796875,0
2025-09-11 14:30:00+00:00,2410.562255859375,2411.003662109375,2401.7109375,2401.97021484375,0
2025-09-11 15:30:00+00:00,2412.138427734375,2413.041015625,2407.535888671875,2410.577392578125,0
2025-09-11 16:30:00+00:00,2414.808349609375,2415.755126953125,2411.8837890625,2412.036865234375,0
2025-09-11 17:30:00+00:00,2413.4736328125,2418.74658203125,2413.4736328125,2414.79541015625,0
2025-09-11 18:30:00+00:00,2417.055419921875,2417.055419921875,2410.64892578125,2413.473388671875,0
2025-09-11 19:30:00+00:00,2421.08642578125,2422.333984375,2417.053466796875,2417.053466796875,0
2025-09-12 13:30:00+00:00,2405.466552734375,2416.045654296875,2405.4453125,2415.99609375,0
2025-09-12 14:30:00+00:00,2402.36328125,2405.926025390625,2402.02294921875,2405.48486328125,0
2025-09-12 15:30:00+00:00,2401.327880859375,2402.8173828125,2399.7138671875,2402.326416015625,0
2025-09-12 16:30:00+00:00,2404.183349609375,2404.964599609375,2400.262451171875,2401.396484375,0
2025-09-12 17:30:00+00:00,2405.0390625,2405.856201171875,2402.67578125,2404.1552734375,0
2025-09-12 18:30:00+00:00,2402.51904296875,2408.69921875,2402.51904296875,2405.076904296875,0
2025-09-12 19:30:00+00:00,2396.708984375,2403.80029296875,2396.708984375,2402.533935546875,0
2025-09-15 13:30:00+00:00,2409.52099609375,2409.587158203125,2399.7802734375,2402.941162109375,0
2025-09-15 14:30:00+00:00,2406.476806640625,2411.5166015625,2406.476806640625,2409.508544921875,0
2025-09-15 15:30:00+00:00,2406.08837890625,2406.53515625,2404.295654296875,2406.427490234375,0
2025-09-15 16:30:00+00:00,2402.82421875,2407.78173828125,2402.52685546875,2406.112060546875,0
2025-09-15 17:30:00+00:00,2405.1728515625,2409.27099609375,2402.791748046875,2402.8037109375,0
2025-09-15 18:30:00+00:00,2404.33056640625,2406.091796875,2402.557861328125,2405.1005859375,0
2025-09-15 19:30:00+00:00,2405.043212890625,2406.901611328125,2402.50048828125,2404.296875,0
2025-09-16 13:30:00+00:00,2389.104736328125,2406.9208984375,2388.947021484375,2404.998046875,0
2025-09-16 14:30:00+00:00,2389.245361328125,2392.424072265625,2388.244873046875,2389.053955078125,0
2025-09-16 15:30:00+00:00,2393.536376953125,2394.482666015625,2389.1240234375,2389.1640625,0
2025-09-16 16:30:00+00:00,2397.5830078125,2397.781005859375,2391.609375,2393.494384765625,0
2025-09-16 17:30:00+00:00,2396.505615234375,2400.04541015625,2396.29833984375,2397.534423828125,0
2025-09-16 18:30:00+00:00,2399.197998046875,2402.33544921875,2396.538818359375,2396.538818359375,0
2025-09-16 19:30:00+00:00,2402.300537109375,2404.685302734375,2397.17578125,2399.24609375,0
2025-09-17 13:30:00+00:00,2419.87646484375,2421.357421875,2406.09716796875,2406.09716796875,0
2025-09-17 14:30:00+00:00,2424.579833984375,2428.396484375,2418.6484375,2419.763427734375,0
2025-09-17 15:30:00+00:00,2424.29150390625,2428.31103515625,2424.255859375,2424.464599609375,0
2025-09-17 16:30:00+00:00,2419.096435546875,2424.258056640625,2417.61328125,2424.258056640625,0
2025-09-17 17:30:00+00:00,2447.006591796875,2453.35693359375,2417.81298828125,2419.09423828125,0
2025-09-17 18:30:00+00:00,2419.873291015625,2447.37353515625,2396.103515625,2447.025390625,0
2025-09-17 19:30:00+00:00,2407.22314453125,2419.59033203125,2405.043212890625,2419.59033203125,0
2025-09-18 13:30:00+00:00,2448.5654296875,2448.5654296875,2420.58935546875,2420.58935546875,0
2025-09-18 14:30:00+00:00,2444.21240234375,2451.4013671875,2438.163818359375,2448.6474609375,0
2025-09-18 15:30:00+00:00,2456.2666015625,2456.2666015625,2444.2626953125,2444.2626953125,0
2025-09-18 16:30:00+00:00,2465.643310546875,2466.8681640625,2456.385986328125,2456.385986328125,0
2025-09-18 17:30:00+00:00,2461.612060546875,2465.838623046875,2460.77734375,2465.63818359375,0
2025-09-18 18:30:00+00:00,2464.490966796875,2467.874755859375,2459.62255859375,2461.6181640625,0
2025-09-18 19:30:00+00:00,2467.906982421875,2470.0751953125,2461.63671875,2464.490966796875,0
2025-09-19 13:30:00+00:00,2460.99755859375,2472.2685546875,2460.99755859375,2471.95458984375,0
2025-09-19 14:30:00+00:00,2451.633544921875,2462.870849609375,2451.404541015625,2461.03271484375,0
2025-09-19 15:30:00+00:00,2457.8896484375,2457.936767578125,2449.7275390625,2451.576904296875,0
2025-09-19 16:30:00+00:00,2455.334716796875,2458.34912109375,2453.303955078125,2457.893310546875,0
2025-09-19 17:30:00+00:00,2448.060546875,2455.763427734375,2448.02490234375,2455.38525390625,0
2025-09-19 18:30:00+00:00,2452.1279296875,2452.151611328125,2445.85595703125,2448.037109375,0
2025-09-19 19:30:00+00:00,2448.43505859375,2452.066162109375,2447.33154296875,2452.066162109375,0
2025-09-22 13:30:00+00:00,2442.89794921875,2448.5556640625,2431.620849609375,2445.897705078125,0
2025-09-22 14:30:00+00:00,2451.6787109375,2451.9248046875,2441.92431640625,2442.96435546875,0
2025-09-22 15:30:00+00:00,2451.52099609375,2453.548828125,2448.2138671875,2451.717041015625,0
2025-09-22 16:30:00+00:00,2455.73876953125,2456.181884765625,2450.96533203125,2451.46533203125,0
2025-09-22 17:30:00+00:00,2459.01513671875,2459.1552734375,2454.760986328125,2455.767333984375,0
2025-09-22 18:30:00+00:00,2463.10107421875,2463.713623046875,2458.33154296875,2458.952880859375,0
2025-09-22 19:30:00+00:00,2463.1982421875,2466.887451171875,2462.719970703125,2463.08740234375,0
2025-09-23 13:30:00+00:00,2481.84521484375,2488.8427734375,2467.272216796875,2467.272216796875,0
2025-09-23 14:30:00+00:00,2482.1396484375,2488.3310546875,2480.802734375,2481.904541015625,0
2025-09-23 15:30:00+00:00,2479.484619140625,2482.489013671875,2477.002685546875,2482.10205078125,0
2025-09-23 16:30:00+00:00,2469.919677734375,2480.76611328125,2469.919677734375,2479.4658203125,0
2025-09-23 17:30:00+00:00,2456.734130859375,2469.861083984375,2455.06591796875,2469.861083984375,0
2025-09-23 18:30:00+00:00,2456.690673828125,2461.75537109375,2455.6982421875,2456.735107421875,0
2025-09-23 19:30:00+00:00,2457.26171875,2462.70068359375,2455.76220703125,2456.6611328125,0
2025-09-24 13:30:00+00:00,2459.339599609375,2461.488037109375,2452.13720703125,2459.287109375,0
2025-09-24 14:30:00+00:00,2454.530517578125,2461.0078125,2454.0966796875,2459.4052734375,0
2025-09-24 15:30:00+00:00,2443.14306640625,2454.532470703125,2436.529541015625,2454.523681640625,0
2025-09-24 16:30:00+00:00,2445.734130859375,2448.3740234375,2442.6630859375,2443.152587890625,0
2025-09-24 17:30:00+00:00,2438.257080078125,2446.619384765625,2437.674072265625,2445.767822265625,0
2025-09-24 18:30:00+00:00,2438.0546875,2441.379150390625,2437.834716796875,2438.232177734375,0
2025-09-24 19:30:00+00:00,2435.079833984375,2438.471435546875,2435.079833984375,2438.082275390625,0
2025-09-25 13:30:00+00:00,2414.630615234375,2418.976318359375,2393.807373046875,2418.976318359375,0
2025-09-25 14:30:00+00:00,2406.9638671875,2417.02783203125,2406.9638671875,2414.620849609375,0
2025-09-25 15:30:00+00:00,2411.817626953125,2417.911376953125,2406.96142578125,2406.96142578125,0
2025-09-25 16:30:00+00:00,2408.869140625,2414.30126953125,2407.65771484375,2411.815673828125,0
2025-09-25 17:30:00+00:00,2409.667236328125,2410.015625,2398.24365234375,2408.881591796875,0
2025-09-25 18:30:00+00:00,2408.7646484375,2414.45751953125,2408.210205078125,2409.74169921875,0
2025-09-25 19:30:00+00:00,2411.2060546875,2412.018310546875,2407.326171875,2408.87255859375,0
2025-09-26 13:30:00+00:00,2418.0283203125,2433.1474609375,2414.965087890625,2414.965087890625,0
2025-09-26 14:30:00+00:00,2421.15966796875,2422.123779296875,2413.549560546875,2418.017578125,0
2025-09-26 15:30:00+00:00,2425.2607421875,2425.769287109375,2418.96533203125,2421.2880859375,0
2025-09-26 16:30:00+00:00,2430.0849609375,2430.17236328125,2424.780517578125,2425.29150390625,0
2025-09-26 17:30:00+00:00,2430.46630859375,2431.06396484375,2427.744873046875,2430.10693359375,0
2025-09-26 18:30:00+00:00,2431.560546875,2433.068115234375,2430.3291015625,2430.54736328125,0
2025-09-26 19:30:00+00:00,2433.8310546875,2435.14892578125,2429.758544921875,2431.58203125,0
2025-09-29 13:30:00+00:00,2436.775146484375,2449.262451171875,2433.328857421875,2442.66259765625,0
2025-09-29 14:30:00+00:00,2432.88525390625,2439.820068359375,2431.68408203125,2436.66796875,0
2025-09-29 15:30:00+00:00,2434.626708984375,2435.42578125,2431.011962890625,2432.896484375,0
2025-09-29 16:30:00+00:00,2429.007080078125,2435.912841796875,2428.29931640625,2434.66552734375,0
2025-09-29 17:30:00+00:00,2435.7314453125,2435.75048828125,2428.4150390625,2429.018798828125,0
2025-09-29 18:30:00+00:00,2431.683349609375,2436.9384765625,2429.68310546875,2435.743896484375,0
2025-09-29 19:30:00+00:00,2434.932861328125,2437.411376953125,2431.45849609375,2431.633544921875,0
2025-09-30 13:30:00+00:00,2425.947998046875,2438.329833984375,2425.601318359375,2432.638671875,0
2025-09-30 14:30:00+00:00,2415.974853515625,2425.93408203125,2415.02490234375,2425.90966796875,0
2025-09-30 15:30:00+00:00,2420.149169921875,2420.93115234375,2414.629638671875,2415.98193359375,0
2025-09-30 16:30:00+00:00,2414.334716796875,2421.7841796875,2413.918701171875,2420.221923828125,0
2025-09-30 17:30:00+00:00,2419.947998046875,2420.718017578125,2413.27783203125,2414.304931640625,0
2025-09-30 18:30:00+00:00,2427.075927734375,2428.287353515625,2419.505126953125,2419.95458984375,0
2025-09-30 19:30:00+00:00,2436.810791015625,2437.38671875,2427.075927734375,2427.075927734375,0
2025-10-01 13:30:00+00:00,2436.12451171875,2437.41650390625,2424.87646484375,2428.234130859375,0
2025-10-01 14:30:00+00:00,2435.64599609375,2437.391845703125,2432.98291015625,2436.140380859375,0
2025-10-01 15:30:00+00:00,2436.320556640625,2440.9609375,2435.435791015625,2435.65966796875,0
2025-10-01 16:30:00+00:00,2436.217041015625,2436.884765625,2433.23876953125,2436.255859375,0
2025-10-01 17:30:00+00:00,2438.427734375,2438.45458984375,2431.661376953125,2436.2451171875,0
2025-10-01 18:30:00+00:00,2444.021728515625,2444.04638671875,2438.48828125,2438.48828125,0
2025-10-01 19:30:00+00:00,2442.54345703125,2447.461669921875,2442.54345703125,2444.04052734375,0
2025-10-02 13:30:00+00:00,2439.6650390625,2452.18115234375,2435.791015625,2448.981201171875,0
2025-10-02 14:30:00+00:00,2441.334228515625,2442.0927734375,2435.98291015625,2439.8134765625,0
2025-10-02 15:30:00+00:00,2443.96533203125,2444.4892578125,2437.655517578125,2441.367919921875,0
2025-10-02 16:30:00+00:00,2444.25634765625,2446.1796875,2441.76123046875,2444.041015625,0
2025-10-02 17:30:00+00:00,2453.997314453125,2454.015625,2443.9775390625,2444.249755859375,0
2025-10-02 18:30:00+00:00,2457.948974609375,2458.070068359375,2453.6083984375,2454.0126953125,0
2025-10-02 19:30:00+00:00,2458.390869140625,2458.546142578125,2456.43017578125,2457.950439453125,0
2025-10-03 13:30:00+00:00,2488.48291015625,2488.48291015625,2466.683349609375,2466.683349609375,0
2025-10-03 14:30:00+00:00,2488.5927734375,2497.36474609375,2488.161376953125,2488.532958984375,0
2025-10-03 15:30:00+00:00,2494.6630859375,2495.705322265625,2486.5205078125,2488.6787109375,0
2025-10-03 16:30:00+00:00,2486.499755859375,2495.8984375,2485.410400390625,2494.655029296875,0
2025-10-03 17:30:00+00:00,2481.95166015625,2488.891845703125,2472.283203125,2486.42333984375,0
2025-10-03 18:30:00+00:00,2478.617919921875,2482.336669921875,2474.25732421875,2481.947998046875,0
2025-10-03 19:30:00+00:00,2476.2734375,2479.81787109375,2475.8974609375,2478.648681640625,0
2025-10-06 13:30:00+00:00,2490.74365234375,2500.568603515625,2481.3359375,2489.13623046875,0
2025-10-06 14:30:00+00:00,2500.811279296875,2501.721923828125,2490.76904296875,2490.76904296875,0
2025-10-06 15:30:00+00:00,2499.04248046875,2501.918212890625,2494.2451171875,2500.87109375,0
2025-10-06 16:30:00+00:00,2498.46484375,2499.20263671875,2494.864013671875,2499.077392578125,0
2025-10-06 17:30:00+00:00,2492.508056640625,2499.041748046875,2492.474365234375,2498.493896484375,0
2025-10-06 18:30:00+00:00,2489.675537109375,2492.91162109375,2489.01513671875,2492.51513671875,0
2025-10-06 19:30:00+00:00,2486.068115234375,2489.89013671875,2485.9580078125,2489.66455078125,0
2025-10-07 13:30:00+00:00,2478.298583984375,2493.103271484375,2478.285888671875,2490.42822265625,0
2025-10-07 14:30:00+00:00,2465.22509765625,2480.54541015625,2463.931884765625,2478.344482421875,0
2025-10-07 15:30:00+00:00,2457.03271484375,2465.34814453125,2451.307861328125,2465.22509765625,0
2025-10-07 16:30:00+00:00,2460.620361328125,2462.86083984375,2457.03955078125,2457.03955078125,0
2025-10-07 17:30:00+00:00,2455.28515625,2461.164794921875,2454.075439453125,2460.590576171875,0
2025-10-07 18:30:00+00:00,2457.661865234375,2459.953369140625,2455.303466796875,2455.303466796875,0
2025-10-07 19:30:00+00:00,2458.074462890625,2461.483154296875,2457.080810546875,2457.60888671875,0
2025-10-08 13:30:00+00:00,2472.845947265625,2472.845947265625,2458.66748046875,2467.625,0
2025-10-08 14:30:00+00:00,2477.03857421875,2477.03857421875,2470.896484375,2472.880859375,0
2025-10-08 15:30:00+00:00,2481.533203125,2484.614013671875,2475.820556640625,2477.061767578125,0
2025-10-08 16:30:00+00:00,2485.54296875,2487.639892578125,2481.141357421875,2481.5126953125,0
2025-10-08 17:30:00+00:00,2478.06103515625,2485.652099609375,2478.03662109375,2485.567138671875,0
2025-10-08 18:30:00+00:00,2481.018798828125,2481.37939453125,2475.187255859375,2478.069091796875,0
2025-10-08 19:30:00+00:00,2484.00244140625,2485.244140625,2481.049560546875,2481.121826171875,0
2025-10-09 13:30:00+00:00,2472.278076171875,2490.7509765625,2471.961181640625,2485.7392578125,0
2025-10-09 14:30:00+00:00,2472.48876953125,2476.36962890625,2465.7021484375,2472.3125,0
2025-10-09 15:30:00+00:00,2475.283203125,2478.536376953125,2470.84716796875,2472.50830078125,0
2025-10-09 16:30:00+00:00,2459.98876953125,2475.427734375,2459.626220703125,2475.331298828125,0
2025-10-09 17:30:00+00:00,2462.37939453125,2465.35546875,2459.855224609375,2460.080810546875,0
2025-10-09 18:30:00+00:00,2466.9306640625,2467.309814453125,2460.349609375,2462.419189453125,0
2025-10-09 19:30:00+00:00,2468.84375,2472.148681640625,2466.417236328125,2466.89599609375,0
2025-10-10 13:30:00+00:00,2474.918212890625,2484.34619140625,2469.205810546875,2473.294189453125,0
2025-10-10 14:30:00+00:00,2432.650634765625,2479.122314453125,2431.405029296875,2474.918212890625,0
2025-10-10 15:30:00+00:00,2430.56103515625,2439.390869140625,2418.142578125,2432.66650390625,0
2025-10-10 16:30:00+00:00,2421.23291015625,2434.3056640625,2413.170654296875,2430.58740234375,0
2025-10-10 17:30:00+00:00,2420.90234375,2428.870361328125,2418.697021484375,2421.36083984375,0
2025-10-10 18:30:00+00:00,2405.007568359375,2421.388427734375,2404.892333984375,2420.837158203125,0
2025-10-10 19:30:00+00:00,2394.06884765625,2405.56982421875,2393.8544921875,2404.926025390625,0
2025-10-13 13:30:00+00:00,2437.2861328125,2449.438232421875,2423.000244140625,2423.000244140625,0
2025-10-13 14:30:00+00:00,2450.78466796875,2452.6298828125,2435.61865234375,2437.351318359375,0
2025-10-13 15:30:00+00:00,2452.374755859375,2453.510986328125,2449.685302734375,2450.76220703125,0
2025-10-13 16:30:00+00:00,2454.28369140625,2458.343505859375,2452.46923828125,2452.46923828125,0
2025-10-13 17:30:00+00:00,2462.65771484375,2462.674560546875,2453.50244140625,2454.277587890625,0
2025-10-13 18:30:00+00:00,2460.035888671875,2462.923583984375,2455.92529296875,2462.712646484375,0
2025-10-13 19:30:00+00:00,2461.52001953125,2462.894287109375,2459.495849609375,2460.0498046875,0
2025-10-14 13:30:00+00:00,2460.704833984375,2461.090087890625,2417.73974609375,2444.23193359375,0
2025-10-14 14:30:00+00:00,2462.623291015625,2465.422607421875,2458.067138671875,2460.77001953125,0
2025-10-14 15:30:00+00:00,2481.5263671875,2481.62744140625,2462.707763671875,2462.707763671875,0
2025-10-14 16:30:00+00:00,2495.42919921875,2495.814697265625,2481.5498046875,2481.5498046875,0
2025-10-14 17:30:00+00:00,2503.530029296875,2503.814697265625,2493.966064453125,2495.487060546875,0
2025-10-14 18:30:00+00:00,2511.259765625,2512.675537109375,2501.660400390625,2503.405517578125,0
2025-10-14 19:30:00+00:00,2495.98486328125,2511.21875,2492.786376953125,2511.21875,0
2025-10-15 13:30:00+00:00,2535.103759765625,2541.665771484375,2510.56689453125,2510.56689453125,0
2025-10-15 14:30:00+00:00,2524.4033203125,2535.9375,2523.609130859375,2535.24267578125,0
2025-10-15 15:30:00+00:00,2516.60693359375,2524.708984375,2509.339111328125,2524.33154296875,0
2025-10-15 16:30:00+00:00,2499.67333984375,2516.493896484375,2490.560546875,2516.493896484375,0
2025-10-15 17:30:00+00:00,2509.807373046875,2513.453369140625,2499.675537109375,2499.699951171875,0
2025-10-15 18:30:00+00:00,2519.949462890625,2520.2041015625,2509.694580078125,2509.82763671875,0
2025-10-15 19:30:00+00:00,2520.260498046875,2520.638427734375,2515.8203125,2519.959716796875,0
2025-10-16 13:30:00+00:00,2510.80126953125,2529.288330078125,2507.1669921875,2523.0556640625,0
2025-10-16 14:30:00+00:00,2503.71533203125,2515.85546875,2503.318603515625,2510.838623046875,0
2025-10-16 15:30:00+00:00,2486.226318359375,2505.404541015625,2486.162353515625,2503.769287109375,0
2025-10-16 16:30:00+00:00,2492.413818359375,2494.819580078125,2478.029296875,2486.246826171875,0
2025-10-16 17:30:00+00:00,2462.756591796875,2493.180908203125,2462.174560546875,2492.362548828125,0
2025-10-16 18:30:00+00:00,2461.4912109375,2471.60205078125,2460.136962890625,2462.765869140625,0
2025-10-16 19:30:00+00:00,2467.483154296875,2468.440673828125,2458.24658203125,2461.473876953125,0
2025-10-17 13:30:00+00:00,2456.454345703125,2465.086181640625,2447.939697265625,2455.660400390625,0
2025-10-17 14:30:00+00:00,2438.138671875,2456.60595703125,2434.50146484375,2456.547607421875,0
2025-10-17 15:30:00+00:00,2450.97314453125,2452.5068359375,2433.19189453125,2438.168701171875,0
2025-10-17 16:30:00+00:00,2438.459716796875,2451.761474609375,2437.15966796875,2450.958740234375,0
2025-10-17 17:30:00+00:00,2450.57958984375,2452.174560546875,2438.30029296875,2438.505859375,0
2025-10-17 18:30:00+00:00,2453.7607421875,2454.885986328125,2449.47607421875,2450.60302734375,0
2025-10-17 19:30:00+00:00,2451.88720703125,2453.811767578125,2450.7490234375,2453.70166015625,0
2025-10-20 13:30:00+00:00,2488.88671875,2496.978515625,2471.150146484375,2471.150146484375,0
2025-10-20 14:30:00+00:00,2489.143310546875,2498.286376953125,2486.96337890625,2488.832763671875,0
2025-10-20 15:30:00+00:00,2488.012451171875,2491.696533203125,2485.75048828125,2489.140869140625,0
2025-10-20 16:30:00+00:00,2495.537109375,2496.715087890625,2486.734375,2488.071533203125,0
2025-10-20 17:30:00+00:00,2496.721435546875,2499.797119140625,2495.55615234375,2495.64501953125,0
2025-10-20 18:30:00+00:00,2497.50927734375,2500.1083984375,2496.21826171875,2496.709228515625,0
2025-10-20 19:30:00+00:00,2499.587646484375,2500.533447265625,2497.037109375,2497.50927734375,0
2025-10-21 13:30:00+00:00,2483.48583984375,2495.680419921875,2473.567138671875,2495.680419921875,0
2025-10-21 14:30:00+00:00,2495.805419921875,2500.549072265625,2482.935302734375,2483.48583984375,0
2025-10-21 15:30:00+00:00,2499.468994140625,2499.8046875,2493.791015625,2495.7099609375,0
2025-10-21 16:30:00+00:00,2488.917236328125,2499.596923828125,2488.41162109375,2499.5205078125,0
2025-10-21 17:30:00+00:00,2490.6357421875,2491.18212890625,2486.68017578125,2488.973388671875,0
2025-10-21 18:30:00+00:00,2484.0634765625,2490.906982421875,2484.0634765625,2490.612548828125,0
2025-10-21 19:30:00+00:00,2487.61767578125,2490.0244140625,2483.68212890625,2484.14404296875,0
2025-10-22 13:30:00+00:00,2460.3408203125,2485.139404296875,2460.26513671875,2483.33203125,0
2025-10-22 14:30:00+00:00,2449.8994140625,2462.12451171875,2449.822021484375,2460.437255859375,0
2025-10-22 15:30:00+00:00,2443.169677734375,2457.206298828125,2442.727783203125,2449.959228515625,0
2025-10-22 16:30:00+00:00,2432.3955078125,2446.086181640625,2430.533203125,2443.130126953125,0
2025-10-22 17:30:00+00:00,2437.42919921875,2438.5478515625,2426.531982421875,2432.413330078125,0
2025-10-22 18:30:00+00:00,2451.281982421875,2451.63818359375,2435.025390625,2437.439453125,0
2025-10-22 19:30:00+00:00,2450.713623046875,2455.3662109375,2449.583984375,2451.314208984375,0
2025-10-23 13:30:00+00:00,2466.5703125,2474.01611328125,2457.332275390625,2457.332275390625,0
2025-10-23 14:30:00+00:00,2468.530517578125,2473.99951171875,2466.43212890625,2466.5703125,0
2025-10-23 15:30:00+00:00,2472.3330078125,2474.673828125,2465.126708984375,2468.570068359375,0
2025-10-23 16:30:00+00:00,2475.27783203125,2477.04296875,2471.20361328125,2472.379638671875,0
2025-10-23 17:30:00+00:00,2487.66015625,2488.345947265625,2475.214599609375,2475.2646484375,0
2025-10-23 18:30:00+00:00,2486.461669921875,2488.303955078125,2485.187744140625,2487.6435546875,0
2025-10-23 19:30:00+00:00,2482.2861328125,2486.49853515625,2481.0419921875,2486.489013671875,0
2025-10-24 13:30:00+00:00,2518.884033203125,2526.839599609375,2502.105224609375,2502.105224609375,0
2025-10-24 14:30:00+00:00,2524.052978515625,2524.85400390625,2513.59716796875,2518.9755859375,0
2025-10-24 15:30:00+00:00,2520.175537109375,2524.713623046875,2517.801025390625,2524.0986328125,0
2025-10-24 16:30:00+00:00,2519.837158203125,2520.470458984375,2515.132080078125,2520.19287109375,0
2025-10-24 17:30:00+00:00,2518.1328125,2519.9814453125,2517.583740234375,2519.852294921875,0
2025-10-24 18:30:00+00:00,2517.080322265625,2518.61572265625,2514.7509765625,2518.146484375,0
2025-10-24 19:30:00+00:00,2513.123291015625,2517.3408203125,2512.79345703125,2517.11865234375,0
2025-10-27 13:30:00+00:00,2529.493896484375,2539.936767578125,2527.2080078125,2527.2080078125,0
2025-10-27 14:30:00+00:00,2522.757080078125,2529.493896484375,2518.085693359375,2529.493896484375,0
2025-10-27 15:30:00+00:00,2517.781494140625,2525.577392578125,2516.623046875,2522.541015625,0
2025-10-27 16:30:00+00:00,2517.6923828125,2520.34716796875,2515.566162109375,2517.767333984375,0
2025-10-27 17:30:00+00:00,2519.22705078125,2521.29296875,2516.80078125,2517.687744140625,0
2025-10-27 18:30:00+00:00,2520.970947265625,2522.65283203125,2519.22119140625,2519.22119140625,0
2025-10-27 19:30:00+00:00,2520.339599609375,2523.222900390625,2520.3046875,2520.96533203125,0
2025-10-28 13:30:00+00:00,2514.719970703125,2516.118408203125,2500.812255859375,2516.118408203125,0
2025-10-28 14:30:00+00:00,2515.18212890625,2518.287109375,2513.5205078125,2514.77978515625,0
2025-10-28 15:30:00+00:00,2518.097412109375,2518.318359375,2510.356201171875,2515.15380859375,0
2025-10-28 16:30:00+00:00,2516.740478515625,2523.779052734375,2515.8310546875,2518.160888671875,0
2025-10-28 17:30:00+00:00,2517.42578125,2519.798095703125,2515.306884765625,2516.806396484375,0
2025-10-28 18:30:00+00:00,2507.915771484375,2517.911865234375,2506.744140625,2517.462158203125,0
2025-10-28 19:30:00+00:00,2506.920166015625,2508.056396484375,2503.657958984375,2507.936279296875,0
2025-10-29 13:30:00+00:00,2506.031005859375,2510.14404296875,2496.8916015625,2505.443359375,0
2025-10-29 14:30:00+00:00,2522.50537109375,2523.94482421875,2504.359130859375,2506.304443359375,0
2025-10-29 15:30:00+00:00,2523.714599609375,2525.124755859375,2520.62841796875,2522.34716796875,0
2025-10-29 16:30:00+00:00,2519.028076171875,2527.5390625,2519.00146484375,2523.705322265625,0
2025-10-29 17:30:00+00:00,2510.25390625,2527.05615234375,2508.8798828125,2519.0146484375,0
2025-10-29 18:30:00+00:00,2484.718017578125,2516.019775390625,2478.251220703125,2510.341796875,0
2025-10-29 19:30:00+00:00,2483.814208984375,2485.1533203125,2467.711181640625,2484.6533203125,0
2025-10-30 13:30:00+00:00,2486.601806640625,2495.498291015625,2467.404541015625,2476.82470703125,0
2025-10-30 14:30:00+00:00,2495.462646484375,2495.901123046875,2485.2685546875,2486.709716796875,0
2025-10-30 15:30:00+00:00,2490.80029296875,2496.04736328125,2486.428466796875,2495.51025390625,0
2025-10-30 16:30:00+00:00,2484.80078125,2490.86669921875,2481.636474609375,2490.84033203125,0
2025-10-30 17:30:00+00:00,2479.249267578125,2484.94970703125,2478.46923828125,2484.781982421875,0
2025-10-30 18:30:00+00:00,2469.029541015625,2480.15673828125,2466.291015625,2479.2158203125,0
2025-10-30 19:30:00+00:00,2465.81982421875,2471.91357421875,2464.80517578125,2469.0693359375,0
2025-10-31 13:30:00+00:00,2474.896484375,2478.670654296875,2461.352294921875,2469.177490234375,0
2025-10-31 14:30:00+00:00,2476.861572265625,2481.05224609375,2474.64208984375,2474.9833984375,0
2025-10-31 15:30:00+00:00,2466.44921875,2477.72705078125,2462.056640625,2476.916748046875,0
2025-10-31 16:30:00+00:00,2458.8427734375,2468.962646484375,2455.974365234375,2466.466552734375,0
2025-10-31 17:30:00+00:00,2472.97265625,2473.006103515625,2458.648681640625,2458.84912109375,0
2025-10-31 18:30:00+00:00,2479.250732421875,2479.547119140625,2471.0751953125,2473.00732421875,0
2025-10-31 19:30:00+00:00,2479.6591796875,2484.20166015625,2479.28515625,2479.28515625,0
2025-11-03 14:30:00+00:00,2444.569580078125,2481.05078125,2444.453125,2481.05078125,0
2025-11-03 15:30:00+00:00,2459.897705078125,2462.44775390625,2441.905517578125,2444.606689453125,0
2025-11-03 16:30:00+00:00,2462.861328125,2465.948974609375,2458.914306640625,2459.832275390625,0
2025-11-03 17:30:00+00:00,2462.514892578125,2469.355712890625,2462.242431640625,2462.857666015625,0
2025-11-03 18:30:00+00:00,2470.26708984375,2470.606689453125,2462.443603515625,2462.5146484375,0
2025-11-03 19:30:00+00:00,2467.4921875,2471.300537109375,2466.278076171875,2470.239013671875,0
2025-11-03 20:30:00+00:00,2470.798095703125,2471.01220703125,2464.633544921875,2467.388671875,0
2025-11-04 14:30:00+00:00,2455.703369140625,2455.870849609375,2427.5791015625,2447.604736328125,0
2025-11-04 15:30:00+00:00,2447.7509765625,2457.1201171875,2445.5771484375,2455.7578125,0
2025-11-04 16:30:00+00:00,2446.231201171875,2451.20166015625,2443.29541015625,2447.758056640625,0
2025-11-04 17:30:00+00:00,2435.68310546875,2447.172119140625,2435.335693359375,2446.23486328125,0
2025-11-04 18:30:00+00:00,2438.8603515625,2439.76708984375,2432.5009765625,2435.6904296875,0
2025-11-04 19:30:00+00:00,2435.4189453125,2439.135498046875,2430.478271484375,2438.875732421875,0
2025-11-04 20:30:00+00:00,2427.60498046875,2436.256103515625,2426.617431640625,2435.475341796875,0
2025-11-05 14:30:00+00:00,2446.69384765625,2447.295166015625,2429.134033203125,2429.134033203125,0
2025-11-05 15:30:00+00:00,2447.103515625,2448.273681640625,2442.238037109375,2446.722900390625,0
2025-11-05 16:30:00+00:00,2466.966064453125,2467.074462890625,2447.0791015625,2447.0791015625,0
2025-11-05 17:30:00+00:00,2466.708740234375,2469.257080078125,2465.58837890625,2467.025634765625,0
2025-11-05 18:30:00+00:00,2467.422119140625,2468.1572265625,2462.659423828125,2466.708740234375,0
2025-11-05 19:30:00+00:00,2471.484130859375,2473.36328125,2467.0029296875,2467.396484375,0
2025-11-05 20:30:00+00:00,2464.55419921875,2471.412841796875,2464.273681640625,2471.412841796875,0
2025-11-06 14:30:00+00:00,2447.9990234375,2461.46533203125,2441.760498046875,2460.243896484375,0
2025-11-06 15:30:00+00:00,2426.071044921875,2447.918701171875,2423.851806640625,2447.861328125,0
2025-11-06 16:30:00+00:00,2418.908447265625,2426.7373046875,2417.085205078125,2426.09033203125,0
2025-11-06 17:30:00+00:00,2427.384521484375,2430.965576171875,2418.485595703125,2418.991455078125,0
2025-11-06 18:30:00+00:00,2436.2001953125,2436.34423828125,2427.431640625,2427.431640625,0
2025-11-06 19:30:00+00:00,2429.564697265625,2437.66259765625,2429.328857421875,2436.22216796875,0
2025-11-06 20:30:00+00:00,2418.566162109375,2430.09423828125,2417.60498046875,2429.55810546875,0
2025-11-07 14:30:00+00:00,2402.228271484375,2407.970947265625,2385.45068359375,2407.970947265625,0
2025-11-07 15:30:00+00:00,2387.567626953125,2403.4404296875,2384.1357421875,2402.2978515625,0
2025-11-07 16:30:00+00:00,2391.9169921875,2393.7490234375,2380.0712890625,2387.539306640625,0
2025-11-07 17:30:00+00:00,2404.49267578125,2404.619384765625,2389.787353515625,2391.945556640625,0
2025-11-07 18:30:00+00:00,2413.117431640625,2413.3330078125,2400.935302734375,2404.51513671875,0
2025-11-07 19:30:00+00:00,2420.33642578125,2430.81494140625,2413.290771484375,2413.290771484375,0
2025-11-07 20:30:00+00:00,2432.6708984375,2432.6708984375,2420.356689453125,2420.356689453125,0
2025-11-10 14:30:00+00:00,2451.8017578125,2468.886962890625,2451.18115234375,2451.748779296875,0
2025-11-10 15:30:00+00:00,2446.09228515625,2452.235595703125,2440.328857421875,2451.725341796875,0
2025-11-10 16:30:00+00:00,2456.451171875,2456.54248046875,2446.00244140625,2446.00244140625,0
2025-11-10 17:30:00+00:00,2460.663818359375,2462.6015625,2456.5263671875,2456.5263671875,0
2025-11-10 18:30:00+00:00,2465.296875,2465.307373046875,2459.425048828125,2460.74072265625,0
2025-11-10 19:30:00+00:00,2462.747314453125,2467.7763671875,2461.90966796875,2465.2890625,0
2025-11-10 20:30:00+00:00,2455.621826171875,2463.743408203125,2455.621826171875,2462.6884765625,0
2025-11-11 14:30:00+00:00,2448.172607421875,2455.83740234375,2443.4140625,2451.8134765625,0
2025-11-11 15:30:00+00:00,2449.474365234375,2453.5390625,2444.6728515625,2448.0966796875,0
2025-11-11 16:30:00+00:00,2454.425048828125,2455.291015625,2448.308349609375,2449.449951171875,0
2025-11-11 17:30:00+00:00,2460.3115234375,2461.7470703125,2453.71142578125,2454.49755859375,0
2025-11-11 18:30:00+00:00,2461.335205078125,2463.571533203125,2458.0869140625,2460.32763671875,0
2025-11-11 19:30:00+00:00,2456.598876953125,2461.993896484375,2456.32373046875,2461.31982421875,0
2025-11-11 20:30:00+00:00,2457.8837890625,2460.678466796875,2454.57080078125,2456.56298828125,0
2025-11-12 14:30:00+00:00,2467.597412109375,2478.13818359375,2463.359619140625,2463.359619140625,0
2025-11-12 15:30:00+00:00,2455.34228515625,2467.250244140625,2450.599609375,2467.250244140625,0
2025-11-12 16:30:00+00:00,2454.1787109375,2460.60009765625,2452.91162109375,2455.34521484375,0
2025-11-12 17:30:00+00:00,2456.590087890625,2461.841064453125,2454.134521484375,2454.2158203125,0
2025-11-12 18:30:00+00:00,2455.89111328125,2460.594482421875,2455.729736328125,2456.589599609375,0
2025-11-12 19:30:00+00:00,2457.069580078125,2457.54052734375,2454.04443359375,2455.937744140625,0
2025-11-12 20:30:00+00:00,2451.367919921875,2458.262939453125,2449.527099609375,2456.984619140625,0
2025-11-13 14:30:00+00:00,2422.625244140625,2441.606201171875,2421.755615234375,2441.606201171875,0
2025-11-13 15:30:00+00:00,2412.551025390625,2423.5546875,2408.745361328125,2422.680908203125,0
2025-11-13 16:30:00+00:00,2407.98876953125,2414.281982421875,2405.156005859375,2412.524169921875,0
2025-11-13 17:30:00+00:00,2391.30810546875,2411.312744140625,2390.791259765625,2407.950927734375,0
2025-11-13 18:30:00+00:00,2391.26904296875,2391.443115234375,2383.8232421875,2391.285888671875,0
2025-11-13 19:30:00+00:00,2378.45703125,2391.45361328125,2375.366455078125,2391.28759765625,0
2025-11-13 20:30:00+00:00,2382.209716796875,2386.590087890625,2378.366455078125,2378.666259765625,0
2025-11-14 14:30:00+00:00,2376.761474609375,2380.027587890625,2345.09814453125,2359.15478515625,0
2025-11-14 15:30:00+00:00,2396.005615234375,2397.344970703125,2375.48876953125,2376.7490234375,0
2025-11-14 16:30:00+00:00,2397.854736328125,2400.38916015625,2392.6083984375,2396.029296875,0
2025-11-14 17:30:00+00:00,2392.919189453125,2400.448486328125,2389.139404296875,2397.87353515625,0
2025-11-14 18:30:00+00:00,2394.249267578125,2394.993896484375,2386.919677734375,2393.088134765625,0
2025-11-14 19:30:00+00:00,2392.351318359375,2398.02880859375,2390.522705078125,2394.345703125,0
2025-11-14 20:30:00+00:00,2387.942138671875,2393.480224609375,2386.78662109375,2392.372802734375,0
2025-11-17 14:30:00+00:00,2386.17041015625,2390.916748046875,2376.71875,2381.685546875,0
2025-11-17 15:30:00+00:00,2376.441162109375,2386.22607421875,2368.34375,2386.134033203125,0
2025-11-17 16:30:00+00:00,2381.200927734375,2382.8193359375,2376.111328125,2376.428955078125,0
2025-11-17 17:30:00+00:00,2369.822509765625,2382.145751953125,2369.12451171875,2381.270263671875,0
2025-11-17 18:30:00+00:00,2354.26123046875,2370.242431640625,2352.421875,2369.7861328125,0
2025-11-17 19:30:00+00:00,2339.318115234375,2354.90869140625,2334.7744140625,2354.31689453125,0
2025-11-17 20:30:00+00:00,2341.02685546875,2344.160400390625,2334.26123046875,2339.402099609375,0
2025-11-18 14:30:00+00:00,2333.6826171875,2340.71484375,2325.1142578125,2333.412841796875,0
2025-11-18 15:30:00+00:00,2344.501708984375,2344.64404296875,2325.611572265625,2333.552734375,0
2025-11-18 16:30:00+00:00,2337.155029296875,2348.482177734375,2337.155029296875,2344.5341796875,0
2025-11-18 17:30:00+00:00,2359.626953125,2362.434814453125,2336.01611328125,2337.15673828125,0
2025-11-18 18:30:00+00:00,2355.23193359375,2363.582763671875,2354.806396484375,2359.572021484375,0
2025-11-18 19:30:00+00:00,2354.4169921875,2360.362548828125,2353.22021484375,2355.237548828125,0
2025-11-18 20:30:00+00:00,2348.663330078125,2356.223388671875,2348.541259765625,2354.472412109375,0
2025-11-19 14:30:00+00:00,2366.94970703125,2375.375,2348.833251953125,2349.349365234375,0
2025-11-19 15:30:00+00:00,2351.154541015625,2367.583740234375,2349.756103515625,2366.782470703125,0
2025-11-19 16:30:00+00:00,2348.06884765625,2353.537109375,2345.5556640625,2351.1962890625,0
2025-11-19 17:30:00+00:00,2349.67529296875,2354.02001953125,2341.205078125,2348.092041015625,0
2025-11-19 18:30:00+00:00,2342.638427734375,2354.679931640625,2342.469970703125,2349.662353515625,0
2025-11-19 19:30:00+00:00,2354.126708984375,2356.35595703125,2340.5478515625,2342.663330078125,0
2025-11-19 20:30:00+00:00,2347.9384765625,2358.03955078125,2347.62060546875,2354.14501953125,0
2025-11-20 14:30:00+00:00,2403.08642578125,2403.6669921875,2365.333740234375,2365.333740234375,0
2025-11-20 15:30:00+00:00,2371.21337890625,2404.251708984375,2370.463134765625,2403.121826171875,0
2025-11-20 16:30:00+00:00,2334.786865234375,2371.223388671875,2333.517578125,2371.223388671875,0
2025-11-20 17:30:00+00:00,2338.256103515625,2346.369140625,2324.426513671875,2334.8076171875,0
2025-11-20 18:30:00+00:00,2326.47900390625,2338.505126953125,2317.99365234375,2338.268310546875,0
2025-11-20 19:30:00+00:00,2320.576416015625,2328.89453125,2318.979736328125,2326.4521484375,0
2025-11-20 20:30:00+00:00,2304.330810546875,2320.8583984375,2303.46337890625,2320.58984375,0
2025-11-21 14:30:00+00:00,2316.687744140625,2327.4384765625,2306.780517578125,2306.780517578125,0
2025-11-21 15:30:00+00:00,2343.25,2343.25,2311.38623046875,2316.633544921875,0
2025-11-21 16:30:00+00:00,2370.73779296875,2372.63623046875,2343.4873046875,2343.4873046875,0
2025-11-21 17:30:00+00:00,2360.89404296875,2372.186767578125,2359.57666015625,2370.800048828125,0
2025-11-21 18:30:00+00:00,2382.79833984375,2382.79833984375,2360.776123046875,2360.979736328125,0
2025-11-21 19:30:00+00:00,2371.253662109375,2383.552734375,2371.253662109375,2382.8193359375,0
2025-11-21 20:30:00+00:00,2368.919189453125,2376.473876953125,2368.3564453125,2371.20703125,0
2025-11-24 14:30:00+00:00,2396.577880859375,2396.96435546875,2372.339599609375,2372.799560546875,0
2025-11-24 15:30:00+00:00,2402.5458984375,2404.44970703125,2395.417724609375,2396.5537109375,0
2025-11-24 16:30:00+00:00,2408.0625,2408.30615234375,2401.857666015625,2402.535888671875,0
2025-11-24 17:30:00+00:00,2411.266357421875,2413.057373046875,2407.914794921875,2408.15380859375,0
2025-11-24 18:30:00+00:00,2409.8837890625,2414.49365234375,2409.74609375,2411.283447265625,0
2025-11-24 19:30:00+00:00,2412.484619140625,2412.52978515625,2407.370849609375,2409.88623046875,0
2025-11-24 20:30:00+00:00,2414.032470703125,2418.3056640625,2412.228759765625,2412.4560546875,0
2025-11-25 14:30:00+00:00,2437.52392578125,2440.789794921875,2417.66552734375,2417.66552734375,0
2025-11-25 15:30:00+00:00,2450.2216796875,2451.7490234375,2437.58447265625,2437.58447265625,0
2025-11-25 16:30:00+00:00,2459.260986328125,2460.128173828125,2449.431396484375,2450.22705078125,0
2025-11-25 17:30:00+00:00,2460.48681640625,2463.61767578125,2458.85595703125,2459.2939453125,0
2025-11-25 18:30:00+00:00,2456.19384765625,2461.5810546875,2455.43603515625,2460.52880859375,0
2025-11-25 19:30:00+00:00,2468.72119140625,2469.607421875,2456.00439453125,2456.216064453125,0
2025-11-25 20:30:00+00:00,2465.85107421875,2470.83056640625,2464.994873046875,2468.63671875,0
2025-11-26 14:30:00+00:00,2476.323974609375,2480.895751953125,2464.713623046875,2466.0068359375,0
2025-11-26 15:30:00+00:00,2484.33544921875,2486.218994140625,2476.28076171875,2476.28076171875,0
2025-11-26 16:30:00+00:00,2485.518798828125,2487.77685546875,2483.971435546875,2484.31884765625,0
2025-11-26 17:30:00+00:00,2490.22607421875,2490.749755859375,2485.03271484375,2485.5068359375,0
2025-11-26 18:30:00+00:00,2498.054443359375,2498.06298828125,2487.33642578125,2490.216796875,0
2025-11-26 19:30:00+00:00,2502.8798828125,2502.964111328125,2496.007568359375,2498.01025390625,0
2025-11-26 20:30:00+00:00,2486.924560546875,2502.843017578125,2486.038818359375,2502.843017578125,0
2025-11-28 14:30:00+00:00,2498.530029296875,2499.239013671875,2492.044921875,2492.044921875,0
2025-11-28 15:30:00+00:00,2498.965576171875,2500.7998046875,2497.241455078125,2498.521484375,0
2025-11-28 16:30:00+00:00,2495.390380859375,2499.661376953125,2495.350830078125,2498.9619140625,0
2025-12-01 14:30:00+00:00,2475.145263671875,2487.938232421875,2468.0078125,2482.232666015625,0
2025-12-01 15:30:00+00:00,2479.473876953125,2483.483642578125,2474.53271484375,2475.089599609375,0
2025-12-01 16:30:00+00:00,2482.570068359375,2485.58935546875,2479.486328125,2479.486328125,0
2025-12-01 17:30:00+00:00,2487.07080078125,2487.31103515625,2482.4228515625,2482.616943359375,0
2025-12-01 18:30:00+00:00,2475.260498046875,2488.580078125,2475.260498046875,2487.036376953125,0
2025-12-01 19:30:00+00:00,2473.715087890625,2476.529052734375,2472.886474609375,2475.291259765625,0
2025-12-01 20:30:00+00:00,2468.389892578125,2473.960205078125,2468.015625,2473.665771484375,0
2025-12-02 14:30:00+00:00,2476.16162109375,2487.63818359375,2475.79541015625,2480.047607421875,0
2025-12-02 15:30:00+00:00,2468.705322265625,2483.083740234375,2468.4365234375,2476.121826171875,0
2025-12-02 16:30:00+00:00,2478.53515625,2478.765380859375,2468.6689453125,2468.6689453125,0
2025-12-02 17:30:00+00:00,2475.8427734375,2479.267822265625,2472.203125,2478.51171875,0
2025-12-02 18:30:00+00:00,2474.90576171875,2477.368408203125,2472.70361328125,2475.82177734375,0
2025-12-02 19:30:00+00:00,2475.029052734375,2477.815185546875,2474.3291015625,2474.92529296875,0
2025-12-02 20:30:00+00:00,2465.13623046875,2475.9697265625,2465.13623046875,2475.02783203125,0
2025-12-03 14:30:00+00:00,2485.761962890625,2486.478271484375,2468.6455078125,2469.640380859375,0
2025-12-03 15:30:00+00:00,2491.230712890625,2493.5224609375,2484.9833984375,2485.726806640625,0
2025-12-03 16:30:00+00:00,2499.3095703125,2499.343017578125,2489.392333984375,2491.241455078125,0
2025-12-03 17:30:00+00:00,2503.20263671875,2505.161376953125,2499.06201171875,2499.33056640625,0
2025-12-03 18:30:00+00:00,2504.16162109375,2504.74658203125,2501.433837890625,2503.22705078125,0
2025-12-03 19:30:00+00:00,2508.90625,2508.90625,2504.171142578125,2504.171142578125,0
2025-12-03 20:30:00+00:00,2512.11376953125,2512.447998046875,2508.217041015625,2508.885009765625,0
2025-12-04 14:30:00+00:00,2519.275634765625,2519.275634765625,2501.769775390625,2508.23681640625,0
2025-12-04 15:30:00+00:00,2527.628662109375,2529.725341796875,2518.29296875,2519.325439453125,0
2025-12-04 16:30:00+00:00,2532.12744140625,2532.252685546875,2524.0244140625,2527.641357421875,0
2025-12-04 17:30:00+00:00,2538.977294921875,2538.977294921875,2531.930908203125,2532.128662109375,0
2025-12-04 18:30:00+00:00,2530.364013671875,2540.006103515625,2526.647705078125,2538.939208984375,0
2025-12-04 19:30:00+00:00,2531.02001953125,2535.423095703125,2530.056396484375,2530.342529296875,0
2025-12-04 20:30:00+00:00,2531.109130859375,2531.873046875,2529.17822265625,2530.982421875,0
2025-12-05 14:30:00+00:00,2534.043212890625,2535.474609375,2523.25048828125,2530.452392578125,0
2025-12-05 15:30:00+00:00,2528.309814453125,2538.36865234375,2525.637939453125,2534.1357421875,0
2025-12-05 16:30:00+00:00,2519.68359375,2528.314697265625,2519.531494140625,2528.314697265625,0
2025-12-05 17:30:00+00:00,2526.62744140625,2528.614990234375,2517.9111328125,2519.70263671875,0
2025-12-05 18:30:00+00:00,2524.3994140625,2528.3935546875,2523.64404296875,2526.639404296875,0
2025-12-05 19:30:00+00:00,2524.9921875,2527.61181640625,2523.916259765625,2524.4306640625,0
2025-12-05 20:30:00+00:00,2521.635009765625,2524.95703125,2519.31201171875,2524.95703125,0
2025-12-08 14:30:00+00:00,2528.225341796875,2540.897216796875,2527.610595703125,2532.423095703125,0
2025-12-08 15:30:00+00:00,2531.286865234375,2531.286865234375,2520.584228515625,2528.2587890625,0
2025-12-08 16:30:00+00:00,2527.252197265625,2532.808349609375,2525.536865234375,2531.33544921875,0
2025-12-08 17:30:00+00:00,2521.975830078125,2530.560546875,2521.975830078125,2527.253173828125,0
2025-12-08 18:30:00+00:00,2521.84619140625,2522.9765625,2517.138916015625,2521.94482421875,0
2025-12-08 19:30:00+00:00,2525.93896484375,2526.498046875,2521.84521484375,2521.8486328125,0
2025-12-08 20:30:00+00:00,2521.388916015625,2525.91845703125,2519.6826171875,2525.91845703125,0
2025-12-09 14:30:00+00:00,2530.515869140625,2530.515869140625,2514.093017578125,2515.791259765625,0
2025-12-09 15:30:00+00:00,2538.89453125,2541.771484375,2529.93798828125,2530.5576171875,0
2025-12-09 16:30:00+00:00,2535.55322265625,2540.602294921875,2534.969482421875,2538.846923828125,0
2025-12-09 17:30:00+00:00,2534.81494140625,2536.640625,2531.362548828125,2535.56689453125,0
2025-12-09 18:30:00+00:00,2531.22119140625,2534.974365234375,2529.765625,2534.787353515625,0
2025-12-09 19:30:00+00:00,2529.497802734375,2534.748779296875,2529.408935546875,2531.215576171875,0
2025-12-09 20:30:00+00:00,2526.150146484375,2532.0498046875,2525.709716796875,2529.463134765625,0
2025-12-10 14:30:00+00:00,2527.612548828125,2532.44287109375,2519.170166015625,2524.47705078125,0
2025-12-10 15:30:00+00:00,2536.0986328125,2536.199462890625,2522.685791015625,2527.54150390625,0
2025-12-10 16:30:00+00:00,2530.0546875,2536.983154296875,2529.70751953125,2536.013671875,0
2025-12-10 17:30:00+00:00,2534.88720703125,2536.726806640625,2529.29345703125,2530.00634765625,0
2025-12-10 18:30:00+00:00,2541.6396484375,2549.56689453125,2529.138916015625,2534.900390625,0
2025-12-10 19:30:00+00:00,2573.13330078125,2576.30712890625,2541.940185546875,2541.940185546875,0
2025-12-10 20:30:00+00:00,2559.853271484375,2574.462646484375,2559.853271484375,2573.119384765625,0
2025-12-11 14:30:00+00:00,2573.7763671875,2576.16748046875,2558.457275390625,2560.9814453125,0
2025-12-11 15:30:00+00:00,2573.003662109375,2575.19970703125,2564.008544921875,2573.7529296875,0
2025-12-11 16:30:00+00:00,2588.9326171875,2588.960205078125,2573.00146484375,2573.00146484375,0
2025-12-11 17:30:00+00:00,2588.367919921875,2589.735107421875,2586.235595703125,2588.8818359375,0
2025-12-11 18:30:00+00:00,2592.011962890625,2592.514892578125,2586.277587890625,2588.416748046875,0
2025-12-11 19:30:00+00:00,2589.702880859375,2593.178466796875,2589.431884765625,2591.9951171875,0
2025-12-11 20:30:00+00:00,2590.206787109375,2593.8935546875,2588.286376953125,2589.68603515625,0
2025-12-12 14:30:00+00:00,2575.323974609375,2595.983642578125,2575.323974609375,2593.35546875,0
2025-12-12 15:30:00+00:00,2560.670654296875,2579.66796875,2555.70751953125,2575.229736328125,0
2025-12-12 16:30:00+00:00,2557.3427734375,2564.657470703125,2549.95166015625,2560.739990234375,0
2025-12-12 17:30:00+00:00,2567.47265625,2571.409423828125,2555.55224609375,2557.366943359375,0
2025-12-12 18:30:00+00:00,2558.54638671875,2568.572265625,2558.2333984375,2567.5986328125,0
2025-12-12 19:30:00+00:00,2552.717041015625,2560.363037109375,2552.717041015625,2558.61083984375,0
2025-12-12 20:30:00+00:00,2551.6728515625,2555.51513671875,2548.813720703125,2552.591064453125,0
2025-12-15 14:30:00+00:00,2537.64208984375,2567.458740234375,2536.769775390625,2562.494873046875,0
2025-12-15 15:30:00+00:00,2543.105712890625,2545.0244140625,2536.93115234375,2537.687255859375,0
2025-12-15 16:30:00+00:00,2536.129638671875,2543.177734375,2531.487060546875,2543.11279296875,0
2025-12-15 17:30:00+00:00,2532.730712890625,2539.08740234375,2531.803955078125,2536.107177734375,0
2025-12-15 18:30:00+00:00,2537.35986328125,2539.68701171875,2531.5927734375,2532.719970703125,0
2025-12-15 19:30:00+00:00,2535.177490234375,2539.185302734375,2534.497314453125,2537.346923828125,0
2025-12-15 20:30:00+00:00,2530.866943359375,2535.3056640625,2529.37109375,2535.09326171875,0
2025-12-16 14:30:00+00:00,2522.338134765625,2536.61865234375,2518.55322265625,2526.496337890625,0
2025-12-16 15:30:00+00:00,2518.40966796875,2528.01708984375,2517.27978515625,2522.199951171875,0
2025-12-16 16:30:00+00:00,2515.771240234375,2520.09326171875,2515.024658203125,2518.384033203125,0
2025-12-16 17:30:00+00:00,2509.83935546875,2517.49755859375,2506.544921875,2515.79736328125,0
2025-12-16 18:30:00+00:00,2509.901123046875,2520.557373046875,2507.8427734375,2509.919677734375,0
2025-12-16 19:30:00+00:00,2520.58056640625,2520.58056640625,2509.94873046875,2509.94873046875,0
2025-12-16 20:30:00+00:00,2519.229736328125,2525.713623046875,2519.229736328125,2520.608642578125,0
2025-12-17 14:30:00+00:00,2537.34521484375,2540.244873046875,2522.10986328125,2522.10986328125,0
2025-12-17 15:30:00+00:00,2510.423583984375,2537.413330078125,2507.980712890625,2537.3623046875,0
2025-12-17 16:30:00+00:00,2511.702880859375,2515.212890625,2504.71533203125,2510.474365234375,0
2025-12-17 17:30:00+00:00,2503.382080078125,2512.472412109375,2502.250244140625,2511.622802734375,0
2025-12-17 18:30:00+00:00,2496.1708984375,2503.347412109375,2494.852294921875,2503.308349609375,0
2025-12-17 19:30:00+00:00,2495.269775390625,2500.40234375,2494.71826171875,2496.18017578125,0
2025-12-17 20:30:00+00:00,2492.5595703125,2495.61572265625,2487.97509765625,2495.34326171875,0
2025-12-18 14:30:00+00:00,2526.75537109375,2531.790771484375,2514.141845703125,2517.65869140625,0
2025-12-18 15:30:00+00:00,2522.176513671875,2531.05224609375,2521.99365234375,2526.747314453125,0
2025-12-18 16:30:00+00:00,2508.212158203125,2525.476806640625,2505.750244140625,2522.15869140625,0
2025-12-18 17:30:00+00:00,2516.538818359375,2520.009033203125,2508.2099609375,2508.2099609375,0
2025-12-18 18:30:00+00:00,2514.721435546875,2520.50830078125,2512.719482421875,2516.5390625,0
2025-12-18 19:30:00+00:00,2513.02587890625,2515.431396484375,2504.489501953125,2514.75048828125,0
2025-12-18 20:30:00+00:00,2507.9111328125,2516.391845703125,2507.9111328125,2512.98828125,0
2025-12-19 14:30:00+00:00,2526.677734375,2529.71630859375,2508.58837890625,2508.58837890625,0
2025-12-19 15:30:00+00:00,2530.877685546875,2530.877685546875,2523.721923828125,2526.613525390625,0
2025-12-19 16:30:00+00:00,2534.207275390625,2534.507568359375,2529.887451171875,2530.92138671875,0
2025-12-19 17:30:00+00:00,2534.536376953125,2534.824462890625,2530.7216796875,2534.142822265625,0
2025-12-19 18:30:00+00:00,2528.2841796875,2534.641357421875,2526.957763671875,2534.54052734375,0
2025-12-19 19:30:00+00:00,2527.886474609375,2529.619384765625,2524.394775390625,2528.309326171875,0
2025-12-19 20:30:00+00:00,2529.01708984375,2531.1826171875,2526.315185546875,2527.8935546875,0
2025-12-22 14:30:00+00:00,2562.89892578125,2563.584716796875,2538.80029296875,2538.80029296875,0
2025-12-22 15:30:00+00:00,2567.559814453125,2569.44775390625,2559.314453125,2562.841552734375,0
2025-12-22 16:30:00+00:00,2568.226806640625,2572.902099609375,2567.32275390625,2567.506591796875,0
2025-12-22 17:30:00+00:00,2565.5869140625,2570.626220703125,2563.90673828125,2568.28857421875,0
2025-12-22 18:30:00+00:00,2561.18994140625,2566.035888671875,2558.679931640625,2565.616943359375,0
2025-12-22 19:30:00+00:00,2558.83349609375,2563.01611328125,2558.1962890625,2561.24755859375,0
2025-12-22 20:30:00+00:00,2558.9423828125,2560.68408203125,2554.3125,2558.837646484375,0
2025-12-23 14:30:00+00:00,2544.97802734375,2553.1962890625,2537.941650390625,2548.64453125,0
2025-12-23 15:30:00+00:00,2540.261474609375,2548.792236328125,2540.261474609375,2545.010009765625,0
2025-12-23 16:30:00+00:00,2543.93896484375,2544.244384765625,2538.7607421875,2540.248291015625,0
2025-12-23 17:30:00+00:00,2546.37060546875,2546.55322265625,2541.42138671875,2543.9658203125,0
2025-12-23 18:30:00+00:00,2542.737060546875,2546.73291015625,2542.324462890625,2546.392333984375,0
2025-12-23 19:30:00+00:00,2545.155029296875,2547.044189453125,2542.680908203125,2542.735107421875,0
2025-12-23 20:30:00+00:00,2541.540771484375,2546.925537109375,2541.202880859375,2545.144775390625,0
2025-12-24 14:30:00+00:00,2544.140869140625,2544.140869140625,2535.13330078125,2539.332763671875,0
2025-12-24 15:30:00+00:00,2543.779052734375,2545.5048828125,2542.5361328125,2544.18212890625,0
2025-12-24 16:30:00+00:00,2548.120361328125,2548.317626953125,2542.759521484375,2543.7724609375,0
2025-12-26 14:30:00+00:00,2531.416748046875,2546.77490234375,2527.358154296875,2546.77490234375,0
2025-12-26 15:30:00+00:00,2531.35693359375,2534.0234375,2529.87744140625,2531.474365234375,0
2025-12-26 16:30:00+00:00,2531.05712890625,2533.0439453125,2528.8603515625,2531.357421875,0
2025-12-26 17:30:00+00:00,2531.3154296875,2532.07275390625,2530.068115234375,2531.1083984375,0
2025-12-26 18:30:00+00:00,2529.07080078125,2533.01220703125,2529.07080078125,2531.306396484375,0
2025-12-26 19:30:00+00:00,2534.09619140625,2534.163818359375,2529.030029296875,2529.030029296875,0
2025-12-26 20:30:00+00:00,2534.059326171875,2535.905029296875,2532.41259765625,2534.111572265625,0
2025-12-29 14:30:00+00:00,2519.57763671875,2533.65380859375,2519.568359375,2524.839599609375,0
2025-12-29 15:30:00+00:00,2518.8017578125,2520.56787109375,2516.502685546875,2519.54638671875,0
2025-12-29 16:30:00+00:00,2515.75439453125,2521.02197265625,2515.6748046875,2518.80517578125,0
2025-12-29 17:30:00+00:00,2519.118408203125,2519.891357421875,2515.6953125,2515.756591796875,0
2025-12-29 18:30:00+00:00,2517.463623046875,2520.54248046875,2515.91650390625,2519.138671875,0
2025-12-29 19:30:00+00:00,2520.486328125,2522.163330078125,2517.458740234375,2517.46630859375,0
2025-12-29 20:30:00+00:00,2519.467529296875,2520.94921875,2517.960693359375,2520.4814453125,0
2025-12-30 14:30:00+00:00,2511.900146484375,2520.90576171875,2511.900146484375,2519.897216796875,0
2025-12-30 15:30:00+00:00,2515.609619140625,2516.05810546875,2509.81591796875,2511.879150390625,0
2025-12-30 16:30:00+00:00,2511.230712890625,2515.839599609375,2511.0888671875,2515.61181640625,0
2025-12-30 17:30:00+00:00,2511.56884765625,2512.99169921875,2510.87646484375,2511.2490234375,0
2025-12-30 18:30:00+00:00,2509.718017578125,2512.39892578125,2509.279052734375,2511.56640625,0
2025-12-30 19:30:00+00:00,2506.287353515625,2510.337646484375,2505.124755859375,2509.7451171875,0
2025-12-30 20:30:00+00:00,2500.4873046875,2506.67919921875,2500.4873046875,2506.2890625,0
2025-12-31 14:30:00+00:00,2492.890869140625,2501.768310546875,2490.1044921875,2500.365478515625,0
2025-12-31 15:30:00+00:00,2490.6923828125,2494.995849609375,2489.62451171875,2492.96630859375,0
2025-12-31 16:30:00+00:00,2492.259033203125,2492.887939453125,2489.600830078125,2490.72265625,0
2025-12-31 17:30:00+00:00,2490.82763671875,2493.340087890625,2489.6865234375,2492.243408203125,0
2025-12-31 18:30:00+00:00,2490.509521484375,2493.238525390625,2490.509521484375,2490.847412109375,0
2025-12-31 19:30:00+00:00,2481.987548828125,2490.48828125,2481.987548828125,2490.46240234375,0
2025-12-31 20:30:00+00:00,2481.50537109375,2484.458740234375,2480.67822265625,2481.9423828125,0
2026-01-02 14:30:00+00:00,2482.534423828125,2498.4482421875,2481.592041015625,2491.8193359375,0
2026-01-02 15:30:00+00:00,2497.874755859375,2498.59912109375,2482.403076171875,2482.533935546875,0
2026-01-02 16:30:00+00:00,2498.3330078125,2501.97119140625,2491.756103515625,2497.81787109375,0
2026-01-02 17:30:00+00:00,2492.530517578125,2499.9619140625,2491.741455078125,2498.424072265625,0
2026-01-02 18:30:00+00:00,2502.87939453125,2502.87939453125,2488.560791015625,2492.542236328125,0
2026-01-02 19:30:00+00:00,2507.726806640625,2509.72119140625,2502.947998046875,2502.947998046875,0
2026-01-02 20:30:00+00:00,2508.103271484375,2508.103271484375,2503.38916015625,2507.729736328125,0
2026-01-05 14:30:00+00:00,2538.408203125,2538.408203125,2516.80615234375,2516.80615234375,0
2026-01-05 15:30:00+00:00,2539.21826171875,2543.34912109375,2537.744140625,2538.423095703125,0
2026-01-05 16:30:00+00:00,2549.797607421875,2549.797607421875,2536.4775390625,2539.17919921875,0
2026-01-05 17:30:00+00:00,2551.236083984375,2551.487548828125,2547.390380859375,2549.812255859375,0
2026-01-05 18:30:00+00:00,2555.45654296875,2555.783203125,2550.00634765625,2551.228759765625,0
2026-01-05 19:30:00+00:00,2552.322021484375,2556.243896484375,2551.15966796875,2555.435546875,0
2026-01-05 20:30:00+00:00,2547.972900390625,2552.286865234375,2547.493896484375,2552.286865234375,0
2026-01-06 14:30:00+00:00,2557.421630859375,2557.421630859375,2541.62646484375,2543.994140625,0
2026-01-06 15:30:00+00:00,2551.49560546875,2556.100341796875,2546.742431640625,2556.100341796875,0
2026-01-06 16:30:00+00:00,2552.822509765625,2553.4365234375,2548.618896484375,2551.1484375,0
2026-01-06 17:30:00+00:00,2560.879150390625,2560.900146484375,2552.917236328125,2553.213134765625,0
2026-01-06 18:30:00+00:00,2571.55224609375,2571.613037109375,2562.57763671875,2563.074462890625,0
2026-01-06 19:30:00+00:00,2579.457275390625,2579.457275390625,2571.57958984375,2571.57958984375,0
2026-01-06 20:30:00+00:00,2582.485595703125,2582.99267578125,2579.765380859375,2579.765380859375,0
2026-01-07 14:30:00+00:00,2566.773193359375,2585.618408203125,2563.395263671875,2585.618408203125,0
2026-01-07 15:30:00+00:00,2571.84130859375,2571.84130859375,2564.80810546875,2566.757080078125,0
2026-01-07 16:30:00+00:00,2580.712158203125,2581.532958984375,2571.89453125,2571.89453125,0
2026-01-07 17:30:00+00:00,2570.485595703125,2580.72509765625,2570.27734375,2580.715087890625,0
2026-01-07 18:30:00+00:00,2573.278564453125,2574.89892578125,2570.51904296875,2570.51904296875,0
2026-01-07 19:30:00+00:00,2572.92626953125,2580.870849609375,2572.517333984375,2573.337646484375,0
2026-01-07 20:30:00+00:00,2575.301513671875,2575.610107421875,2571.26123046875,2572.94140625,0
2026-01-08 14:30:00+00:00,2595.765869140625,2597.484375,2566.66015625,2567.610595703125,0
2026-01-08 15:30:00+00:00,2595.2890625,2595.72412109375,2585.8779296875,2595.670654296875,0
2026-01-08 16:30:00+00:00,2600.525146484375,2604.365234375,2594.919189453125,2595.308349609375,0
2026-01-08 17:30:00+00:00,2603.964599609375,2608.574951171875,2600.560791015625,2600.560791015625,0
2026-01-08 18:30:00+00:00,2602.058349609375,2604.415771484375,2599.54931640625,2603.924560546875,0
2026-01-08 19:30:00+00:00,2602.10302734375,2604.855224609375,2600.39013671875,2602.078857421875,0
2026-01-08 20:30:00+00:00,2603.765380859375,2604.234619140625,2601.03759765625,2602.1220703125,0
2026-01-09 14:30:00+00:00,2624.027587890625,2634.221923828125,2606.659912109375,2614.729736328125,0
2026-01-09 15:30:00+00:00,2629.5576171875,2630.432373046875,2618.284423828125,2624.2080078125,0
2026-01-09 16:30:00+00:00,2634.827392578125,2635.358154296875,2627.7841796875,2629.617431640625,0
2026-01-09 17:30:00+00:00,2627.32275390625,2635.797119140625,2626.518310546875,2634.87158203125,0
2026-01-09 18:30:00+00:00,2625.953857421875,2631.947509765625,2625.4619140625,2627.3076171875,0
2026-01-09 19:30:00+00:00,2623.050537109375,2625.98388671875,2620.7431640625,2625.9404296875,0
2026-01-09 20:30:00+00:00,2624.157958984375,2626.106689453125,2623.0556640625,2623.0576171875,0
2026-01-12 14:30:00+00:00,2614.933837890625,2620.005859375,2606.8955078125,2614.09228515625,0
2026-01-12 15:30:00+00:00,2627.352783203125,2627.4560546875,2614.632568359375,2615.080322265625,0
2026-01-12 16:30:00+00:00,2626.19970703125,2630.60888671875,2625.97802734375,2627.39697265625,0
2026-01-12 17:30:00+00:00,2632.368408203125,2632.368408203125,2625.67626953125,2626.19140625,0
2026-01-12 18:30:00+00:00,2633.156982421875,2634.400390625,2632.22607421875,2632.4228515625,0
2026-01-12 19:30:00+00:00,2632.610107421875,2635.627197265625,2631.694091796875,2633.208984375,0
2026-01-12 20:30:00+00:00,2635.696533203125,2636.720703125,2632.395263671875,2632.597412109375,0
2026-01-13 14:30:00+00:00,2629.43359375,2647.037841796875,2627.40234375,2644.48779296875,0
2026-01-13 15:30:00+00:00,2630.19189453125,2639.845458984375,2628.0390625,2629.47509765625,0
2026-01-13 16:30:00+00:00,2639.592041015625,2640.729736328125,2630.109375,2630.235107421875,0
2026-01-13 17:30:00+00:00,2639.99560546875,2640.6767578125,2637.12158203125,2639.67236328125,0
2026-01-13 18:30:00+00:00,2639.18701171875,2643.523193359375,2636.628173828125,2640.003662109375,0
2026-01-13 19:30:00+00:00,2633.249267578125,2642.33837890625,2633.2373046875,2639.2890625,0
2026-01-13 20:30:00+00:00,2633.451904296875,2633.451904296875,2629.521240234375,2633.140625,0
2026-01-14 14:30:00+00:00,2634.017333984375,2639.29833984375,2624.638427734375,2631.060302734375,0
2026-01-14 15:30:00+00:00,2640.490966796875,2640.7939453125,2624.2919921875,2633.969482421875,0
2026-01-14 16:30:00+00:00,2635.752197265625,2643.563720703125,2630.681640625,2640.56884765625,0
2026-01-14 17:30:00+00:00,2639.098388671875,2639.098388671875,2629.552490234375,2635.70654296875,0
2026-01-14 18:30:00+00:00,2642.67431640625,2642.902099609375,2632.3876953125,2639.187255859375,0
2026-01-14 19:30:00+00:00,2649.312255859375,2649.469482421875,2639.734130859375,2642.649658203125,0
2026-01-14 20:30:00+00:00,2651.367431640625,2653.306640625,2645.216796875,2649.266357421875,0
2026-01-15 14:30:00+00:00,2672.366455078125,2672.650390625,2659.287353515625,2661.107177734375,0
2026-01-15 15:30:00+00:00,2686.56396484375,2688.262451171875,2672.555419921875,2672.555419921875,0
2026-01-15 16:30:00+00:00,2684.605224609375,2688.63134765625,2683.600341796875,2686.5263671875,0
2026-01-15 17:30:00+00:00,2685.881591796875,2686.4677734375,2681.011474609375,2684.585693359375,0
2026-01-15 18:30:00+00:00,2687.337890625,2689.276611328125,2684.86572265625,2685.919921875,0
2026-01-15 19:30:00+00:00,2677.425048828125,2687.38037109375,2677.3056640625,2687.38037109375,0
2026-01-15 20:30:00+00:00,2674.28857421875,2681.775634765625,2674.000244140625,2677.390869140625,0
2026-01-16 14:30:00+00:00,2680.199951171875,2687.089599609375,2670.43408203125,2676.810302734375,0
2026-01-16 15:30:00+00:00,2684.559814453125,2684.606689453125,2668.56396484375,2680.0986328125,0
2026-01-16 16:30:00+00:00,2685.74658203125,2689.84521484375,2684.562255859375,2684.562255859375,0
2026-01-16 17:30:00+00:00,2691.685302734375,2691.685302734375,2685.546875,2685.739013671875,0
2026-01-16 18:30:00+00:00,2681.810302734375,2692.2255859375,2681.80859375,2691.71142578125,0
2026-01-16 19:30:00+00:00,2681.458740234375,2684.609619140625,2680.969482421875,2681.860595703125,0
2026-01-16 20:30:00+00:00,2677.90771484375,2681.35107421875,2677.0703125,2681.35107421875,0
