Datetime,Close,High,Low,Open,Volume
2025-01-17 14:30:00+00:00,428.68341064453125,433.8599853515625,419.7701110839844,421.7200012207031,28440359
2025-01-17 15:30:00+00:00,433.8175048828125,434.17999267578125,425.7200012207031,428.87310791015625,12168112
2025-01-17 16:30:00+00:00,436.40948486328125,436.7900085449219,431.5,433.889892578125,9871888
2025-01-17 17:30:00+00:00,437.114990234375,439.20001220703125,433.1099853515625,436.4049987792969,9068816
2025-01-17 18:30:00+00:00,438.43499755859375,439.739990234375,437.05010986328125,437.0899963378906,7885874
2025-01-17 19:30:00+00:00,428.7799987792969,438.95001220703125,428.6300048828125,438.489990234375,12646921
2025-01-17 20:30:00+00:00,426.4800109863281,432.6300048828125,426.2300109863281,428.7699890136719,8389476
2025-01-21 14:30:00+00:00,412.375,432.9845886230469,406.30999755859375,432.80999755859375,32462885
2025-01-21 15:30:00+00:00,415.0799865722656,417.489990234375,411.2099914550781,412.3800048828125,12869537
2025-01-21 16:30:00+00:00,415.9949951171875,416.9508972167969,412.510009765625,415.1300048828125,7712153
2025-01-21 17:30:00+00:00,418.84991455078125,420.3299865722656,415.64300537109375,415.8999938964844,6966628
2025-01-21 18:30:00+00:00,418.1300048828125,421.29998779296875,416.6600036621094,418.7850036621094,6650715
2025-01-21 19:30:00+00:00,420.4949951171875,420.69000244140625,415.5101013183594,418.0799865722656,6224189
2025-01-21 20:30:00+00:00,424.0799865722656,424.659912109375,419.1199951171875,420.41009521484375,7706082
2025-01-22 14:30:00+00:00,423.42999267578125,428.0,416.10009765625,416.7200012207031,20498042
2025-01-22 15:30:00+00:00,422.5953063964844,424.2998962402344,419.1000061035156,423.3800048828125,8274875
2025-01-22 16:30:00+00:00,420.20001220703125,423.4049987792969,419.5899963378906,422.6070861816406,5236994
2025-01-22 17:30:00+00:00,421.29998779296875,424.1400146484375,419.6700134277344,420.17999267578125,5078701
2025-01-22 18:30:00+00:00,418.1300048828125,421.4465026855469,417.29010009765625,421.30499267578125,5653604
2025-01-22 19:30:00+00:00,417.6559143066406,419.8699951171875,417.55999755859375,418.20001220703125,4058835
2025-01-22 20:30:00+00:00,415.1000061035156,419.2200012207031,414.5899963378906,417.6499938964844,6017585
2025-01-23 14:30:00+00:00,414.3900146484375,420.7300109863281,410.3500061035156,415.989990234375,17747077
2025-01-23 15:30:00+00:00,413.2799987792969,416.239990234375,412.340087890625,414.3262023925781,6808481
2025-01-23 16:30:00+00:00,410.8800048828125,414.0989990234375,410.8299865722656,413.20001220703125,4739334
2025-01-23 17:30:00+00:00,412.3800048828125,412.7423095703125,408.95001220703125,410.8301086425781,5708842
2025-01-23 18:30:00+00:00,410.8900146484375,413.4100036621094,410.3999938964844,412.3800048828125,3767157
2025-01-23 19:30:00+00:00,410.4849853515625,411.68939208984375,409.3299865722656,411.04998779296875,4204113
2025-01-23 20:30:00+00:00,412.3699951171875,412.3800048828125,409.4200134277344,410.46990966796875,4244509
2025-01-24 14:30:00+00:00,414.5498962402344,418.010009765625,411.7099914550781,414.5199890136719,18437059
2025-01-24 15:30:00+00:00,413.510009765625,416.4093933105469,411.7099914550781,414.5299987792969,7437862
2025-01-24 16:30:00+00:00,411.3999938964844,415.69000244140625,410.8399963378906,413.3800964355469,5493396
2025-01-24 17:30:00+00:00,410.2099914550781,412.3800048828125,407.7699890136719,411.34100341796875,5829460
2025-01-24 18:30:00+00:00,407.95001220703125,410.6300048828125,407.2601013183594,410.2099914550781,5381502
2025-01-24 19:30:00+00:00,406.8500061035156,409.75,406.79998779296875,407.92498779296875,4577294
2025-01-24 20:30:00+00:00,406.5350036621094,407.8500061035156,405.7799987792969,406.92510986328125,4577762
2025-01-27 14:30:00+00:00,402.2749938964844,405.7598876953125,393.39300537109375,394.5320129394531,20392868
2025-01-27 15:30:00+00:00,399.2799987792969,406.6698913574219,398.6199951171875,402.2300109863281,7667701
2025-01-27 16:30:00+00:00,397.15478515625,401.5075988769531,395.05010986328125,399.3299865722656,5533368
2025-01-27 17:30:00+00:00,393.9534912109375,398.81988525390625,393.8399963378906,397.06500244140625,4460309
2025-01-27 18:30:00+00:00,396.4599914550781,397.32000732421875,393.4200134277344,393.9599914550781,4002206
2025-01-27 19:30:00+00:00,394.5,396.6098937988281,389.0,396.45001220703125,7026302
2025-01-27 20:30:00+00:00,397.05999755859375,397.45001220703125,392.3999938964844,394.5,4426955
2025-01-28 14:30:00+00:00,393.04998779296875,396.5599060058594,386.5,395.0,13942036
2025-01-28 15:30:00+00:00,388.17999267578125,394.489990234375,387.510009765625,393.0799865722656,6949490
2025-01-28 16:30:00+00:00,393.5220031738281,394.2300109863281,387.4700012207031,388.1099853515625,5252923
2025-01-28 17:30:00+00:00,394.0342102050781,395.67999267578125,392.3500061035156,393.5199890136719,4123575
2025-01-28 18:30:00+00:00,396.3500061035156,396.5899963378906,392.42999267578125,394.1000061035156,3502718
2025-01-28 19:30:00+00:00,400.4100036621094,400.5899963378906,395.6099853515625,396.32000732421875,6238810
2025-01-28 20:30:00+00:00,398.1000061035156,400.30999755859375,397.34490966796875,400.29998779296875,3777704
2025-01-29 14:30:00+00:00,392.0400085449219,398.58990478515625,391.05169677734375,395.19000244140625,11559216
2025-01-29 15:30:00+00:00,389.7650146484375,393.70001220703125,389.4100036621094,392.05999755859375,5957156
2025-01-29 16:30:00+00:00,390.2550048828125,390.8999938964844,387.7348937988281,389.6639099121094,4995242
2025-01-29 17:30:00+00:00,389.9989929199219,391.510009765625,384.7200012207031,390.2749938964844,5691640
2025-01-29 18:30:00+00:00,385.05999755859375,390.55999755859375,385.05999755859375,389.9700012207031,4706590
2025-01-29 19:30:00+00:00,391.1400146484375,391.6899108886719,384.4800109863281,385.1099853515625,8361168
2025-01-29 20:30:00+00:00,388.0299987792969,391.8500061035156,386.8999938964844,391.2799987792969,5136360
2025-01-30 14:30:00+00:00,392.1300048828125,412.5,384.4100036621094,410.5,38277085
2025-01-30 15:30:00+00:00,397.114990234375,397.5400085449219,388.9800109863281,392.3500061035156,11751967
2025-01-30 16:30:00+00:00,399.1099853515625,401.17999267578125,395.80010986328125,397.07000732421875,9660590
2025-01-30 17:30:00+00:00,403.98748779296875,409.1000061035156,398.1650085449219,399.1199951171875,12022190
2025-01-30 18:30:00+00:00,404.1099853515625,406.2900085449219,401.30010986328125,403.8500061035156,6986207
2025-01-30 19:30:00+00:00,406.0277099609375,406.7445068359375,402.0400085449219,404.2049865722656,6968639
2025-01-30 20:30:00+00:00,400.4800109863281,407.5,398.9501037597656,405.8999938964844,7359961
2025-01-31 14:30:00+00:00,414.7785949707031,417.92999267578125,401.42498779296875,401.5150146484375,25170319
2025-01-31 15:30:00+00:00,415.0199890136719,418.44000244140625,413.8800048828125,414.6700134277344,9233301
2025-01-31 16:30:00+00:00,418.4599914550781,419.9800109863281,414.79998779296875,415.1419982910156,8663098
2025-01-31 17:30:00+00:00,415.8970947265625,419.805908203125,415.80999755859375,418.54998779296875,5981017
2025-01-31 18:30:00+00:00,408.5050048828125,416.95989990234375,407.29998779296875,415.8999938964844,12042768
2025-01-31 19:30:00+00:00,402.8500061035156,410.1499938964844,401.4400939941406,408.55938720703125,11400867
2025-01-31 20:30:00+00:00,404.5799865722656,405.3699951171875,402.25,402.7699890136719,6096507
2025-02-03 14:30:00+00:00,384.55999755859375,389.1700134277344,374.3900146484375,386.69000244140625,36603549
2025-02-03 15:30:00+00:00,384.29998779296875,389.1000061035156,382.2301025390625,384.4200134277344,14045165
2025-02-03 16:30:00+00:00,379.4200134277344,387.1028137207031,379.29998779296875,384.3037109375,10245819
2025-02-03 17:30:00+00:00,380.2807922363281,381.42999267578125,377.4100036621094,379.36749267578125,7289977
2025-02-03 18:30:00+00:00,383.4664001464844,385.33990478515625,378.3299865722656,380.385986328125,7021104
2025-02-03 19:30:00+00:00,384.1900939941406,385.2991943359375,383.10540771484375,383.489990234375,5588620
2025-02-03 20:30:00+00:00,383.8599853515625,385.06988525390625,381.3599853515625,384.3399963378906,5498643
2025-02-04 14:30:00+00:00,384.20001220703125,390.7300109863281,382.1300048828125,383.0,16974210
2025-02-04 15:30:00+00:00,383.4649963378906,386.5299987792969,381.3999938964844,384.2699890136719,7514180
2025-02-04 16:30:00+00:00,382.8599853515625,386.8999938964844,382.70001220703125,383.4624938964844,6459369
2025-02-04 17:30:00+00:00,386.82000732421875,387.45001220703125,382.67999267578125,382.95001220703125,4625665
2025-02-04 18:30:00+00:00,387.5398864746094,388.2298889160156,385.0799865722656,386.7799987792969,5080670
2025-02-04 19:30:00+00:00,389.80999755859375,389.9800109863281,385.5191955566406,387.4599914550781,6099070
2025-02-04 20:30:00+00:00,392.3999938964844,394.0,388.8700866699219,389.7799987792969,6908873
2025-02-05 14:30:00+00:00,381.09991455078125,388.3900146484375,380.5199890136719,387.510009765625,17273766
2025-02-05 15:30:00+00:00,382.29998779296875,384.4800109863281,380.0199890136719,380.9949951171875,7226674
2025-02-05 16:30:00+00:00,382.3299865722656,384.9560852050781,381.0199890136719,382.3240051269531,5334918
2025-02-05 17:30:00+00:00,380.4739990234375,382.8399963378906,380.04998779296875,382.3500061035156,4592583
2025-02-05 18:30:00+00:00,379.8971862792969,381.4800109863281,378.0,380.45001220703125,6455253
2025-02-05 19:30:00+00:00,377.8399963378906,380.2900085449219,377.5,379.8999938964844,5386645
2025-02-05 20:30:00+00:00,378.1700134277344,379.3500061035156,375.5299987792969,377.82000732421875,6869429
2025-02-06 14:30:00+00:00,367.57080078125,375.3999938964844,363.17999267578125,373.1050109863281,27724738
2025-02-06 15:30:00+00:00,366.0299987792969,369.14910888671875,363.8500061035156,367.7099914550781,11635831
2025-02-06 16:30:00+00:00,369.54010009765625,370.19000244140625,364.82000732421875,366.05499267578125,8413894
2025-02-06 17:30:00+00:00,371.7699890136719,371.7699890136719,368.3399963378906,369.5400085449219,6189988
2025-02-06 18:30:00+00:00,370.1050109863281,374.0899963378906,369.80999755859375,371.760009765625,7364740
2025-02-06 19:30:00+00:00,369.3599853515625,378.1700134277344,367.4200134277344,370.0899963378906,6654280
2025-02-06 20:30:00+00:00,374.30999755859375,374.32000732421875,369.4200134277344,369.42999267578125,6196275
2025-02-07 14:30:00+00:00,372.30999755859375,380.5458984375,369.1099853515625,370.17999267578125,20544879
2025-02-07 15:30:00+00:00,369.17669677734375,374.7699890136719,367.2799987792969,372.1600036621094,11276843
2025-02-07 16:30:00+00:00,368.7983093261719,370.25,366.30999755859375,369.17498779296875,7246299
2025-02-07 17:30:00+00:00,369.5,371.260009765625,367.55999755859375,368.68450927734375,4641968
2025-02-07 18:30:00+00:00,363.86370849609375,370.0,363.4400939941406,369.55419921875,6280189
2025-02-07 19:30:00+00:00,361.8699951171875,365.57000732421875,361.20001220703125,363.82000732421875,8026032
2025-02-07 20:30:00+00:00,361.489990234375,362.8399963378906,360.3399963378906,361.8528137207031,6786259
2025-02-10 14:30:00+00:00,360.8999938964844,361.75,350.54998779296875,356.239990234375,26149683
2025-02-10 15:30:00+00:00,360.7510070800781,362.70001220703125,358.6249084472656,360.9200134277344,9997298
2025-02-10 16:30:00+00:00,358.4696960449219,362.19989013671875,358.20001220703125,360.7449951171875,6630048
2025-02-10 17:30:00+00:00,359.9504089355469,361.3999938964844,357.6000061035156,358.4599914550781,5833230
2025-02-10 18:30:00+00:00,357.6600036621094,360.0,356.510009765625,359.95001220703125,5767250
2025-02-10 19:30:00+00:00,354.989990234375,357.7300109863281,352.90008544921875,357.6400146484375,8312971
2025-02-10 20:30:00+00:00,350.6400146484375,355.0,350.510009765625,354.9800109863281,8336029
2025-02-11 14:30:00+00:00,343.99029541015625,349.3699951171875,341.79998779296875,344.760009765625,24873778
2025-02-11 15:30:00+00:00,337.3699951171875,345.1658020019531,335.7121887207031,343.92999267578125,18757988
2025-02-11 16:30:00+00:00,334.93499755859375,337.55999755859375,332.70001220703125,337.3299865722656,15643896
2025-02-11 17:30:00+00:00,329.69781494140625,335.05999755859375,329.1199951171875,335.0,13216361
2025-02-11 18:30:00+00:00,332.4849853515625,334.6000061035156,329.1499938964844,329.7298889160156,12201626
2025-02-11 19:30:00+00:00,326.41729736328125,332.7300109863281,326.1099853515625,332.4814147949219,14682047
2025-02-11 20:30:00+00:00,328.6400146484375,328.6499938964844,325.1000061035156,326.5299987792969,11779313
2025-02-12 14:30:00+00:00,338.3208923339844,339.3299865722656,329.1199951171875,329.9800109863281,35586318
2025-02-12 15:30:00+00:00,337.20001220703125,341.1600036621094,336.5199890136719,338.30999755859375,13170245
2025-02-12 16:30:00+00:00,343.360107421875,343.70001220703125,337.1499938964844,337.20001220703125,10429678
2025-02-12 17:30:00+00:00,344.92999267578125,345.6199951171875,342.69000244140625,343.3949890136719,9990698
2025-02-12 18:30:00+00:00,344.92999267578125,345.5799865722656,342.0799865722656,345.0199890136719,7854229
2025-02-12 19:30:00+00:00,345.81500244140625,346.3999938964844,343.9601135253906,344.9490051269531,7971880
2025-02-12 20:30:00+00:00,336.4599914550781,345.9798889160156,335.6600036621094,345.75,12397101
2025-02-13 14:30:00+00:00,354.92999267578125,355.839599609375,342.864990234375,345.0400085449219,28332106
2025-02-13 15:30:00+00:00,352.7550048828125,358.69000244140625,352.2200012207031,355.0,15808870
2025-02-13 16:30:00+00:00,350.20001220703125,352.97900390625,348.1700134277344,352.75,11211954
2025-02-13 17:30:00+00:00,350.4150085449219,352.34991455078125,348.4288024902344,350.19000244140625,7751443
2025-02-13 18:30:00+00:00,352.25,352.9849853515625,349.92999267578125,350.44000244140625,6714390
2025-02-13 19:30:00+00:00,355.0199890136719,355.07989501953125,351.78839111328125,352.25,6512988
2025-02-13 20:30:00+00:00,356.0299987792969,356.8999938964844,353.85009765625,354.9800109863281,7327935
2025-02-14 14:30:00+00:00,352.4179992675781,361.989990234375,351.6000061035156,360.6199951171875,23812203
2025-02-14 15:30:00+00:00,351.54998779296875,353.07000732421875,347.5,352.4798889160156,14124181
2025-02-14 16:30:00+00:00,349.1099853515625,352.739990234375,348.6200866699219,351.54998779296875,6574475
2025-02-14 17:30:00+00:00,351.2296142578125,351.84991455078125,348.8800048828125,349.1300048828125,4948936
2025-02-14 18:30:00+00:00,353.1400146484375,354.54998779296875,351.2001037597656,351.2217102050781,5499643
2025-02-14 19:30:00+00:00,355.8667907714844,356.17999267578125,352.30999755859375,353.1099853515625,5968838
2025-02-14 20:30:00+00:00,355.8999938964844,356.44000244140625,354.2799987792969,355.8299865722656,4756780
2025-02-18 14:30:00+00:00,353.94171142578125,359.1000061035156,352.54998779296875,355.2799987792969,19484469
2025-02-18 15:30:00+00:00,356.2550048828125,357.1799011230469,353.4599914550781,353.95001220703125,6364794
2025-02-18 16:30:00+00:00,354.4200134277344,357.1700134277344,353.79998779296875,356.1400146484375,4488174
2025-02-18 17:30:00+00:00,351.2900085449219,355.2598876953125,350.0199890136719,354.3999938964844,5938609
2025-02-18 18:30:00+00:00,352.6700134277344,353.468994140625,350.5,351.29071044921875,4616889
2025-02-18 19:30:00+00:00,352.760009765625,354.6700134277344,352.3660888671875,352.67999267578125,3772401
2025-02-18 20:30:00+00:00,354.04998779296875,354.3299865722656,352.3299865722656,352.760009765625,3271751
2025-02-19 14:30:00+00:00,363.32000732421875,367.3399963378906,353.7349853515625,353.9700012207031,23980440
2025-02-19 15:30:00+00:00,359.96600341796875,364.2499084472656,359.1400146484375,363.3299865722656,9909197
2025-02-19 16:30:00+00:00,364.60760498046875,365.1376953125,358.260009765625,359.9100036621094,8911581
2025-02-19 17:30:00+00:00,362.8699951171875,364.639892578125,361.590087890625,364.6242980957031,4999031
2025-02-19 18:30:00+00:00,362.55499267578125,364.25,359.6499938964844,362.9599914550781,5514769
2025-02-19 19:30:00+00:00,358.1091003417969,363.3399963378906,357.8699951171875,362.4599914550781,5095267
2025-02-19 20:30:00+00:00,360.6000061035156,361.94000244140625,357.35089111328125,358.0899963378906,4928309
2025-02-20 14:30:00+00:00,352.14410400390625,362.29998779296875,348.0,361.5400085449219,18238926
2025-02-20 15:30:00+00:00,354.19500732421875,354.2799987792969,349.79998779296875,352.05999755859375,7417614
2025-02-20 16:30:00+00:00,353.8999938964844,354.95001220703125,352.6000061035156,354.2300109863281,4266175
2025-02-20 17:30:00+00:00,353.4544982910156,355.32989501953125,351.67999267578125,353.9175109863281,3327636
2025-02-20 18:30:00+00:00,352.9800109863281,353.6499938964844,352.3609924316406,353.42999267578125,2440689
2025-02-20 19:30:00+00:00,353.70001220703125,354.7300109863281,350.8999938964844,352.9200134277344,3939279
2025-02-20 20:30:00+00:00,354.3800048828125,354.8799133300781,352.75,353.6451110839844,2811368
2025-02-21 14:30:00+00:00,348.6499938964844,354.9800109863281,348.610107421875,353.1600036621094,12870148
2025-02-21 15:30:00+00:00,346.0899963378906,348.69000244140625,344.80999755859375,348.6029052734375,10776053
2025-02-21 16:30:00+00:00,340.8900146484375,346.29998779296875,340.1017150878906,346.0400085449219,9198838
2025-02-21 17:30:00+00:00,340.1180114746094,341.2699890136719,337.2109069824219,340.8960876464844,9258720
2025-02-21 18:30:00+00:00,335.6513977050781,342.77911376953125,335.40008544921875,340.1400146484375,8243187
2025-02-21 19:30:00+00:00,336.4049987792969,338.7900085449219,334.4200134277344,335.6300048828125,9707201
2025-02-21 20:30:00+00:00,337.5400085449219,338.25,334.9200134277344,336.4200134277344,7027669
2025-02-24 14:30:00+00:00,326.6000061035156,342.3973083496094,324.70001220703125,340.1499938964844,30995350
2025-02-24 15:30:00+00:00,333.8399963378906,334.20001220703125,326.5,326.6000061035156,9822524
2025-02-24 16:30:00+00:00,337.0299987792969,338.9588928222656,331.8399963378906,333.8891906738281,8532793
2025-02-24 17:30:00+00:00,338.3999938964844,338.8800048828125,335.8999938964844,337.0899963378906,5038472
2025-02-24 18:30:00+00:00,333.4104919433594,338.54998779296875,333.3399963378906,338.3999938964844,5140634
2025-02-24 19:30:00+00:00,331.8680114746094,335.6000061035156,331.7300109863281,333.43499755859375,5546074
2025-02-24 20:30:00+00:00,330.3800048828125,333.6000061035156,329.8900146484375,331.8599853515625,5350028
2025-02-25 14:30:00+00:00,306.3699951171875,327.45001220703125,305.3900146484375,327.1300048828125,37458260
2025-02-25 15:30:00+00:00,301.30999755859375,308.760009765625,300.1099853515625,306.44000244140625,27200545
2025-02-25 16:30:00+00:00,303.4200134277344,306.4656982421875,298.7799987792969,301.3399963378906,17005802
2025-02-25 17:30:00+00:00,302.3699951171875,306.3699951171875,301.7200012207031,303.4949951171875,10123536
2025-02-25 18:30:00+00:00,298.30499267578125,304.2980041503906,297.2511901855469,302.3999938964844,11817592
2025-02-25 19:30:00+00:00,302.70001220703125,304.04998779296875,298.16009521484375,298.30499267578125,12451411
2025-02-25 20:30:00+00:00,302.489990234375,303.739990234375,298.3500061035156,302.67999267578125,10453529
2025-02-26 14:30:00+00:00,295.25,309.0,294.2301025390625,303.7149963378906,26876505
2025-02-26 15:30:00+00:00,298.781005859375,301.0,295.29998779296875,295.29998779296875,14767907
2025-02-26 16:30:00+00:00,300.67999267578125,302.260009765625,297.7502136230469,298.7799987792969,8179642
2025-02-26 17:30:00+00:00,293.4374084472656,301.29998779296875,293.4200134277344,300.6400146484375,10463098
2025-02-26 18:30:00+00:00,290.25,294.8999938964844,289.4100036621094,293.4396057128906,13888438
2025-02-26 19:30:00+00:00,289.01959228515625,292.6300048828125,288.0802001953125,290.25,11429741
2025-02-26 20:30:00+00:00,290.8900146484375,292.67999267578125,288.0400085449219,289.0,8686402
2025-02-27 14:30:00+00:00,293.3599853515625,297.2300109863281,280.8800048828125,291.0,34451993
2025-02-27 15:30:00+00:00,288.3999938964844,293.5199890136719,285.8500061035156,293.32000732421875,13645607
2025-02-27 16:30:00+00:00,285.95001220703125,289.19000244140625,284.3399963378906,288.5174865722656,8878072
2025-02-27 17:30:00+00:00,291.30999755859375,291.6698913574219,284.69000244140625,286.0,9536680
2025-02-27 18:30:00+00:00,284.93890380859375,291.82440185546875,284.6300048828125,291.3299865722656,8688742
2025-02-27 19:30:00+00:00,281.9299011230469,285.92999267578125,281.5,284.95001220703125,12162673
2025-02-27 20:30:00+00:00,281.9599914550781,284.6600036621094,281.2699890136719,281.92999267578125,7161280
2025-02-28 14:30:00+00:00,292.35260009765625,292.55999755859375,273.6000061035156,277.1199951171875,38676673
2025-02-28 15:30:00+00:00,287.94000244140625,293.0,287.42279052734375,292.3949890136719,14240424
2025-02-28 16:30:00+00:00,290.2699890136719,291.92999267578125,287.2001037597656,287.8901062011719,8115386
2025-02-28 17:30:00+00:00,286.1199951171875,290.8489074707031,281.3500061035156,290.239990234375,11343881
2025-02-28 18:30:00+00:00,285.9150085449219,287.4800109863281,282.80999755859375,286.05999755859375,8862670
2025-02-28 19:30:00+00:00,293.26220703125,293.39691162109375,285.17999267578125,285.9100036621094,12087085
2025-02-28 20:30:00+00:00,293.30999755859375,293.6099853515625,288.8900146484375,293.260009765625,9448612
2025-03-03 14:30:00+00:00,300.7300109863281,303.94000244140625,291.70001220703125,300.36749267578125,35304647
2025-03-03 15:30:00+00:00,298.94500732421875,301.69000244140625,294.8599853515625,300.7799987792969,12487012
2025-03-03 16:30:00+00:00,298.4800109863281,302.47900390625,297.44110107421875,298.989990234375,10050129
2025-03-03 17:30:00+00:00,285.4150085449219,298.69989013671875,285.0299987792969,298.4849853515625,16508753
2025-03-03 18:30:00+00:00,286.42498779296875,289.8089904785156,284.7099914550781,285.5086975097656,10088160
2025-03-03 19:30:00+00:00,280.0924072265625,290.260009765625,279.05999755859375,286.42498779296875,13903470
2025-03-03 20:30:00+00:00,284.7799987792969,284.9800109863281,277.29998779296875,280.05999755859375,10701428
2025-03-04 14:30:00+00:00,265.6099853515625,278.2799987792969,261.840087890625,270.79998779296875,43130221
2025-03-04 15:30:00+00:00,262.760498046875,267.81561279296875,262.0751953125,265.57000732421875,14951434
2025-03-04 16:30:00+00:00,271.9891052246094,273.010009765625,262.6117858886719,262.67999267578125,13398335
2025-03-04 17:30:00+00:00,271.135986328125,274.45001220703125,268.6600036621094,271.9100036621094,11449807
2025-03-04 18:30:00+00:00,279.1600036621094,281.489990234375,270.1199951171875,271.1075134277344,12348615
2025-03-04 19:30:00+00:00,283.0299987792969,284.3299865722656,277.67999267578125,279.239990234375,12299820
2025-03-04 20:30:00+00:00,272.0,283.31988525390625,270.33099365234375,282.9549865722656,12383747
2025-03-05 14:30:00+00:00,270.239990234375,278.2698974609375,267.7099914550781,272.9599914550781,30324652
2025-03-05 15:30:00+00:00,270.6000061035156,274.4599914550781,268.79998779296875,270.25,12730856
2025-03-05 16:30:00+00:00,273.18670654296875,274.1488952636719,268.0,270.54998779296875,10689026
2025-03-05 17:30:00+00:00,272.431884765625,276.05999755859375,271.0,273.12750244140625,9153503
2025-03-05 18:30:00+00:00,276.9800109863281,279.1600036621094,271.20001220703125,272.375,9379582
2025-03-05 19:30:00+00:00,276.82000732421875,278.139892578125,273.5199890136719,277.0,8850682
2025-03-05 20:30:00+00:00,279.260009765625,279.5400085449219,275.260009765625,276.739990234375,7015037
2025-03-06 14:30:00+00:00,270.6925048828125,272.1180114746094,264.3999938964844,272.0,26702168
2025-03-06 15:30:00+00:00,269.30999755859375,272.6499938964844,267.5799865722656,270.69500732421875,11485501
2025-03-06 16:30:00+00:00,263.29998779296875,271.239501953125,262.8500061035156,269.3299865722656,12655085
2025-03-06 17:30:00+00:00,262.95001220703125,264.7300109863281,261.7699890136719,263.3399963378906,9098353
2025-03-06 18:30:00+00:00,260.55999755859375,263.55029296875,260.0199890136719,263.0,10864097
2025-03-06 19:30:00+00:00,261.1650085449219,266.6099853515625,260.0199890136719,260.45001220703125,12802598
2025-03-06 20:30:00+00:00,263.42999267578125,264.3399963378906,260.54998779296875,261.1700134277344,8703774
2025-03-07 14:30:00+00:00,260.9493103027344,266.2499084472656,259.090087890625,259.2749938964844,26537801
2025-03-07 15:30:00+00:00,254.38999938964844,261.6000061035156,254.30999755859375,260.8999938964844,15854379
2025-03-07 16:30:00+00:00,256.0400085449219,256.0950012207031,250.72999572753906,254.4199981689453,15145976
2025-03-07 17:30:00+00:00,260.2049865722656,262.8699951171875,254.89999389648438,256.0899963378906,13885689
2025-03-07 18:30:00+00:00,263.1217956542969,264.2684020996094,259.6715087890625,260.2699890136719,9663231
2025-03-07 19:30:00+00:00,261.68609619140625,263.56939697265625,259.2300109863281,263.1499938964844,9220298
2025-03-07 20:30:00+00:00,262.6300048828125,263.5,258.4599914550781,261.5199890136719,8113322
2025-03-10 13:30:00+00:00,239.72999572753906,253.3699951171875,238.88999938964844,252.60000610351562,40927577
2025-03-10 14:30:00+00:00,240.16000366210938,241.49000549316406,237.60000610351562,239.91000366210938,19495395
2025-03-10 15:30:00+00:00,234.3000030517578,243.1092987060547,233.02999877929688,240.14999389648438,20551680
2025-03-10 16:30:00+00:00,227.0500030517578,234.94949340820312,225.58999633789062,234.3300018310547,27825802
2025-03-10 17:30:00+00:00,225.99920654296875,228.85000610351562,224.1300048828125,227.15989685058594,18614538
2025-03-10 18:30:00+00:00,221.5800018310547,227.10000610351562,220.66000366210938,226.02999877929688,23296862
2025-03-10 19:30:00+00:00,222.0800018310547,224.8000030517578,220.19000244140625,221.57000732421875,21582826
2025-03-11 13:30:00+00:00,222.6501007080078,236.2895965576172,222.0,225.2700958251953,58854090
2025-03-11 14:30:00+00:00,228.39999389648438,230.98989868164062,218.02999877929688,222.60000610351562,29364038
2025-03-11 15:30:00+00:00,228.23500061035156,232.6999969482422,225.91000366210938,228.38999938964844,16280892
2025-03-11 16:30:00+00:00,223.80999755859375,230.4499053955078,223.5500030517578,228.3300018310547,12475120
2025-03-11 17:30:00+00:00,233.22799682617188,234.44000244140625,223.5800018310547,223.75,15121712
2025-03-11 18:30:00+00:00,232.6820068359375,237.0648956298828,230.82000732421875,233.1699981689453,20248023
2025-03-11 19:30:00+00:00,230.5,234.99000549316406,229.6199951171875,232.72999572753906,11862356
2025-03-12 13:30:00+00:00,246.89500427246094,251.69000244140625,244.3000030517578,244.65280151367188,50358750
2025-03-12 14:30:00+00:00,244.8206024169922,247.36000061035156,241.10000610351562,247.0,21409822
2025-03-12 15:30:00+00:00,249.3000030517578,249.99000549316406,244.52999877929688,244.8800048828125,13996209
2025-03-12 16:30:00+00:00,250.23989868164062,251.83999633789062,247.39999389648438,249.30999755859375,13689525
2025-03-12 17:30:00+00:00,249.36990356445312,251.10000610351562,245.75,250.1199951171875,11225241
2025-03-12 18:30:00+00:00,247.70350646972656,249.82000732421875,247.4499969482422,249.42999267578125,9348190
2025-03-12 19:30:00+00:00,248.27999877929688,248.3800048828125,245.97999572753906,247.75999450683594,10404480
2025-03-13 13:30:00+00:00,239.4600067138672,248.2899932861328,234.0,248.125,40937913
2025-03-13 14:30:00+00:00,236.14999389648438,240.6999969482422,235.6999969482422,239.4774932861328,14679164
2025-03-13 15:30:00+00:00,235.3699951171875,236.44000244140625,233.52999877929688,236.1300048828125,12748608
2025-03-13 16:30:00+00:00,236.07000732421875,238.49000549316406,234.60009765625,235.39999389648438,10729898
2025-03-13 17:30:00+00:00,240.7100067138672,241.33999633789062,235.4499969482422,236.0399932861328,10646258
2025-03-13 18:30:00+00:00,239.7100067138672,242.60000610351562,239.27000427246094,240.75,10381525
2025-03-13 19:30:00+00:00,240.69000244140625,240.92999267578125,238.1510009765625,239.89999389648438,7160974
2025-03-14 13:30:00+00:00,241.0399932861328,250.639892578125,240.74000549316406,247.30999755859375,30773216
2025-03-14 14:30:00+00:00,248.5950927734375,248.72999572753906,240.8800048828125,241.1300048828125,15845456
2025-03-14 15:30:00+00:00,246.80999755859375,249.75999450683594,246.410400390625,248.5800018310547,12018596
2025-03-14 16:30:00+00:00,247.981201171875,249.66000366210938,246.42149353027344,246.7899932861328,8209748
2025-03-14 17:30:00+00:00,249.10000610351562,249.89999389648438,247.4199981689453,247.99000549316406,7760011
2025-03-14 18:30:00+00:00,248.49000549316406,251.5800018310547,248.0,249.11500549316406,11058332
2025-03-14 19:30:00+00:00,249.98049926757812,250.32989501953125,247.7899932861328,248.50999450683594,8356801
2025-03-17 13:30:00+00:00,237.33799743652344,245.01499938964844,237.1999969482422,244.97000122070312,30737986
2025-03-17 14:30:00+00:00,235.60000610351562,240.44000244140625,234.39999389648438,237.34500122070312,18107269
2025-03-17 15:30:00+00:00,233.3699951171875,236.1300048828125,233.02000427246094,235.60000610351562,14003139
2025-03-17 16:30:00+00:00,236.35499572753906,236.7093963623047,232.8000946044922,233.39999389648438,10683442
2025-03-17 17:30:00+00:00,239.2949981689453,239.32000732421875,235.79010009765625,236.35569763183594,10663875
2025-03-17 18:30:00+00:00,237.45010375976562,240.4199981689453,237.27999877929688,239.2899932861328,10107467
2025-03-17 19:30:00+00:00,237.8000030517578,239.89999389648438,237.14059448242188,237.4499969482422,7704728
2025-03-18 13:30:00+00:00,225.08999633789062,230.10000610351562,222.27999877929688,229.18499755859375,37621940
2025-03-18 14:30:00+00:00,227.9199981689453,228.8800048828125,223.0500030517578,225.0500030517578,17023578
2025-03-18 15:30:00+00:00,229.1699981689453,229.5500030517578,226.91009521484375,227.9199981689453,11342686
2025-03-18 16:30:00+00:00,226.99549865722656,229.24000549316406,226.1300048828125,229.19000244140625,9359556
2025-03-18 17:30:00+00:00,225.13999938964844,227.49920654296875,223.30059814453125,226.9550018310547,10875787
2025-03-18 18:30:00+00:00,226.41720581054688,227.9698944091797,225.125,225.13499450683594,9622196
2025-03-18 19:30:00+00:00,225.47999572753906,226.86000061035156,224.72000122070312,226.4257049560547,6744236
2025-03-19 13:30:00+00:00,231.3332977294922,234.1300048828125,229.2010040283203,231.61000061035156,31129548
2025-03-19 14:30:00+00:00,235.4149932861328,235.5,230.4199981689453,231.30999755859375,13355247
2025-03-19 15:30:00+00:00,235.17999267578125,237.07000732421875,234.6199951171875,235.42999267578125,11939188
2025-03-19 16:30:00+00:00,234.35079956054688,235.20449829101562,233.3699951171875,235.13999938964844,7932142
2025-03-19 17:30:00+00:00,233.4149932861328,235.14999389648438,232.07000732421875,234.3350067138672,10568906
2025-03-19 18:30:00+00:00,235.2969970703125,241.41000366210938,233.4199981689453,233.4199981689453,19909166
2025-03-19 19:30:00+00:00,235.72999572753906,238.14999389648438,235.13999938964844,235.3249969482422,9655736
2025-03-20 13:30:00+00:00,236.5399932861328,238.0,232.1300048828125,233.34500122070312,29460042
2025-03-20 14:30:00+00:00,234.07440185546875,237.07989501953125,233.77000427246094,236.5,11641985
2025-03-20 15:30:00+00:00,231.90980529785156,234.0399932861328,230.0500946044922,234.0399932861328,17476389
2025-03-20 16:30:00+00:00,234.2700958251953,235.6898956298828,231.85890197753906,231.85890197753906,9749691
2025-03-20 17:30:00+00:00,232.47500610351562,236.64999389648438,232.35000610351562,234.35000610351562,9434422
2025-03-20 18:30:00+00:00,233.69000244140625,235.0800018310547,231.88999938964844,232.44000244140625,9232350
2025-03-20 19:30:00+00:00,236.25,236.25999450683594,233.6800994873047,233.7100067138672,6303791
2025-03-21 13:30:00+00:00,238.92990112304688,243.75999450683594,234.5625,234.98500061035156,39806149
2025-03-21 14:30:00+00:00,240.25,242.6790008544922,237.85800170898438,238.9199981689453,14483529
2025-03-21 15:30:00+00:00,244.9499969482422,245.00999450683594,239.27999877929688,240.3000030517578,12846317
2025-03-21 16:30:00+00:00,245.36000061035156,246.8800048828125,244.44000244140625,244.9199981689453,15455552
2025-03-21 17:30:00+00:00,246.0749969482422,247.55999755859375,245.16000366210938,245.3699951171875,10491404
2025-03-21 18:30:00+00:00,245.02499389648438,247.41000366210938,244.52000427246094,246.07000732421875,11428643
2025-03-21 19:30:00+00:00,249.11500549316406,249.49000549316406,244.60000610351562,245.0,12216546
2025-03-24 13:30:00+00:00,274.2099914550781,274.3999938964844,256.3299865722656,258.07501220703125,54989616
2025-03-24 14:30:00+00:00,271.92999267578125,274.7200012207031,270.70050048828125,274.2025146484375,24990314
2025-03-24 15:30:00+00:00,272.31500244140625,273.2799987792969,270.0199890136719,271.92498779296875,15608681
2025-03-24 16:30:00+00:00,274.0400085449219,275.7699890136719,271.7699890136719,272.3312072753906,14529904
2025-03-24 17:30:00+00:00,275.2300109863281,275.45001220703125,273.30999755859375,274.0899963378906,12401941
2025-03-24 18:30:00+00:00,276.1700134277344,276.3500061035156,273.6499938964844,275.239990234375,13880558
2025-03-24 19:30:00+00:00,278.44000244140625,278.6400146484375,275.3800048828125,276.1499938964844,16044092
2025-03-25 13:30:00+00:00,277.154296875,283.5849914550781,271.2799987792969,283.5,53567044
2025-03-25 14:30:00+00:00,277.7300109863281,279.7099914550781,276.1700134277344,277.19000244140625,18994471
2025-03-25 15:30:00+00:00,278.07000732421875,279.20001220703125,275.1499938964844,277.7200012207031,12938374
2025-03-25 16:30:00+00:00,277.2441101074219,280.7200012207031,277.0,278.1199951171875,12487543
2025-03-25 17:30:00+00:00,279.6700134277344,280.627685546875,277.1499938964844,277.260009765625,9764616
2025-03-25 18:30:00+00:00,284.54998779296875,284.8699951171875,279.4410095214844,279.7300109863281,17869280
2025-03-25 19:30:00+00:00,288.1499938964844,288.20001220703125,284.35418701171875,284.5400085449219,15352239
2025-03-26 13:30:00+00:00,275.8699951171875,284.8999938964844,272.6000061035156,282.36151123046875,43411866
2025-03-26 14:30:00+00:00,276.4800109863281,279.3280029296875,275.07000732421875,275.8550109863281,19623500
2025-03-26 15:30:00+00:00,274.3800048828125,277.7799987792969,272.79998779296875,276.5299987792969,15272398
2025-03-26 16:30:00+00:00,270.8949890136719,275.0,269.6499938964844,274.3800048828125,16690062
2025-03-26 17:30:00+00:00,271.67999267578125,273.49969482421875,268.6600036621094,270.8949890136719,15624876
2025-03-26 18:30:00+00:00,267.75421142578125,272.46990966796875,267.2500915527344,271.6216125488281,14116239
2025-03-26 19:30:00+00:00,271.989990234375,272.57281494140625,266.510009765625,267.7799987792969,13813701
2025-03-27 13:30:00+00:00,282.38079833984375,282.5497131347656,271.82159423828125,272.4800109863281,39865040
2025-03-27 14:30:00+00:00,286.9200134277344,291.8399963378906,282.2099914550781,282.4789123535156,32836779
2025-03-27 15:30:00+00:00,280.4100036621094,287.17999267578125,280.260009765625,286.9700012207031,22768054
2025-03-27 16:30:00+00:00,273.92999267578125,281.9104919433594,273.79998779296875,280.42999267578125,20001861
2025-03-27 17:30:00+00:00,276.05999755859375,278.6000061035156,273.7251892089844,273.9599914550781,13066682
2025-03-27 18:30:00+00:00,278.20001220703125,279.6700134277344,275.260009765625,276.04998779296875,12845491
2025-03-27 19:30:00+00:00,273.2300109863281,278.6400146484375,272.05999755859375,278.19000244140625,11541953
2025-03-28 13:30:00+00:00,265.0,276.1000061035156,264.1499938964844,275.5,37328818
2025-03-28 14:30:00+00:00,265.8562927246094,267.3233947753906,260.7900085449219,265.0,23256140
2025-03-28 15:30:00+00:00,263.5,268.1099853515625,261.75,265.75,13777917
2025-03-28 16:30:00+00:00,263.2799987792969,266.0,262.85009765625,263.5484924316406,9844478
2025-03-28 17:30:00+00:00,264.6700134277344,265.3999938964844,262.3599853515625,263.2900085449219,10344490
2025-03-28 18:30:00+00:00,263.05499267578125,265.1733093261719,262.3500061035156,264.75,11184014
2025-03-28 19:30:00+00:00,263.489990234375,264.70001220703125,260.5799865722656,263.05499267578125,10402229
2025-03-31 13:30:00+00:00,245.38999938964844,252.0800018310547,243.360107421875,249.1699981689453,41651785
2025-03-31 14:30:00+00:00,250.85000610351562,252.3000030517578,245.2100067138672,245.36000061035156,18533744
2025-03-31 15:30:00+00:00,254.83999633789062,255.25,250.17999267578125,250.90249633789062,14804221
2025-03-31 16:30:00+00:00,254.25,256.8999938964844,253.66000366210938,254.83999633789062,12407319
2025-03-31 17:30:00+00:00,258.5458984375,258.7799072265625,252.6201934814453,254.3000030517578,12451271
2025-03-31 18:30:00+00:00,256.706787109375,260.3500061035156,256.5,258.5799865722656,14638550
2025-03-31 19:30:00+00:00,259.2699890136719,260.55999755859375,256.3500061035156,256.69000244140625,10888065
2025-04-01 13:30:00+00:00,265.989990234375,268.1199951171875,259.25,263.7349853515625,36961818
2025-04-01 14:30:00+00:00,274.1700134277344,274.8299865722656,265.70001220703125,265.8900146484375,25912140
2025-04-01 15:30:00+00:00,273.7301025390625,277.45001220703125,272.5299987792969,274.19000244140625,19176163
2025-04-01 16:30:00+00:00,273.3384094238281,275.5,271.0,273.7900085449219,15736633
2025-04-01 17:30:00+00:00,269.8500061035156,275.9100036621094,269.1700134277344,273.29998779296875,15097651
2025-04-01 18:30:00+00:00,269.04998779296875,271.0799865722656,267.0899963378906,269.79998779296875,14511371
2025-04-01 19:30:00+00:00,268.4800109863281,271.05999755859375,268.20001220703125,269.0799865722656,10506787
2025-04-02 13:30:00+00:00,263.0299987792969,266.48919677734375,251.27000427246094,254.60000610351562,47891682
2025-04-02 14:30:00+00:00,275.5166015625,276.9800109863281,260.1300048828125,262.9949951171875,31555016
2025-04-02 15:30:00+00:00,283.2200012207031,284.389892578125,273.54998779296875,275.5,36251594
2025-04-02 16:30:00+00:00,283.5799865722656,284.20001220703125,268.4599914550781,283.2099914550781,26505661
2025-04-02 17:30:00+00:00,278.6400146484375,283.9100036621094,268.4599914550781,283.5849914550781,17370739
2025-04-02 18:30:00+00:00,280.6700134277344,283.260009765625,278.3800048828125,278.6099853515625,16539074
2025-04-02 19:30:00+00:00,282.6700134277344,284.989990234375,278.5299987792969,280.6199951171875,15968073
2025-04-03 13:30:00+00:00,267.3575134277344,276.29998779296875,264.0,265.239990234375,42989378
2025-04-03 14:30:00+00:00,265.5799865722656,268.4798889160156,261.510009765625,267.29998779296875,22322398
2025-04-03 15:30:00+00:00,270.8800048828125,271.489990234375,265.0299987792969,265.5400085449219,16312651
2025-04-03 16:30:00+00:00,268.2799987792969,271.6000061035156,267.0,270.9599914550781,13889973
2025-04-03 17:30:00+00:00,267.0877990722656,270.5,266.5799865722656,268.2650146484375,9511327
2025-04-03 18:30:00+00:00,265.8999938964844,270.2200012207031,265.2099914550781,267.0801086425781,13470195
2025-04-03 19:30:00+00:00,267.1400146484375,268.3800048828125,264.8599853515625,265.9549865722656,10037129
2025-04-04 13:30:00+00:00,242.4136962890625,261.0,242.30999755859375,255.3699951171875,51747871
2025-04-04 14:30:00+00:00,243.75,249.02999877929688,236.0,242.47999572753906,36682565
2025-04-04 15:30:00+00:00,241.4199981689453,245.82980346679688,240.6999969482422,243.82000732421875,18147517
2025-04-04 16:30:00+00:00,241.01690673828125,243.19000244140625,239.36000061035156,241.41000366210938,16075365
2025-04-04 17:30:00+00:00,240.23500061035156,246.22999572753906,239.74099731445312,240.9600067138672,14242706
2025-04-04 18:30:00+00:00,242.7899932861328,243.9302978515625,238.4199981689453,240.27000427246094,16660250
2025-04-04 19:30:00+00:00,239.33999633789062,245.2626953125,238.7100067138672,242.6699981689453,14746733
2025-04-07 13:30:00+00:00,228.19000244140625,252.0,214.25,223.0,70541293
2025-04-07 14:30:00+00:00,225.82000732421875,237.19000244140625,224.19500732421875,228.15719604492188,28647416
2025-04-07 15:30:00+00:00,228.85000610351562,231.639892578125,225.13999938964844,225.7082061767578,16177634
2025-04-07 16:30:00+00:00,233.16990661621094,234.65769958496094,225.67010498046875,228.8699951171875,14899541
2025-04-07 17:30:00+00:00,231.55499267578125,237.3699951171875,230.52000427246094,233.0449981689453,15566365
2025-04-07 18:30:00+00:00,229.4499969482422,234.89990234375,227.75010681152344,231.5574951171875,15140109
2025-04-07 19:30:00+00:00,233.2899932861328,234.66000366210938,228.17010498046875,229.44000244140625,11034151
2025-04-08 13:30:00+00:00,247.96600341796875,249.94000244140625,241.343994140625,245.0500030517578,40574099
2025-04-08 14:30:00+00:00,243.4499969482422,250.44000244140625,242.42010498046875,247.97999572753906,22794506
2025-04-08 15:30:00+00:00,237.81500244140625,246.90989685058594,236.60009765625,243.34500122070312,17545794
2025-04-08 16:30:00+00:00,229.64999389648438,238.60000610351562,228.1999969482422,237.77999877929688,22849481
2025-04-08 17:30:00+00:00,229.0863037109375,235.19979858398438,228.84010314941406,229.57000732421875,15928357
2025-04-08 18:30:00+00:00,222.97940063476562,233.61990356445312,220.61599731445312,229.0449981689453,22599545
2025-04-08 19:30:00+00:00,221.5800018310547,223.19000244140625,217.8000030517578,222.97999572753906,18316517
2025-04-09 13:30:00+00:00,231.58999633789062,234.6511993408203,223.88999938964844,224.5625,43055288
2025-04-09 14:30:00+00:00,230.8000030517578,234.27999877929688,226.6300048828125,231.6999969482422,19809688
2025-04-09 15:30:00+00:00,232.65499877929688,233.8300018310547,227.42689514160156,230.82000732421875,14833847
2025-04-09 16:30:00+00:00,246.27310180664062,253.8000030517578,231.8699951171875,232.61000061035156,26109122
2025-04-09 17:30:00+00:00,265.0899963378906,266.8900146484375,232.5500030517578,246.39999389648438,40318863
2025-04-09 18:30:00+00:00,268.4800109863281,269.20989990234375,259.3822021484375,265.05999755859375,31867215
2025-04-09 19:30:00+00:00,272.0,274.69000244140625,267.20001220703125,268.4599914550781,20202687
2025-04-10 13:30:00+00:00,254.38999938964844,262.489990234375,252.80419921875,260.0299987792969,41933295
2025-04-10 14:30:00+00:00,251.25079345703125,257.54998779296875,251.19000244140625,254.55999755859375,18379734
2025-04-10 15:30:00+00:00,241.27499389648438,251.75,239.3300018310547,251.28550720214844,28476084
2025-04-10 16:30:00+00:00,245.85000610351562,250.1300048828125,240.89999389648438,241.27999877929688,23933820
2025-04-10 17:30:00+00:00,254.10000610351562,254.5800018310547,245.0200958251953,245.77499389648438,21021581
2025-04-10 18:30:00+00:00,247.75750732421875,256.5400085449219,247.7100067138672,254.13999938964844,21399172
2025-04-10 19:30:00+00:00,252.39999389648438,253.4398956298828,245.13999938964844,247.7899932861328,14548739
2025-04-11 13:30:00+00:00,244.85000610351562,257.739990234375,244.5800018310547,251.83999633789062,36039860
2025-04-11 14:30:00+00:00,243.89999389648438,249.75,242.15499877929688,244.89500427246094,19844440
2025-04-11 15:30:00+00:00,242.22000122070312,246.0,241.36289978027344,243.9499969482422,14209301
2025-04-11 16:30:00+00:00,245.52499389648438,251.22000122070312,242.2010040283203,242.22500610351562,19611723
2025-04-11 17:30:00+00:00,248.52999877929688,250.4199981689453,245.05999755859375,245.52980041503906,13344535
2025-04-11 18:30:00+00:00,250.4149932861328,251.46200561523438,246.57000732421875,248.57000732421875,11321490
2025-04-11 19:30:00+00:00,252.17999267578125,252.32000732421875,248.70010375976562,250.3699951171875,8993721
2025-04-14 13:30:00+00:00,257.2650146484375,261.79998779296875,252.4600067138672,258.32501220703125,27632331
2025-04-14 14:30:00+00:00,248.93499755859375,258.57000732421875,248.58999633789062,257.2650146484375,15832725
2025-04-14 15:30:00+00:00,247.0050048828125,250.47000122070312,246.2801055908203,248.9499969482422,14600593
2025-04-14 16:30:00+00:00,247.99000549316406,249.67999267578125,245.92999267578125,246.9499969482422,10166294
2025-04-14 17:30:00+00:00,249.19000244140625,249.89999389648438,247.1999969482422,247.97000122070312,7042681
2025-04-14 18:30:00+00:00,253.43609619140625,254.14999389648438,248.85000610351562,249.23289489746094,11169743
2025-04-14 19:30:00+00:00,252.36000061035156,256.0,251.9199981689453,253.44000244140625,8545474
2025-04-15 13:30:00+00:00,254.11000061035156,257.8599853515625,247.5500030517578,249.86000061035156,28038577
2025-04-15 14:30:00+00:00,255.22579956054688,258.75,254.14920043945312,254.14920043945312,13615895
2025-04-15 15:30:00+00:00,255.22000122070312,256.29998779296875,254.0500030517578,255.2899932861328,7756420
2025-04-15 16:30:00+00:00,252.14990234375,255.64999389648438,251.58999633789062,255.22999572753906,7887018
2025-04-15 17:30:00+00:00,251.9217071533203,253.92990112304688,250.83999633789062,252.0800018310547,7150101
2025-04-15 18:30:00+00:00,252.12969970703125,253.64199829101562,251.66000366210938,251.88250732421875,6358032
2025-04-15 19:30:00+00:00,254.1199951171875,254.2342987060547,252.05999755859375,252.11500549316406,4775502
2025-04-16 13:30:00+00:00,250.04710388183594,250.83999633789062,247.0301055908203,247.69000244140625,20622783
2025-04-16 14:30:00+00:00,250.79989624023438,251.35000610351562,248.1699981689453,250.0500030517578,10807537
2025-04-16 15:30:00+00:00,247.31500244140625,251.97000122070312,246.67999267578125,250.8000030517578,10165100
2025-04-16 16:30:00+00:00,246.6199951171875,248.25999450683594,245.1999969482422,247.30999755859375,8708344
2025-04-16 17:30:00+00:00,240.74000549316406,246.7220001220703,239.3699951171875,246.6699981689453,18905899
2025-04-16 18:30:00+00:00,234.3800048828125,240.99000549316406,233.88999938964844,240.72500610351562,18134989
2025-04-16 19:30:00+00:00,241.5500030517578,241.74000549316406,234.39999389648438,234.40499877929688,14481295
2025-04-17 13:30:00+00:00,238.8000946044922,244.33999633789062,238.65109252929688,243.39500427246094,23277613
2025-04-17 14:30:00+00:00,239.4499969482422,242.25,237.6833038330078,238.8800048828125,12291126
2025-04-17 15:30:00+00:00,241.781005859375,242.10000610351562,238.47000122070312,239.5,9929995
2025-04-17 16:30:00+00:00,239.34339904785156,242.55999755859375,239.3009033203125,241.83349609375,7433686
2025-04-17 17:30:00+00:00,241.24000549316406,242.16000366210938,238.75,239.39999389648438,7071337
2025-04-17 18:30:00+00:00,239.23980712890625,242.10000610351562,238.89999389648438,241.27000427246094,7811255
2025-04-17 19:30:00+00:00,241.5399932861328,241.75,239.14500427246094,239.27439880371094,8322309
2025-04-21 13:30:00+00:00,225.00999450683594,232.2100067138672,223.6699981689453,229.5,29074210
2025-04-21 14:30:00+00:00,224.73500061035156,226.85000610351562,223.94000244140625,225.00999450683594,11873070
2025-04-21 15:30:00+00:00,224.82000732421875,225.5500030517578,223.42999267578125,224.7899932861328,9585570
2025-04-21 16:30:00+00:00,223.4600067138672,226.07000732421875,223.17320251464844,224.81500244140625,7918037
2025-04-21 17:30:00+00:00,224.42320251464844,224.61000061035156,222.8000030517578,223.4499969482422,7392789
2025-04-21 18:30:00+00:00,224.57000732421875,225.22000122070312,223.25,224.36000061035156,8761204
2025-04-21 19:30:00+00:00,227.4499969482422,227.8699951171875,224.52000427246094,224.52999877929688,9457202
2025-04-22 13:30:00+00:00,235.96009826660156,237.80999755859375,230.10000610351562,230.34140014648438,25643137
2025-04-22 14:30:00+00:00,238.11000061035156,239.3800048828125,234.62890625,235.9683074951172,13692143
2025-04-22 15:30:00+00:00,241.83999633789062,242.7899932861328,237.65109252929688,238.13999938964844,14784535
2025-04-22 16:30:00+00:00,235.8699951171875,242.07989501953125,235.64999389648438,241.88900756835938,12002774
2025-04-22 17:30:00+00:00,238.25999450683594,238.49000549316406,234.46270751953125,235.86500549316406,11098805
2025-04-22 18:30:00+00:00,235.38999938964844,238.5,235.25,238.24000549316406,9141686
2025-04-22 19:30:00+00:00,238.14999389648438,238.33999633789062,235.1300048828125,235.38999938964844,10096132
2025-04-23 13:30:00+00:00,254.63499450683594,255.47000122070312,244.42999267578125,254.86000061035156,51992931
2025-04-23 14:30:00+00:00,254.74879455566406,259.44000244140625,254.11000061035156,254.58999633789062,27652558
2025-04-23 15:30:00+00:00,252.6199951171875,256.07000732421875,251.0800018310547,254.75,15951477
2025-04-23 16:30:00+00:00,255.9149932861328,257.34039306640625,252.2012939453125,252.625,12332601
2025-04-23 17:30:00+00:00,256.5,258.2298889160156,254.7899932861328,255.99000549316406,11448301
2025-04-23 18:30:00+00:00,252.3800048828125,257.85211181640625,252.05999755859375,256.5199890136719,12131548
2025-04-23 19:30:00+00:00,250.7899932861328,253.4499969482422,250.33999633789062,252.4199981689453,10336844
2025-04-24 13:30:00+00:00,256.389892578125,258.1494140625,249.1999969482422,249.5050048828125,29388587
2025-04-24 14:30:00+00:00,254.80369567871094,257.510009765625,253.69009399414062,256.2950134277344,14371735
2025-04-24 15:30:00+00:00,254.84939575195312,255.39999389648438,252.47000122070312,254.80569458007812,11479866
2025-04-24 16:30:00+00:00,255.36000061035156,256.1000061035156,253.61000061035156,254.8300018310547,7701678
2025-04-24 17:30:00+00:00,257.1680908203125,257.239990234375,254.57009887695312,255.36000061035156,6987829
2025-04-24 18:30:00+00:00,255.95010375976562,257.989990234375,254.90499877929688,257.1700134277344,9138897
2025-04-24 19:30:00+00:00,259.510009765625,259.5400085449219,255.9600067138672,256.0,8359222
2025-04-25 13:30:00+00:00,270.625,271.2200012207031,259.6300048828125,263.0950012207031,37287923
2025-04-25 14:30:00+00:00,279.5201110839844,279.989990234375,269.739990234375,270.6499938964844,34773861
2025-04-25 15:30:00+00:00,284.3999938964844,284.55999755859375,278.90008544921875,279.5451965332031,24202519
2025-04-25 16:30:00+00:00,286.6499938964844,286.8500061035156,283.760009765625,284.4100036621094,17486483
2025-04-25 17:30:00+00:00,284.2308044433594,286.6400146484375,281.04998779296875,286.6400146484375,17487896
2025-04-25 18:30:00+00:00,282.55999755859375,286.0,282.2601013183594,284.2349853515625,13080832
2025-04-25 19:30:00+00:00,284.875,285.42999267578125,281.70001220703125,282.55499267578125,12767488
2025-04-28 13:30:00+00:00,286.4750061035156,294.8599853515625,283.4100036621094,289.0398864746094,48056437
2025-04-28 14:30:00+00:00,274.07000732421875,287.5,273.7799987792969,286.4237976074219,28147697
2025-04-28 15:30:00+00:00,274.6083068847656,277.7699890136719,272.4200134277344,274.0199890136719,18574605
2025-04-28 16:30:00+00:00,276.51409912109375,278.4200134277344,274.4306945800781,274.6400146484375,12190401
2025-04-28 17:30:00+00:00,280.94281005859375,281.82000732421875,275.3900146484375,276.55499267578125,12914397
2025-04-28 18:30:00+00:00,284.6492004394531,285.17999267578125,280.2300109863281,280.95001220703125,13648053
2025-04-28 19:30:00+00:00,285.8789978027344,286.7200012207031,283.8999938964844,284.6300048828125,10158741
2025-04-29 13:30:00+00:00,281.3999938964844,289.29998779296875,279.7099914550781,285.4775085449219,33674447
2025-04-29 14:30:00+00:00,281.9100036621094,283.6328125,279.4695129394531,281.4056091308594,16042828
2025-04-29 15:30:00+00:00,282.760009765625,284.79998779296875,280.8999938964844,281.9100036621094,10652401
2025-04-29 16:30:00+00:00,284.8900146484375,285.67999267578125,282.70001220703125,282.7369079589844,10573605
2025-04-29 17:30:00+00:00,285.74560546875,286.8699951171875,284.1499938964844,284.9100036621094,8851568
2025-04-29 18:30:00+00:00,286.8595886230469,286.8595886230469,284.9200134277344,285.75,7790412
2025-04-29 19:30:00+00:00,292.0104064941406,293.2900085449219,286.8453063964844,286.8599853515625,14073915
2025-04-30 13:30:00+00:00,277.0815124511719,280.44000244140625,270.7900085449219,279.8699951171875,38781428
2025-04-30 14:30:00+00:00,279.04998779296875,281.4200134277344,274.3500061035156,277.06988525390625,18497602
2025-04-30 15:30:00+00:00,276.17999267578125,279.79998779296875,275.989990234375,279.0325012207031,11836499
2025-04-30 16:30:00+00:00,278.0299987792969,278.1400146484375,275.1600036621094,276.17498779296875,10865425
2025-04-30 17:30:00+00:00,279.2080078125,281.1600036621094,277.7300109863281,277.989990234375,12331311
2025-04-30 18:30:00+00:00,281.3999938964844,282.6993103027344,277.8399963378906,279.1199951171875,13397450
2025-04-30 19:30:00+00:00,282.1171875,284.45001220703125,281.3599853515625,281.4200134277344,9906858
2025-05-01 13:30:00+00:00,286.2200012207031,287.2189025878906,279.9800109863281,280.0799865722656,27371768
2025-05-01 14:30:00+00:00,287.25,290.8688049316406,285.9599914550781,286.2699890136719,19656421
2025-05-01 15:30:00+00:00,284.130615234375,287.4397888183594,282.29998779296875,287.30499267578125,13206331
2025-05-01 16:30:00+00:00,284.0899963378906,285.760009765625,282.5199890136719,284.14990234375,9096670
2025-05-01 17:30:00+00:00,283.1400146484375,284.2900085449219,281.760009765625,284.1199951171875,8738330
2025-05-01 18:30:00+00:00,283.44500732421875,284.5799865722656,282.54998779296875,283.1400146484375,6746317
2025-05-01 19:30:00+00:00,280.510009765625,284.6492919921875,279.80999755859375,283.4197998046875,7919923
2025-05-02 13:30:00+00:00,283.23431396484375,287.94000244140625,279.80999755859375,285.010009765625,24841291
2025-05-02 14:30:00+00:00,285.25,287.3999938964844,282.010009765625,283.2699890136719,16073738
2025-05-02 15:30:00+00:00,289.0799865722656,290.3299865722656,285.0058898925781,285.260009765625,14822734
2025-05-02 16:30:00+00:00,292.20001220703125,294.489990234375,288.79998779296875,289.1000061035156,18122414
2025-05-02 17:30:00+00:00,293.1600036621094,294.7799987792969,291.6099853515625,292.1700134277344,11107638
2025-05-02 18:30:00+00:00,289.755615234375,294.08709716796875,288.6199951171875,293.1549987792969,14162950
2025-05-02 19:30:00+00:00,287.25,289.80999755859375,285.7699890136719,289.739990234375,10741485
2025-05-05 13:30:00+00:00,276.14801025390625,284.79998779296875,275.625,284.57000732421875,26861246
2025-05-05 14:30:00+00:00,276.7900085449219,277.5799865722656,274.3999938964844,276.1700134277344,15605339
2025-05-05 15:30:00+00:00,277.26971435546875,277.8500061035156,274.79998779296875,276.7699890136719,10012743
2025-05-05 16:30:00+00:00,280.4800109863281,280.92449951171875,277.1000061035156,277.2528991699219,10448583
2025-05-05 17:30:00+00:00,281.8299865722656,282.04998779296875,279.6099853515625,280.5400085449219,7912573
2025-05-05 18:30:00+00:00,281.74920654296875,283.389892578125,280.5899963378906,281.82000732421875,10907702
2025-05-05 19:30:00+00:00,280.20001220703125,282.2699890136719,279.30999755859375,281.7200012207031,6865353
2025-05-06 13:30:00+00:00,274.614990234375,277.7300109863281,271.3599853515625,273.0899963378906,25773518
2025-05-06 14:30:00+00:00,275.7349853515625,275.94989013671875,273.70001220703125,274.6340026855469,9700783
2025-05-06 15:30:00+00:00,273.44000244140625,276.1499938964844,272.25,275.66009521484375,10679924
2025-05-06 16:30:00+00:00,273.7156982421875,274.54998779296875,272.9800109863281,273.2699890136719,6590006
2025-05-06 17:30:00+00:00,275.0,275.1726989746094,272.75,273.7200012207031,6816119
2025-05-06 18:30:00+00:00,276.0199890136719,276.4794921875,274.3500061035156,274.94000244140625,6484599
2025-05-06 19:30:00+00:00,275.25,276.7096862792969,275.0299987792969,275.989990234375,5056103
2025-05-07 13:30:00+00:00,276.4599914550781,277.9200134277344,273.760009765625,276.81500244140625,18179042
2025-05-07 14:30:00+00:00,273.3450012207031,277.1700134277344,272.95001220703125,276.4543151855469,10340514
2025-05-07 15:30:00+00:00,272.7699890136719,273.88519287109375,272.1300964355469,273.28570556640625,6927070
2025-05-07 16:30:00+00:00,275.3699951171875,275.57000732421875,272.6401062011719,272.7799987792969,5370625
2025-05-07 17:30:00+00:00,273.4508056640625,275.989990234375,271.010009765625,275.37030029296875,9540816
2025-05-07 18:30:00+00:00,273.1300048828125,275.8599853515625,272.9100036621094,273.3900146484375,9470886
2025-05-07 19:30:00+00:00,276.17999267578125,277.25,272.5000915527344,273.14990234375,7385022
2025-05-08 13:30:00+00:00,281.8999938964844,286.739990234375,279.4100036621094,279.6300048828125,28056268
2025-05-08 14:30:00+00:00,286.6700134277344,287.1199951171875,280.6099853515625,281.9200134277344,14141596
2025-05-08 15:30:00+00:00,287.29998779296875,289.79998779296875,286.31109619140625,286.69000244140625,16579504
2025-05-08 16:30:00+00:00,287.07159423828125,288.67999267578125,286.1199951171875,287.3290100097656,8013585
2025-05-08 17:30:00+00:00,287.5201110839844,288.5599060058594,286.25,287.1099853515625,7341108
2025-05-08 18:30:00+00:00,289.0199890136719,289.7900085449219,286.8299865722656,287.57000732421875,9029018
2025-05-08 19:30:00+00:00,284.8900146484375,289.4599914550781,284.6099853515625,289.0199890136719,7436297
2025-05-09 13:30:00+00:00,302.17999267578125,307.0400085449219,290.03900146484375,292.0899963378906,50352062
2025-05-09 14:30:00+00:00,298.6600036621094,304.2598876953125,297.2300109863281,302.2049865722656,25052984
2025-05-09 15:30:00+00:00,296.6300048828125,299.9798889160156,296.3299865722656,298.6329040527344,12846873
2025-05-09 16:30:00+00:00,297.8999938964844,298.6000061035156,296.3399963378906,296.7298889160156,8692841
2025-05-09 17:30:00+00:00,298.4549865722656,301.0799865722656,297.5199890136719,297.9599914550781,11375914
2025-05-09 18:30:00+00:00,297.80999755859375,298.96990966796875,296.510009765625,298.45220947265625,9619696
2025-05-09 19:30:00+00:00,298.1017150878906,299.6199951171875,296.85009765625,297.79998779296875,8265009
2025-05-12 13:30:00+00:00,315.17999267578125,322.20001220703125,311.5,321.93499755859375,45262031
2025-05-12 14:30:00+00:00,319.7799987792969,320.30999755859375,313.8500061035156,315.2300109863281,16901927
2025-05-12 15:30:00+00:00,318.5899963378906,320.8699951171875,317.510009765625,319.7672119140625,10245416
2025-05-12 16:30:00+00:00,318.29058837890625,319.45001220703125,317.010009765625,318.69500732421875,7895396
2025-05-12 17:30:00+00:00,317.0199890136719,319.83819580078125,316.989990234375,318.3349914550781,7564254
2025-05-12 18:30:00+00:00,316.3450012207031,318.091796875,316.1401062011719,317.0899963378906,9148837
2025-05-12 19:30:00+00:00,318.6199951171875,318.7699890136719,316.1400146484375,316.3450012207031,7404623
2025-05-13 13:30:00+00:00,322.4949951171875,326.06988525390625,316.79998779296875,319.9549865722656,35114363
2025-05-13 14:30:00+00:00,321.5150146484375,324.5,318.78271484375,322.4700927734375,16894545
2025-05-13 15:30:00+00:00,321.7200012207031,322.9700012207031,320.42999267578125,321.6000061035156,8656624
2025-05-13 16:30:00+00:00,329.44000244140625,329.489990234375,321.4700012207031,321.7200012207031,16172144
2025-05-13 17:30:00+00:00,336.05120849609375,337.5893859863281,328.6700134277344,329.3900146484375,27225445
2025-05-13 18:30:00+00:00,334.9901123046875,337.1199951171875,333.8800048828125,336.1099853515625,14391115
2025-05-13 19:30:00+00:00,333.92999267578125,336.1820068359375,331.80999755859375,335.0299987792969,10716982
2025-05-14 13:30:00+00:00,340.28009033203125,345.5,337.0,342.4599914550781,41076412
2025-05-14 14:30:00+00:00,342.7322082519531,343.4800109863281,337.45001220703125,340.3900146484375,15960512
2025-05-14 15:30:00+00:00,347.2300109863281,350.0,342.5299987792969,342.739990234375,22342627
2025-05-14 16:30:00+00:00,344.57000732421875,349.2099914550781,343.239990234375,347.2369079589844,14152641
2025-05-14 17:30:00+00:00,346.726806640625,349.29998779296875,343.3100891113281,344.5950012207031,13128387
2025-05-14 18:30:00+00:00,347.92999267578125,350.0,346.41070556640625,346.7099914550781,13117562
2025-05-14 19:30:00+00:00,347.4327087402344,348.8900146484375,345.510009765625,347.8999938964844,9744188
2025-05-15 13:30:00+00:00,338.0375061035156,342.25,336.32000732421875,340.3450012207031,31813999
2025-05-15 14:30:00+00:00,339.1600036621094,339.69000244140625,334.7153015136719,338.0350036621094,15402099
2025-05-15 15:30:00+00:00,342.44500732421875,343.1300048828125,338.4200134277344,339.10009765625,10298326
2025-05-15 16:30:00+00:00,345.3800048828125,346.1393127441406,341.8299865722656,342.42999267578125,10960248
2025-05-15 17:30:00+00:00,343.2900085449219,345.4800109863281,341.6499938964844,345.44000244140625,8985220
2025-05-15 18:30:00+00:00,339.8399963378906,344.0199890136719,339.6000061035156,343.25,9021958
2025-05-15 19:30:00+00:00,342.7283935546875,344.1600036621094,339.8399963378906,339.8399963378906,7517899
2025-05-16 13:30:00+00:00,346.2200012207031,351.6199951171875,342.8800048828125,347.8450012207031,31585009
2025-05-16 14:30:00+00:00,347.7049865722656,347.8999938964844,342.3299865722656,346.19000244140625,14940828
2025-05-16 15:30:00+00:00,347.6600036621094,349.29998779296875,346.94000244140625,347.6600036621094,10295194
2025-05-16 16:30:00+00:00,347.8699951171875,348.4200134277344,346.2900085449219,347.6499938964844,6430939
2025-05-16 17:30:00+00:00,347.3299865722656,348.760009765625,346.8599853515625,347.9200134277344,5388465
2025-05-16 18:30:00+00:00,348.80999755859375,349.42999267578125,346.95001220703125,347.3800048828125,8362872
2025-05-16 19:30:00+00:00,349.79998779296875,349.92999267578125,347.8599853515625,348.8299865722656,7963739
2025-05-19 13:30:00+00:00,339.9028015136719,343.0,333.3800048828125,338.0,32190525
2025-05-19 14:30:00+00:00,337.5150146484375,340.6382141113281,337.2200012207031,339.88079833984375,10486033
2025-05-19 15:30:00+00:00,338.6449890136719,339.55999755859375,333.79998779296875,337.5,8595650
2025-05-19 16:30:00+00:00,342.00738525390625,342.85040283203125,337.760009765625,338.69000244140625,9882764
2025-05-19 17:30:00+00:00,339.8299865722656,342.3900146484375,334.7799987792969,342.0,7609617
2025-05-19 18:30:00+00:00,341.3450012207031,342.0899963378906,339.6600036621094,339.8299865722656,6813756
2025-05-19 19:30:00+00:00,341.92999267578125,342.7699890136719,341.2200012207031,341.3299865722656,6759962
2025-05-20 13:30:00+00:00,345.5400085449219,354.57330322265625,342.86749267578125,347.94000244140625,40152062
2025-05-20 14:30:00+00:00,346.2950134277344,347.07000732421875,344.6300048828125,345.5199890136719,10530582
2025-05-20 15:30:00+00:00,349.2900085449219,350.13958740234375,345.8800048828125,346.29998779296875,14257122
2025-05-20 16:30:00+00:00,350.3599853515625,352.1499938964844,349.2312927246094,349.29998779296875,13888892
2025-05-20 17:30:00+00:00,349.8900146484375,354.98040771484375,349.0,350.3399963378906,17710461
2025-05-20 18:30:00+00:00,344.7349853515625,350.1600036621094,341.6300048828125,349.79998779296875,20995600
2025-05-20 19:30:00+00:00,343.760009765625,345.8599853515625,342.7699890136719,344.79998779296875,8610508
2025-05-21 13:30:00+00:00,342.6199035644531,347.2200012207031,342.1199951171875,344.42999267578125,25194933
2025-05-21 14:30:00+00:00,345.3399963378906,346.20001220703125,341.54998779296875,342.6300048828125,13507862
2025-05-21 15:30:00+00:00,346.375,346.79998779296875,343.5799865722656,345.3399963378906,9339085
2025-05-21 16:30:00+00:00,336.0,347.3500061035156,335.5400085449219,346.3900146484375,13507219
2025-05-21 17:30:00+00:00,337.1300048828125,340.22979736328125,334.5,336.0263977050781,14353158
2025-05-21 18:30:00+00:00,333.3299865722656,338.4898986816406,332.20001220703125,337.17999267578125,11817469
2025-05-21 19:30:00+00:00,334.5299987792969,336.7799987792969,333.2325134277344,333.3299865722656,7846882
2025-05-22 13:30:00+00:00,340.69500732421875,341.0899963378906,331.3900146484375,331.94000244140625,29844638
2025-05-22 14:30:00+00:00,342.9518127441406,344.5299987792969,338.8599853515625,340.67999267578125,16192574
2025-05-22 15:30:00+00:00,342.239990234375,344.010009765625,341.70001220703125,342.9100036621094,9117127
2025-05-22 16:30:00+00:00,344.7799987792969,345.1499938964844,341.510009765625,342.25,7964980
2025-05-22 17:30:00+00:00,345.135009765625,345.989990234375,343.9800109863281,344.760009765625,8170798
2025-05-22 18:30:00+00:00,346.4700012207031,347.2699890136719,344.94281005859375,345.135009765625,10391308
2025-05-22 19:30:00+00:00,340.9800109863281,346.510009765625,340.6499938964844,346.4700012207031,9884659
2025-05-23 13:30:00+00:00,335.6499938964844,338.6499938964844,333.2099914550781,337.5150146484375,29400172
2025-05-23 14:30:00+00:00,337.2900085449219,338.8500061035156,335.1600036621094,335.6499938964844,11702741
2025-05-23 15:30:00+00:00,339.17999267578125,340.6400146484375,336.27069091796875,337.2300109863281,9549923
2025-05-23 16:30:00+00:00,343.03948974609375,343.17999267578125,338.3118896484375,339.20001220703125,9352345
2025-05-23 17:30:00+00:00,340.5199890136719,343.08990478515625,339.3371887207031,343.0299987792969,8429223
2025-05-23 18:30:00+00:00,340.3550109863281,341.7699890136719,339.6335144042969,340.4649963378906,6739873
2025-05-23 19:30:00+00:00,339.3900146484375,341.2900085449219,339.0199890136719,340.30999755859375,6055857
2025-05-27 13:30:00+00:00,356.32989501953125,357.6000061035156,347.32000732421875,347.3500061035156,36070780
2025-05-27 14:30:00+00:00,355.1099853515625,357.4599914550781,354.3900146484375,356.32000732421875,12519857
2025-05-27 15:30:00+00:00,358.30999755859375,359.3039855957031,354.8299865722656,355.0950012207031,12077050
2025-05-27 16:30:00+00:00,361.5075988769531,363.0,358.1300048828125,358.2908020019531,13683368
2025-05-27 17:30:00+00:00,362.0,363.7900085449219,360.8999938964844,361.489990234375,11094675
2025-05-27 18:30:00+00:00,359.8900146484375,362.4700012207031,358.6000061035156,362.0,13018958
2025-05-27 19:30:00+00:00,362.7510070800781,363.0,357.79998779296875,359.8999938964844,11523217
2025-05-28 13:30:00+00:00,361.6300048828125,365.0,358.6400146484375,364.8399963378906,31479971
2025-05-28 14:30:00+00:00,362.95001220703125,363.3799133300781,360.4306945800781,361.7008972167969,10593414
2025-05-28 15:30:00+00:00,361.1300048828125,363.3799133300781,360.79998779296875,363.010009765625,7382718
2025-05-28 16:30:00+00:00,362.6199951171875,362.8699951171875,360.510009765625,361.1099853515625,6467960
2025-05-28 17:30:00+00:00,361.4200134277344,363.989990234375,361.2601013183594,362.5799865722656,7489665
2025-05-28 18:30:00+00:00,359.03900146484375,361.69989013671875,357.3599853515625,361.4599914550781,10922682
2025-05-28 19:30:00+00:00,356.9200134277344,359.1000061035156,355.9100036621094,359.0,7592388
2025-05-29 13:30:00+00:00,362.0299987792969,367.7099914550781,359.4400939941406,365.0,27014785
2025-05-29 14:30:00+00:00,364.0820007324219,364.75,361.75,361.9599914550781,12177062
2025-05-29 15:30:00+00:00,362.43011474609375,364.3800048828125,360.3999938964844,364.04449462890625,8935970
2025-05-29 16:30:00+00:00,361.114990234375,363.6600036621094,360.6600036621094,362.44000244140625,6682661
2025-05-29 17:30:00+00:00,357.260009765625,362.4100036621094,356.0,361.14990234375,11660498
2025-05-29 18:30:00+00:00,358.1499938964844,359.95001220703125,357.2850036621094,357.32000732421875,8270734
2025-05-29 19:30:00+00:00,358.45001220703125,359.6199035644531,357.0400085449219,358.1300048828125,6049230
2025-05-30 13:30:00+00:00,361.8550109863281,361.95001220703125,353.82000732421875,356.3598937988281,22830464
2025-05-30 14:30:00+00:00,360.9100036621094,363.67999267578125,359.3500061035156,361.8299865722656,14514629
2025-05-30 15:30:00+00:00,354.07501220703125,361.5694885253906,353.6000061035156,360.8800048828125,11651497
2025-05-30 16:30:00+00:00,348.4064025878906,354.20001220703125,345.2900085449219,354.0199890136719,19292699
2025-05-30 17:30:00+00:00,350.6000061035156,351.8994140625,347.5799865722656,348.375,11240404
2025-05-30 18:30:00+00:00,351.6683044433594,352.42999267578125,348.45001220703125,350.6300048828125,10941828
2025-05-30 19:30:00+00:00,345.760009765625,352.2799987792969,345.45001220703125,351.6700134277344,12567137
2025-06-02 13:30:00+00:00,338.5028076171875,348.010009765625,335.5,342.75,28160125
2025-06-02 14:30:00+00:00,336.1099853515625,339.0,333.3299865722656,338.539794921875,15018003
2025-06-02 15:30:00+00:00,338.6700134277344,338.8493957519531,335.3800048828125,336.1086120605469,7815688
2025-06-02 16:30:00+00:00,338.2099914550781,339.010009765625,337.0299987792969,338.5899963378906,5922392
2025-06-02 17:30:00+00:00,341.05999755859375,341.25,337.8699951171875,338.2449951171875,8055883
2025-06-02 18:30:00+00:00,342.1000061035156,342.599609375,339.760009765625,341.072998046875,7170455
2025-06-02 19:30:00+00:00,342.70001220703125,343.05999755859375,340.67999267578125,342.07000732421875,6050064
2025-06-03 13:30:00+00:00,346.0299987792969,350.2200012207031,343.85009765625,346.5950012207031,24175853
2025-06-03 14:30:00+00:00,350.8699951171875,351.76470947265625,345.6000061035156,346.0299987792969,12799034
2025-06-03 15:30:00+00:00,352.526611328125,352.67999267578125,349.8599853515625,350.8299865722656,8022436
2025-06-03 16:30:00+00:00,354.4800109863281,355.3999938964844,352.4200134277344,352.510009765625,9301525
2025-06-03 17:30:00+00:00,347.55560302734375,354.53460693359375,344.7200012207031,354.49920654296875,17085583
2025-06-03 18:30:00+00:00,348.6000061035156,350.2799987792969,347.45001220703125,347.5299987792969,10710680
2025-06-03 19:30:00+00:00,344.4700012207031,348.5899963378906,343.0400085449219,348.5799865722656,10878002
2025-06-04 13:30:00+00:00,332.20098876953125,345.6000061035156,327.3341064453125,345.0950012207031,37390308
2025-06-04 14:30:00+00:00,333.1600036621094,334.6000061035156,329.5,332.2099914550781,15307673
2025-06-04 15:30:00+00:00,331.7950134277344,335.04998779296875,330.79998779296875,333.2099914550781,10783022
2025-06-04 16:30:00+00:00,332.8550109863281,333.6000061035156,331.67999267578125,331.79998779296875,5775918
2025-06-04 17:30:00+00:00,333.1300048828125,335.6199951171875,331.95001220703125,332.8699951171875,9066966
2025-06-04 18:30:00+00:00,333.9200134277344,335.29998779296875,332.6705017089844,333.0899963378906,7540067
2025-06-04 19:30:00+00:00,332.2099914550781,335.05999755859375,332.0,333.94500732421875,6809129
2025-06-05 13:30:00+00:00,317.5889892578125,324.5498962402344,312.3599853515625,322.489990234375,46036914
2025-06-05 14:30:00+00:00,321.68499755859375,322.4224853515625,314.55010986328125,317.5400085449219,18233900
2025-06-05 15:30:00+00:00,313.6700134277344,322.9800109863281,312.25,321.67999267578125,22716903
2025-06-05 16:30:00+00:00,302.3500061035156,313.8193054199219,301.5,313.6700134277344,38223989
2025-06-05 17:30:00+00:00,297.53961181640625,305.0,297.30999755859375,302.3599853515625,25452297
2025-06-05 18:30:00+00:00,281.75,298.79449462890625,273.2099914550781,297.53961181640625,74198499
2025-06-05 19:30:00+00:00,284.731689453125,288.3692932128906,281.2001037597656,281.66009521484375,38989144
2025-06-06 13:30:00+00:00,295.25,302.54998779296875,291.1401062011719,297.4700012207031,62623386
2025-06-06 14:30:00+00:00,301.5400085449219,305.5,295.3750915527344,295.5097961425781,30732496
2025-06-06 15:30:00+00:00,300.4549865722656,302.5,299.30999755859375,301.5392150878906,13612285
2025-06-06 16:30:00+00:00,300.06500244140625,302.04998779296875,299.12689208984375,300.8283996582031,9565690
2025-06-06 17:30:00+00:00,300.2900085449219,301.739990234375,299.1700134277344,300.0643005371094,8608433
2025-06-06 18:30:00+00:00,297.9898986816406,302.0,296.55999755859375,300.30999755859375,13412582
2025-06-06 19:30:00+00:00,295.125,298.2900085449219,293.1400146484375,297.94000244140625,15789319
2025-06-09 13:30:00+00:00,292.4100036621094,296.260009765625,281.8500061035156,285.6028137207031,44636282
2025-06-09 14:30:00+00:00,294.6355895996094,297.73870849609375,291.95001220703125,292.4599914550781,16416385
2025-06-09 15:30:00+00:00,295.0400085449219,296.8800048828125,293.79998779296875,294.70001220703125,10141301
2025-06-09 16:30:00+00:00,297.05999755859375,297.8500061035156,294.9100036621094,295.06988525390625,8301356
2025-06-09 17:30:00+00:00,299.5,300.95001220703125,296.8900146484375,297.0899963378906,11684136
2025-06-09 18:30:00+00:00,302.4599914550781,302.7998962402344,298.84259033203125,299.45001220703125,12413703
2025-06-09 19:30:00+00:00,308.65728759765625,309.8299865722656,302.0,302.4599914550781,22346933
2025-06-10 13:30:00+00:00,313.86639404296875,317.67999267578125,310.6669921875,315.07000732421875,41262264
2025-06-10 14:30:00+00:00,318.54998779296875,321.2200012207031,312.79998779296875,313.8717956542969,22313996
2025-06-10 15:30:00+00:00,318.3500061035156,320.2698974609375,315.6400146484375,318.5884094238281,14256619
2025-06-10 16:30:00+00:00,319.9800109863281,320.4200134277344,315.75,318.3399963378906,12775332
2025-06-10 17:30:00+00:00,321.9200134277344,322.67999267578125,318.26080322265625,320.0050048828125,15812783
2025-06-10 18:30:00+00:00,325.6400146484375,325.94000244140625,321.6300048828125,321.9599914550781,18025834
2025-06-10 19:30:00+00:00,326.1499938964844,327.8299865722656,324.3599853515625,325.6300048828125,15827237
2025-06-11 13:30:00+00:00,333.1199951171875,335.5,328.20001220703125,334.05499267578125,44002747
2025-06-11 14:30:00+00:00,331.9988098144531,334.2900085449219,330.1700134277344,333.0799865722656,14645333
2025-06-11 15:30:00+00:00,328.95001220703125,331.94000244140625,326.0299987792969,331.32000732421875,14866015
2025-06-11 16:30:00+00:00,330.92999267578125,331.30950927734375,328.57000732421875,328.8599853515625,9414147
2025-06-11 17:30:00+00:00,324.7200012207031,331.0799865722656,322.7699890136719,330.9200134277344,15737528
2025-06-11 18:30:00+00:00,324.94000244140625,326.489990234375,323.80999755859375,324.7099914550781,10820353
2025-06-11 19:30:00+00:00,326.489990234375,326.739990234375,323.2200012207031,324.7850036621094,8294492
2025-06-12 13:30:00+00:00,326.489990234375,329.3528137207031,322.7699890136719,323.07501220703125,27103832
2025-06-12 14:30:00+00:00,326.3999938964844,328.7499084472656,323.8900146484375,326.5299987792969,13670520
2025-06-12 15:30:00+00:00,326.3699951171875,332.54998779296875,325.04998779296875,326.3599853515625,16206774
2025-06-12 16:30:00+00:00,325.09210205078125,326.5293884277344,323.510009765625,326.3800048828125,11616958
2025-06-12 17:30:00+00:00,319.6600036621094,325.7699890136719,319.1000061035156,325.0849914550781,10941760
2025-06-12 18:30:00+00:00,319.5,320.7699890136719,316.8800048828125,319.69500732421875,14058786
2025-06-12 19:30:00+00:00,319.17498779296875,319.7900085449219,318.3599853515625,319.4342041015625,6655412
2025-06-13 13:30:00+00:00,314.45001220703125,320.3399963378906,313.6099853515625,314.6650085449219,28356816
2025-06-13 14:30:00+00:00,318.8500061035156,320.3900146484375,314.0199890136719,314.3450012207031,13601373
2025-06-13 15:30:00+00:00,324.55999755859375,325.6600036621094,318.6600036621094,318.8999938964844,14653438
2025-06-13 16:30:00+00:00,332.1600036621094,332.9700012207031,323.3299865722656,324.54998779296875,22673876
2025-06-13 17:30:00+00:00,326.9159851074219,332.9800109863281,326.2799987792969,332.1993103027344,16818005
2025-06-13 18:30:00+00:00,327.0450134277344,329.6400146484375,323.25,326.8599853515625,18451483
2025-06-13 19:30:00+00:00,325.3500061035156,327.989990234375,324.20001220703125,327.0400085449219,9496959
2025-06-16 13:30:00+00:00,330.04998779296875,332.04998779296875,326.4100036621094,331.17999267578125,25815590
2025-06-16 14:30:00+00:00,330.2206115722656,331.3340148925781,328.3500061035156,330.0,12435413
2025-06-16 15:30:00+00:00,331.32000732421875,331.7300109863281,328.718505859375,330.25,8207304
2025-06-16 16:30:00+00:00,329.239990234375,331.2699890136719,328.7500915527344,331.0199890136719,7568396
2025-06-16 17:30:00+00:00,330.3999938964844,330.5799865722656,327.2099914550781,329.1650085449219,8908582
2025-06-16 18:30:00+00:00,329.6199951171875,330.6784973144531,327.8909912109375,330.3999938964844,7869034
2025-06-16 19:30:00+00:00,329.1099853515625,329.95001220703125,328.5199890136719,329.54998779296875,5945865
2025-06-17 13:30:00+00:00,322.95001220703125,326.5,320.760009765625,326.2749938964844,20928901
2025-06-17 14:30:00+00:00,320.1199951171875,324.489990234375,319.45001220703125,322.8999938964844,11446482
2025-06-17 15:30:00+00:00,320.94000244140625,321.7298889160156,317.5,320.114990234375,13130339
2025-06-17 16:30:00+00:00,318.5849914550781,321.2799987792969,317.3399963378906,320.989990234375,8621615
2025-06-17 17:30:00+00:00,315.54998779296875,320.69000244140625,314.75,318.5299987792969,12330545
2025-06-17 18:30:00+00:00,317.30999755859375,317.6300048828125,315.4200134277344,315.55999755859375,8497030
2025-06-17 19:30:00+00:00,316.2799987792969,318.70001220703125,316.19000244140625,317.3399963378906,7096714
2025-06-18 13:30:00+00:00,323.3699951171875,325.0899963378906,315.45001220703125,317.29998779296875,25046480
2025-06-18 14:30:00+00:00,324.989990234375,325.39990234375,322.25,323.4200134277344,11278607
2025-06-18 15:30:00+00:00,324.79998779296875,329.29998779296875,324.4451904296875,324.8299865722656,14282459
2025-06-18 16:30:00+00:00,321.9649963378906,325.1499938964844,321.4779968261719,324.75,10500640
2025-06-18 17:30:00+00:00,323.94000244140625,325.0,320.3500061035156,322.0400085449219,11175979
2025-06-18 18:30:00+00:00,322.21710205078125,325.20001220703125,320.0899963378906,323.8775939941406,11617416
2025-06-18 19:30:00+00:00,322.0950012207031,324.3399963378906,321.75,322.2099914550781,6538903
2025-06-20 13:30:00+00:00,320.193603515625,332.3599853515625,318.4200134277344,327.80999755859375,34193830
2025-06-20 14:30:00+00:00,319.7200012207031,321.0,317.7799987792969,320.1400146484375,14393220
2025-06-20 15:30:00+00:00,323.3450012207031,323.8500061035156,319.8034973144531,319.8034973144531,11305944
2025-06-20 16:30:00+00:00,321.4800109863281,325.9200134277344,321.44000244140625,323.3399963378906,11858956
2025-06-20 17:30:00+00:00,323.3550109863281,324.260009765625,319.70001220703125,321.4814147949219,9721700
2025-06-20 18:30:00+00:00,321.2900085449219,324.6499938964844,320.7207946777344,323.3599853515625,9591097
2025-06-20 19:30:00+00:00,322.1700134277344,322.79998779296875,319.6300964355469,321.28009033203125,7901547
2025-06-23 13:30:00+00:00,353.0150146484375,353.1900939941406,330.510009765625,330.9383850097656,61263949
2025-06-23 14:30:00+00:00,353.3900146484375,357.4700012207031,350.04998779296875,353.0331115722656,35558670
2025-06-23 15:30:00+00:00,349.5,356.2492980957031,348.1499938964844,353.5199890136719,21292404
2025-06-23 16:30:00+00:00,351.1199951171875,351.5,344.3999938964844,349.4324951171875,22949088
2025-06-23 17:30:00+00:00,350.46759033203125,354.8500061035156,350.3266906738281,351.19500732421875,14378647
2025-06-23 18:30:00+00:00,348.75201416015625,352.4784851074219,348.3999938964844,350.5199890136719,12417805
2025-06-23 19:30:00+00:00,348.7099914550781,349.889892578125,346.44000244140625,348.7349853515625,11198543
2025-06-24 13:30:00+00:00,341.55999755859375,354.0168151855469,340.739990234375,353.4601135253906,42681663
2025-06-24 14:30:00+00:00,343.8349914550781,344.8599853515625,340.44000244140625,341.5899963378906,18386088
2025-06-24 15:30:00+00:00,342.2200012207031,344.57000732421875,341.6000061035156,343.75,12081057
2025-06-24 16:30:00+00:00,342.239990234375,344.3999938964844,341.29998779296875,342.2149963378906,9432881
2025-06-24 17:30:00+00:00,342.4599914550781,343.2799987792969,341.1700134277344,342.2099914550781,8426028
2025-06-24 18:30:00+00:00,341.8500061035156,343.7099914550781,341.739990234375,342.5,7579924
2025-06-24 19:30:00+00:00,340.480712890625,343.6000061035156,340.4800109863281,341.8500061035156,8040310
2025-06-25 13:30:00+00:00,321.489990234375,341.989990234375,320.3999938964844,341.7900085449219,46140050
2025-06-25 14:30:00+00:00,326.07000732421875,327.0199890136719,321.07000732421875,321.5299987792969,20513458
2025-06-25 15:30:00+00:00,325.8450012207031,327.1000061035156,324.6807861328125,326.07000732421875,10689391
2025-06-25 16:30:00+00:00,326.9849853515625,327.6099853515625,324.85009765625,325.8500061035156,7522555
2025-06-25 17:30:00+00:00,325.20001220703125,327.19000244140625,324.8399963378906,327.0249938964844,6596218
2025-06-25 18:30:00+00:00,327.5,328.3900146484375,322.6000061035156,325.20001220703125,14143715
2025-06-25 19:30:00+00:00,327.5899963378906,328.0799865722656,326.4700012207031,327.54730224609375,7672390
2025-06-26 13:30:00+00:00,326.18231201171875,331.04998779296875,324.80999755859375,326.54998779296875,25644183
2025-06-26 14:30:00+00:00,325.76129150390625,330.1700134277344,324.2008972167969,325.92999267578125,17040562
2025-06-26 15:30:00+00:00,327.80999755859375,328.8399963378906,325.3900146484375,325.7900085449219,7550519
2025-06-26 16:30:00+00:00,329.00439453125,329.55999755859375,327.6400146484375,327.8500061035156,6599329
2025-06-26 17:30:00+00:00,326.77178955078125,329.1300048828125,326.4100036621094,329.010009765625,6185721
2025-06-26 18:30:00+00:00,327.80999755859375,327.91900634765625,324.75,326.79998779296875,7807367
2025-06-26 19:30:00+00:00,325.7699890136719,328.6600036621094,325.6400146484375,327.7799987792969,6203064
2025-06-27 13:30:00+00:00,326.5400085449219,329.33929443359375,320.07000732421875,324.4700012207031,24310144
2025-06-27 14:30:00+00:00,325.5299987792969,327.6499938964844,324.0907897949219,326.5700988769531,11069127
2025-06-27 15:30:00+00:00,324.739990234375,326.3800048828125,323.2200012207031,325.57000732421875,7324330
2025-06-27 16:30:00+00:00,324.5050048828125,325.3695983886719,324.2699890136719,324.739990234375,6717449
2025-06-27 17:30:00+00:00,320.7560119628906,325.8877868652344,320.6600036621094,324.3904113769531,9696017
2025-06-27 18:30:00+00:00,321.20001220703125,321.95001220703125,317.4949951171875,320.7850036621094,15547078
2025-06-27 19:30:00+00:00,323.79998779296875,323.989990234375,320.8500061035156,321.1995849609375,7513695
2025-06-30 13:30:00+00:00,319.456787109375,325.57989501953125,317.80999755859375,323.92999267578125,23640088
2025-06-30 14:30:00+00:00,320.5899963378906,322.260009765625,319.0799865722656,319.4750061035156,9166933
2025-06-30 15:30:00+00:00,320.8999938964844,322.7629089355469,319.5,320.5466003417969,6947163
2025-06-30 16:30:00+00:00,319.8008117675781,321.3500061035156,319.510009765625,320.8599853515625,5501706
2025-06-30 17:30:00+00:00,318.2300109863281,320.1000061035156,318.1499938964844,319.82000732421875,6290202
2025-06-30 18:30:00+00:00,317.5436096191406,319.28961181640625,316.6000061035156,318.2099914550781,9299221
2025-06-30 19:30:00+00:00,317.6199951171875,318.760009765625,316.8800048828125,317.489990234375,6027666
2025-07-01 13:30:00+00:00,303.1899108886719,305.8800048828125,293.2099914550781,296.25,57483253
2025-07-01 14:30:00+00:00,300.7773132324219,305.0,297.1199951171875,303.1899108886719,22050189
2025-07-01 15:30:00+00:00,303.25,304.3800048828125,300.2500915527344,300.7049865722656,12407710
2025-07-01 16:30:00+00:00,302.1000061035156,304.626708984375,301.95001220703125,303.20001220703125,9504799
2025-07-01 17:30:00+00:00,301.0400085449219,302.25,298.3219909667969,302.1499938964844,14043307
2025-07-01 18:30:00+00:00,302.8900146484375,303.1600036621094,300.3299865722656,301.0,10610815
2025-07-01 19:30:00+00:00,300.7099914550781,304.4299011230469,300.4800109863281,302.9100036621094,10331262
2025-07-02 13:30:00+00:00,311.9200134277344,314.44000244140625,303.82000732421875,312.57501220703125,47456766
2025-07-02 14:30:00+00:00,313.82000732421875,316.8320007324219,310.17999267578125,311.9100036621094,22821767
2025-07-02 15:30:00+00:00,313.3550109863281,314.82000732421875,311.8900146484375,313.8599853515625,10017813
2025-07-02 16:30:00+00:00,315.5267028808594,315.9800109863281,312.1199951171875,313.389892578125,8184714
2025-07-02 17:30:00+00:00,315.877197265625,316.1698913574219,314.0799865722656,315.527587890625,6815402
2025-07-02 18:30:00+00:00,315.4100036621094,316.3800048828125,314.5899963378906,315.86920166015625,8108775
2025-07-02 19:30:00+00:00,315.6499938964844,315.69000244140625,312.68060302734375,315.0849914550781,8588119
2025-07-03 13:30:00+00:00,313.8731994628906,318.0,312.760009765625,317.95001220703125,24503067
2025-07-03 14:30:00+00:00,316.35009765625,317.8999938964844,312.79998779296875,313.8800048828125,14433610
2025-07-03 15:30:00+00:00,317.08990478515625,318.45001220703125,315.69000244140625,316.375,9600374
2025-07-07 13:30:00+00:00,293.17999267578125,296.1499938964844,288.7701110839844,294.4088134765625,53720290
2025-07-07 14:30:00+00:00,292.809814453125,294.3854064941406,290.55999755859375,293.2200012207031,17609979
2025-07-07 15:30:00+00:00,292.6099853515625,294.5199890136719,291.1000061035156,293.0050048828125,11698276
2025-07-07 16:30:00+00:00,291.3399963378906,293.0,291.1499938964844,292.6007080078125,9085336
2025-07-07 17:30:00+00:00,291.3840026855469,294.1499938964844,291.20001220703125,291.30999755859375,9572924
2025-07-07 18:30:00+00:00,293.9715881347656,294.3900146484375,291.3575134277344,291.42999267578125,9909853
2025-07-07 19:30:00+00:00,293.9200134277344,295.5299987792969,293.0,293.9599914550781,10470609
2025-07-08 13:30:00+00:00,298.92999267578125,300.3699951171875,295.6416015625,296.8800048828125,25485595
2025-07-08 14:30:00+00:00,301.9150085449219,304.0494079589844,298.8601989746094,298.95001220703125,19387942
2025-07-08 15:30:00+00:00,302.25,302.989990234375,300.82000732421875,301.909912109375,8552507
2025-07-08 16:30:00+00:00,301.5339050292969,302.3999938964844,300.7300109863281,302.260009765625,7002953
2025-07-08 17:30:00+00:00,302.9299011230469,303.4599914550781,300.42999267578125,301.5199890136719,8442336
2025-07-08 18:30:00+00:00,296.9555969238281,303.5799865722656,296.8599853515625,302.94000244140625,15089755
2025-07-08 19:30:00+00:00,297.8349914550781,298.5150146484375,294.3500061035156,296.9411926269531,13997477
2025-07-09 13:30:00+00:00,295.4527893066406,300.1499938964844,294.760009765625,297.6050109863281,22643247
2025-07-09 14:30:00+00:00,295.92999267578125,296.55999755859375,293.54998779296875,295.4700012207031,15031861
2025-07-09 15:30:00+00:00,294.8500061035156,296.3999938964844,294.3699951171875,295.9700012207031,6776530
2025-07-09 16:30:00+00:00,294.510009765625,296.17999267578125,294.29998779296875,294.8599853515625,5953681
2025-07-09 17:30:00+00:00,296.57501220703125,297.1289978027344,293.9100036621094,294.522705078125,7606437
2025-07-09 18:30:00+00:00,296.94000244140625,297.82000732421875,296.0,296.5899963378906,6656923
2025-07-09 19:30:00+00:00,295.82000732421875,297.7427978515625,295.75,296.9200134277344,7294086
2025-07-10 13:30:00+00:00,304.3500061035156,307.7799987792969,300.0,300.13018798828125,33785270
2025-07-10 14:30:00+00:00,304.6860046386719,306.79998779296875,303.75,304.3500061035156,10949399
2025-07-10 15:30:00+00:00,304.0199890136719,304.92999267578125,303.1199951171875,304.6007995605469,7555008
2025-07-10 16:30:00+00:00,301.8865966796875,304.8799133300781,301.54998779296875,304.0155029296875,8207409
2025-07-10 17:30:00+00:00,306.5299987792969,307.260009765625,301.79998779296875,301.8830871582031,10750123
2025-07-10 18:30:00+00:00,309.239990234375,310.4800109863281,306.1700134277344,306.52459716796875,15157424
2025-07-10 19:30:00+00:00,309.93499755859375,310.29998779296875,308.45001220703125,309.19488525390625,10510130
2025-07-11 13:30:00+00:00,310.97918701171875,311.9100036621094,305.6600036621094,307.6199951171875,20852964
2025-07-11 14:30:00+00:00,307.71038818359375,311.019287109375,306.6400146484375,310.92999267578125,11700813
2025-07-11 15:30:00+00:00,309.85009765625,310.0199890136719,306.9599914550781,307.7200012207031,8213403
2025-07-11 16:30:00+00:00,310.8599853515625,311.57000732421875,309.75,309.87200927734375,7575924
2025-07-11 17:30:00+00:00,311.9599914550781,312.79998779296875,309.8599853515625,310.8399963378906,7360569
2025-07-11 18:30:00+00:00,312.67999267578125,313.4289855957031,310.29998779296875,311.9750061035156,10291474
2025-07-11 19:30:00+00:00,313.5,314.0899963378906,312.62060546875,312.6549987792969,8371920
2025-07-14 13:30:00+00:00,314.24969482421875,322.5986022949219,313.5299987792969,317.7300109863281,27158668
2025-07-14 14:30:00+00:00,314.3800048828125,315.6499938964844,312.6700134277344,314.2200012207031,11019327
2025-07-14 15:30:00+00:00,314.94000244140625,315.53961181640625,313.8800048828125,314.3999938964844,6751162
2025-07-14 16:30:00+00:00,315.33758544921875,316.659912109375,314.7099914550781,314.92999267578125,6665380
2025-07-14 17:30:00+00:00,315.02398681640625,315.92498779296875,312.8500061035156,315.3699951171875,7864917
2025-07-14 18:30:00+00:00,316.3251953125,316.7650146484375,314.8299865722656,315.0249938964844,7517769
2025-07-14 19:30:00+00:00,316.9100036621094,317.2699890136719,315.67999267578125,316.3349914550781,6255543
2025-07-15 13:30:00+00:00,317.6600036621094,321.20001220703125,316.4200134277344,319.67498779296875,21535742
2025-07-15 14:30:00+00:00,314.07049560546875,317.5116882324219,312.70001220703125,317.510009765625,14279261
2025-07-15 15:30:00+00:00,314.32000732421875,315.48431396484375,313.41009521484375,314.1199951171875,7386549
2025-07-15 16:30:00+00:00,314.0799865722656,315.09259033203125,312.80999755859375,314.30999755859375,6146924
2025-07-15 17:30:00+00:00,314.6531982421875,315.239990234375,313.3399963378906,314.04998779296875,5498863
2025-07-15 18:30:00+00:00,311.4549865722656,314.6400146484375,310.5,314.6195983886719,10182641
2025-07-15 19:30:00+00:00,310.6600036621094,312.3800048828125,310.6600036621094,311.4700012207031,6387722
2025-07-16 13:30:00+00:00,318.17999267578125,318.9100036621094,312.6300048828125,312.79998779296875,28056734
2025-07-16 14:30:00+00:00,319.5080871582031,321.1199951171875,317.739990234375,318.17498779296875,19139758
2025-07-16 15:30:00+00:00,321.2049865722656,321.70001220703125,316.0799865722656,319.5050048828125,13345444
2025-07-16 16:30:00+00:00,320.19500732421875,321.55999755859375,319.6099853515625,321.2200012207031,7360546
2025-07-16 17:30:00+00:00,319.4800109863281,320.989990234375,318.6600036621094,320.2441101074219,6952406
2025-07-16 18:30:00+00:00,322.0260925292969,322.95001220703125,319.4455871582031,319.4455871582031,9473650
2025-07-16 19:30:00+00:00,321.6700134277344,323.5,321.3800048828125,322.0400085449219,7666792
2025-07-17 13:30:00+00:00,321.8949890136719,324.3399963378906,319.8999938964844,323.1099853515625,23287077
2025-07-17 14:30:00+00:00,322.1202087402344,323.4710998535156,321.29998779296875,321.8599853515625,9789891
2025-07-17 15:30:00+00:00,320.52880859375,322.3999938964844,319.75,322.1300048828125,9499470
2025-07-17 16:30:00+00:00,319.4599914550781,321.8439025878906,317.69500732421875,320.5260009765625,7203699
2025-07-17 17:30:00+00:00,319.010009765625,319.6698913574219,317.060302734375,319.4801025390625,10048703
2025-07-17 18:30:00+00:00,318.92999267578125,319.8194885253906,318.28009033203125,319.0249938964844,5592454
2025-07-17 19:30:00+00:00,319.3699951171875,319.7099914550781,318.44000244140625,318.9049987792969,5454882
2025-07-18 13:30:00+00:00,327.07000732421875,330.7099914550781,321.4200134277344,322.0,31429456
2025-07-18 14:30:00+00:00,327.1606140136719,329.1000061035156,325.5,327.0799865722656,13983212
2025-07-18 15:30:00+00:00,328.05499267578125,329.0199890136719,327.1300964355469,327.20001220703125,7971654
2025-07-18 16:30:00+00:00,327.57000732421875,328.1099853515625,324.840087890625,328.0044860839844,11164943
2025-07-18 17:30:00+00:00,329.80999755859375,330.8599853515625,327.12060546875,327.55999755859375,10533493
2025-07-18 18:30:00+00:00,328.8399963378906,330.8999938964844,328.7799987792969,329.79998779296875,8622278
2025-07-18 19:30:00+00:00,329.54998779296875,329.8599853515625,328.1000061035156,328.8299865722656,6554328
2025-07-21 13:30:00+00:00,330.0994873046875,338.0,328.5,334.3599853515625,26985026
2025-07-21 14:30:00+00:00,329.1528015136719,330.3299865722656,327.79998779296875,330.1000061035156,11644305
2025-07-21 15:30:00+00:00,328.72149658203125,330.260009765625,326.8800048828125,329.1199951171875,8753831
2025-07-21 16:30:00+00:00,329.7300109863281,330.3599853515625,328.7401123046875,328.7699890136719,6428226
2025-07-21 17:30:00+00:00,329.70001220703125,330.8299865722656,329.1499938964844,329.7200012207031,6012774
2025-07-21 18:30:00+00:00,329.37921142578125,330.30999755859375,327.79998779296875,329.70001220703125,6644113
2025-07-21 19:30:00+00:00,328.5299987792969,329.8500061035156,327.9599914550781,329.3800048828125,4614530
2025-07-22 13:30:00+00:00,327.6700134277344,330.4700012207031,321.54998779296875,329.739990234375,19259194
2025-07-22 14:30:00+00:00,329.6600036621094,331.6000061035156,327.3305969238281,327.6700134277344,12351453
2025-07-22 15:30:00+00:00,330.1400146484375,332.3500061035156,329.4307861328125,329.6499938964844,9253227
2025-07-22 16:30:00+00:00,331.8815002441406,332.2300109863281,329.6499938964844,330.135009765625,6364568
2025-07-22 17:30:00+00:00,333.6449890136719,334.24530029296875,329.8299865722656,331.8599853515625,10487550
2025-07-22 18:30:00+00:00,333.5065002441406,335.4097900390625,333.114990234375,333.5899963378906,10487103
2025-07-22 19:30:00+00:00,332.0799865722656,333.7699890136719,332.0,333.5,5520347
2025-07-23 13:30:00+00:00,333.45001220703125,334.6000061035156,329.010009765625,330.8699951171875,18113998
2025-07-23 14:30:00+00:00,333.1099853515625,334.20001220703125,332.0799865722656,333.44000244140625,9376308
2025-07-23 15:30:00+00:00,333.2749938964844,336.1700134277344,332.75,333.04010009765625,8817832
2025-07-23 16:30:00+00:00,330.8599853515625,333.57000732421875,328.6700134277344,333.2749938964844,9914543
2025-07-23 17:30:00+00:00,332.8192138671875,333.6600036621094,329.4100036621094,330.8559875488281,9327558
2025-07-23 18:30:00+00:00,333.81500244140625,335.70001220703125,332.0,332.7875061035156,10175207
2025-07-23 19:30:00+00:00,333.0,334.3500061035156,332.0799865722656,333.81500244140625,6599207
2025-07-24 13:30:00+00:00,303.79998779296875,310.06500244140625,301.0,310.06500244140625,58076008
2025-07-24 14:30:00+00:00,302.3052978515625,305.489990234375,301.30999755859375,303.75,23008506
2025-07-24 15:30:00+00:00,301.25,303.3799133300781,300.4100036621094,302.2860107421875,15257797
2025-07-24 16:30:00+00:00,304.2732849121094,304.989990234375,301.02349853515625,301.25,12970749
2025-07-24 17:30:00+00:00,303.82000732421875,305.760009765625,302.17999267578125,304.2799987792969,11789127
2025-07-24 18:30:00+00:00,306.6499938964844,306.7099914550781,303.5505065917969,303.81500244140625,12919705
2025-07-24 19:30:00+00:00,305.07000732421875,307.4800109863281,305.0,306.6400146484375,11708131
2025-07-25 13:30:00+00:00,313.6499938964844,314.20001220703125,308.010009765625,308.739990234375,33831108
2025-07-25 14:30:00+00:00,318.4389953613281,318.7300109863281,312.1300048828125,313.67999267578125,19799265
2025-07-25 15:30:00+00:00,323.2900085449219,323.6300048828125,317.7699890136719,318.43170166015625,24842645
2025-07-25 16:30:00+00:00,317.7850036621094,323.29998779296875,317.0,323.2850036621094,19852089
2025-07-25 17:30:00+00:00,318.3900146484375,318.5799865722656,315.3699951171875,317.7900085449219,16300803
2025-07-25 18:30:00+00:00,314.21051025390625,318.5094909667969,312.70001220703125,318.3999938964844,16995740
2025-07-25 19:30:00+00:00,316.1050109863281,316.7699890136719,313.80999755859375,314.239990234375,10074181
2025-07-28 13:30:00+00:00,325.1387939453125,326.3999938964844,315.69000244140625,319.0801086425781,32710654
2025-07-28 14:30:00+00:00,327.3900146484375,328.95001220703125,322.6300048828125,325.1499938964844,19940849
2025-07-28 15:30:00+00:00,328.9649963378906,330.4800109863281,326.75,327.3999938964844,15029955
2025-07-28 16:30:00+00:00,328.1499938964844,329.30999755859375,326.8999938964844,328.97869873046875,10486336
2025-07-28 17:30:00+00:00,326.989990234375,329.4656066894531,326.1499938964844,328.1600036621094,10017533
2025-07-28 18:30:00+00:00,326.2300109863281,328.3699951171875,326.0600891113281,327.0199890136719,8332680
2025-07-28 19:30:00+00:00,325.5400085449219,327.20001220703125,325.3399963378906,326.20709228515625,8039572
2025-07-29 13:30:00+00:00,319.3299865722656,326.25,318.25,325.6524963378906,24067224
2025-07-29 14:30:00+00:00,318.5101013183594,322.6300048828125,318.3699951171875,319.32000732421875,14247050
2025-07-29 15:30:00+00:00,320.5539855957031,322.2250061035156,318.3590087890625,318.5400085449219,13021355
2025-07-29 16:30:00+00:00,320.44000244140625,321.75,319.6499938964844,320.54998779296875,6635866
2025-07-29 17:30:00+00:00,322.6300048828125,323.7799987792969,320.0921936035156,320.42999267578125,9133778
2025-07-29 18:30:00+00:00,322.3800048828125,324.05999755859375,322.20001220703125,322.6300048828125,7726183
2025-07-29 19:30:00+00:00,321.3999938964844,322.5422058105469,320.7699890136719,322.3999938964844,6389846
2025-07-30 13:30:00+00:00,322.2149963378906,324.44989013671875,320.0,322.19500732421875,18151148
2025-07-30 14:30:00+00:00,317.6698913574219,322.3999938964844,316.9100036621094,322.2395935058594,13822394
2025-07-30 15:30:00+00:00,317.68438720703125,319.3900146484375,317.3999938964844,317.6449890136719,8074813
2025-07-30 16:30:00+00:00,317.8660888671875,318.8800048828125,317.3399963378906,317.68438720703125,6002686
2025-07-30 17:30:00+00:00,316.6700134277344,318.8500061035156,315.8550109863281,317.8699951171875,8411105
2025-07-30 18:30:00+00:00,315.5899963378906,317.8298034667969,311.6174011230469,316.6600036621094,16091330
2025-07-30 19:30:00+00:00,319.0400085449219,319.260009765625,315.1400146484375,315.6099853515625,8661054
2025-07-31 13:30:00+00:00,316.2900085449219,321.3699035644531,316.0299987792969,319.7799987792969,17499945
2025-07-31 14:30:00+00:00,312.4200134277344,317.3999938964844,311.5,316.2900085449219,13931655
2025-07-31 15:30:00+00:00,313.5899963378906,314.1000061035156,311.7300109863281,312.44989013671875,9088220
2025-07-31 16:30:00+00:00,309.8840026855469,314.0799865722656,309.5899963378906,313.6000061035156,8250697
2025-07-31 17:30:00+00:00,308.43499755859375,311.6499938964844,306.1000061035156,309.85009765625,13304064
2025-07-31 18:30:00+00:00,310.2001037597656,310.989990234375,308.3301086425781,308.3900146484375,9202235
2025-07-31 19:30:00+00:00,308.19000244140625,310.7464904785156,307.94000244140625,310.2900085449219,6588832
2025-08-01 13:30:00+00:00,304.5450134277344,308.7598876953125,297.82000732421875,306.7200012207031,27589787
2025-08-01 14:30:00+00:00,304.8550109863281,307.364990234375,303.8800048828125,304.57000732421875,11502966
2025-08-01 15:30:00+00:00,307.17999267578125,309.30999755859375,304.75,304.8550109863281,9716761
2025-08-01 16:30:00+00:00,303.23638916015625,307.239990234375,302.739990234375,307.19500732421875,8847095
2025-08-01 17:30:00+00:00,303.29998779296875,304.8599853515625,301.3800048828125,303.2349853515625,10531506
2025-08-01 18:30:00+00:00,301.9800109863281,304.6000061035156,301.1600036621094,303.2615966796875,7831289
2025-08-01 19:30:00+00:00,302.6099853515625,303.6700134277344,301.1000061035156,301.8900146484375,7145836
2025-08-04 13:30:00+00:00,309.0400085449219,312.114990234375,305.55010986328125,309.05499267578125,23374894
2025-08-04 14:30:00+00:00,306.19500732421875,309.07000732421875,303.0000915527344,309.0567932128906,16039049
2025-08-04 15:30:00+00:00,308.65008544921875,308.989990234375,305.6200866699219,306.1300048828125,8853940
2025-08-04 16:30:00+00:00,308.489990234375,309.75,306.79998779296875,308.6700134277344,8158255
2025-08-04 17:30:00+00:00,309.39080810546875,310.1799011230469,307.48699951171875,308.4800109863281,6043622
2025-08-04 18:30:00+00:00,308.99249267578125,310.8299865722656,308.92010498046875,309.385009765625,6327458
2025-08-04 19:30:00+00:00,309.2998962402344,309.95001220703125,308.05999755859375,308.9649963378906,5121919
2025-08-05 13:30:00+00:00,307.9649963378906,312.44989013671875,305.5,307.2049865722656,18192096
2025-08-05 14:30:00+00:00,306.9599914550781,308.4999084472656,305.6199951171875,307.94110107421875,9123703
2025-08-05 15:30:00+00:00,307.0799865722656,308.1899108886719,306.3999938964844,306.8999938964844,5008661
2025-08-05 16:30:00+00:00,308.07000732421875,308.1698913574219,306.0317077636719,307.0295104980469,4816012
2025-08-05 17:30:00+00:00,309.25,310.9142150878906,308.0013122558594,308.1000061035156,7136367
2025-08-05 18:30:00+00:00,309.635009765625,310.625,308.65008544921875,309.2699890136719,5238186
2025-08-05 19:30:00+00:00,308.67999267578125,310.1199951171875,308.4100036621094,309.6600036621094,4602111
2025-08-06 13:30:00+00:00,314.86090087890625,317.3500061035156,306.93450927734375,307.8900146484375,21248663
2025-08-06 14:30:00+00:00,318.4949951171875,319.5,314.5700988769531,314.8900146484375,13465860
2025-08-06 15:30:00+00:00,317.2049865722656,319.55999755859375,316.70001220703125,318.489990234375,9756646
2025-08-06 16:30:00+00:00,318.53350830078125,318.7099914550781,316.2099914550781,317.2049865722656,6401192
2025-08-06 17:30:00+00:00,319.5899963378906,319.75,317.8599853515625,318.54998779296875,7170602
2025-08-06 18:30:00+00:00,319.2951965332031,320.4700012207031,318.8399963378906,319.5799865722656,8317323
2025-08-06 19:30:00+00:00,319.9599914550781,320.135009765625,318.4200134277344,319.2699890136719,6303663
2025-08-07 13:30:00+00:00,319.29998779296875,322.3999938964844,318.1000061035156,319.6099853515625,18459664
2025-08-07 14:30:00+00:00,317.935302734375,320.2900085449219,317.6199951171875,318.86138916015625,9751098
2025-08-07 15:30:00+00:00,320.82501220703125,320.9599914550781,317.67999267578125,317.94000244140625,8224665
2025-08-07 16:30:00+00:00,318.3900146484375,321.15948486328125,317.94000244140625,320.81500244140625,7676656
2025-08-07 17:30:00+00:00,317.34649658203125,318.8500061035156,316.1600036621094,318.3900146484375,6561795
2025-08-07 18:30:00+00:00,318.95001220703125,319.1435852050781,316.67999267578125,317.260009765625,5407177
2025-08-07 19:30:00+00:00,322.2900085449219,322.3599853515625,318.8399963378906,318.94500732421875,6650824
2025-08-08 13:30:00+00:00,331.7908935546875,333.92999267578125,320.9800109863281,321.42999267578125,31363311
2025-08-08 14:30:00+00:00,333.19000244140625,334.989990234375,330.94000244140625,331.80999755859375,16250012
2025-08-08 15:30:00+00:00,330.3192138671875,333.3500061035156,329.9200134277344,333.1600036621094,9348487
2025-08-08 16:30:00+00:00,328.6600036621094,331.760009765625,328.510009765625,330.29998779296875,8177271
2025-08-08 17:30:00+00:00,329.510498046875,330.45001220703125,328.20001220703125,328.6980895996094,6817637
2025-08-08 18:30:00+00:00,328.6300048828125,330.8800048828125,328.4750061035156,329.5299987792969,6954136
2025-08-08 19:30:00+00:00,329.67999267578125,329.7298889160156,327.2200012207031,328.6300048828125,7748147
2025-08-11 13:30:00+00:00,341.3349914550781,343.1600036621094,334.1499938964844,335.0,32449482
2025-08-11 14:30:00+00:00,344.07000732421875,344.2900085449219,340.29998779296875,341.364990234375,14819866
2025-08-11 15:30:00+00:00,346.3900146484375,346.4490051269531,343.3999938964844,344.05499267578125,14047983
2025-08-11 16:30:00+00:00,342.4100036621094,346.6400146484375,342.239990234375,346.4100036621094,10725540
2025-08-11 17:30:00+00:00,342.1600036621094,343.32989501953125,341.6000061035156,342.4115905761719,8329378
2025-08-11 18:30:00+00:00,341.9700012207031,344.0899963378906,340.650390625,342.1650085449219,10520859
2025-08-11 19:30:00+00:00,339.18499755859375,342.0799865722656,338.7900085449219,342.010009765625,8402070
2025-08-12 13:30:00+00:00,334.9549865722656,345.260009765625,332.94000244140625,345.04998779296875,27750007
2025-08-12 14:30:00+00:00,337.2650146484375,338.17999267578125,333.1199951171875,334.95928955078125,12941582
2025-08-12 15:30:00+00:00,338.031494140625,339.0,336.25,337.30999755859375,8193448
2025-08-12 16:30:00+00:00,338.7900085449219,340.08990478515625,337.6200866699219,338.031494140625,7377272
2025-08-12 17:30:00+00:00,339.4136962890625,339.6736145019531,337.0299987792969,338.760009765625,6436199
2025-08-12 18:30:00+00:00,340.8599853515625,341.44989013671875,338.92999267578125,339.42999267578125,7404982
2025-08-12 19:30:00+00:00,340.7550048828125,342.42999267578125,340.3800048828125,340.8800048828125,6284590
2025-08-13 13:30:00+00:00,345.08990478515625,348.9800109863281,340.239990234375,341.8800048828125,23273591
2025-08-13 14:30:00+00:00,340.7850036621094,345.5624084472656,338.54998779296875,345.1000061035156,12224375
2025-08-13 15:30:00+00:00,341.30010986328125,342.3299865722656,340.20001220703125,340.81500244140625,6451030
2025-08-13 16:30:00+00:00,341.5050048828125,341.659912109375,339.25,341.29998779296875,6283472
2025-08-13 17:30:00+00:00,340.2250061035156,341.8197937011719,338.2300109863281,341.5050048828125,6884780
2025-08-13 18:30:00+00:00,340.7200012207031,341.4549865722656,339.20001220703125,340.260009765625,5159534
2025-08-13 19:30:00+00:00,339.3399963378906,341.25,339.20001220703125,340.760009765625,4064061
2025-08-14 13:30:00+00:00,337.1650085449219,338.3999938964844,334.80670166015625,335.760009765625,17215391
2025-08-14 14:30:00+00:00,332.5498962402344,340.46990966796875,331.2821960449219,337.1935119628906,13347549
2025-08-14 15:30:00+00:00,331.4067077636719,333.2900085449219,330.3999938964844,332.5356140136719,12304838
2025-08-14 16:30:00+00:00,333.96270751953125,334.1300048828125,330.8517150878906,331.55999755859375,7861433
2025-08-14 17:30:00+00:00,332.9700012207031,334.5799865722656,332.760009765625,333.9750061035156,6702659
2025-08-14 18:30:00+00:00,334.3699951171875,334.87060546875,332.92999267578125,332.9460144042969,7062040
2025-08-14 19:30:00+00:00,335.57000732421875,336.0299987792969,334.010009765625,334.3800048828125,5623605
2025-08-15 13:30:00+00:00,332.8999938964844,339.29998779296875,331.8500061035156,337.6549987792969,18871909
2025-08-15 14:30:00+00:00,332.9057922363281,333.7998962402344,331.8800048828125,332.885009765625,8164869
2025-08-15 15:30:00+00:00,327.94000244140625,333.55499267578125,327.0199890136719,332.875,12912763
2025-08-15 16:30:00+00:00,330.8999938964844,331.4295959472656,327.93499755859375,327.93499755859375,9426179
2025-08-15 17:30:00+00:00,329.8299865722656,331.69989013671875,329.3399963378906,330.8800964355469,6017263
2025-08-15 18:30:00+00:00,329.05999755859375,330.1199951171875,328.0,329.8327941894531,7713775
2025-08-15 19:30:00+00:00,330.6000061035156,330.6700134277344,328.57000732421875,329.0899963378906,6091565
2025-08-18 13:30:00+00:00,333.69500732421875,334.2698974609375,329.5899963378906,329.5899963378906,17979032
2025-08-18 14:30:00+00:00,333.0249938964844,333.9800109863281,331.79998779296875,333.6700134277344,6680538
2025-08-18 15:30:00+00:00,334.8334045410156,335.349609375,332.70001220703125,333.0400085449219,6114542
2025-08-18 16:30:00+00:00,334.76251220703125,335.2900085449219,333.1700134277344,334.8793029785156,6094697
2025-08-18 17:30:00+00:00,334.2300109863281,335.75,333.66009521484375,334.7749938964844,4912974
2025-08-18 18:30:00+00:00,334.8500061035156,336.2699890136719,334.0400085449219,334.2300109863281,5708419
2025-08-18 19:30:00+00:00,335.1499938964844,335.3299865722656,333.8616943359375,334.82000732421875,4677572
2025-08-19 13:30:00+00:00,338.75,340.54998779296875,333.29998779296875,335.7900085449219,22451810
2025-08-19 14:30:00+00:00,332.1700134277344,339.2799987792969,330.6499938964844,338.82000732421875,15938726
2025-08-19 15:30:00+00:00,333.1600036621094,333.989990234375,331.95001220703125,332.1499938964844,6942597
2025-08-19 16:30:00+00:00,329.70001220703125,333.39990234375,327.8500061035156,333.1549987792969,9513454
2025-08-19 17:30:00+00:00,329.70941162109375,330.8599853515625,329.0,329.6199951171875,5363450
2025-08-19 18:30:00+00:00,329.94000244140625,330.2349853515625,328.0,329.6650085449219,6345459
2025-08-19 19:30:00+00:00,329.32000732421875,330.5899963378906,329.07501220703125,329.8999938964844,4661536
2025-08-20 13:30:00+00:00,317.3399963378906,331.3699951171875,316.6600036621094,329.922607421875,24423830
2025-08-20 14:30:00+00:00,320.0566101074219,320.3900146484375,314.6000061035156,317.3599853515625,14091946
2025-08-20 15:30:00+00:00,321.7546081542969,322.0899963378906,317.489990234375,320.0299987792969,9793867
2025-08-20 16:30:00+00:00,321.05499267578125,322.3399963378906,320.0780029296875,321.760009765625,5893268
2025-08-20 17:30:00+00:00,319.8067932128906,324.05999755859375,319.55010986328125,321.04998779296875,8181865
2025-08-20 18:30:00+00:00,322.9800109863281,323.6700134277344,319.79998779296875,319.79998779296875,6530945
2025-08-20 19:30:00+00:00,323.9150085449219,324.7900085449219,322.6400146484375,322.97088623046875,5150852
2025-08-21 13:30:00+00:00,324.239990234375,324.8999938964844,319.6600036621094,322.0,17132751
2025-08-21 14:30:00+00:00,321.9006042480469,324.260009765625,321.1000061035156,324.25,7350445
2025-08-21 15:30:00+00:00,320.2200012207031,323.20001220703125,320.0400085449219,321.8800048828125,6354906
2025-08-21 16:30:00+00:00,319.3599853515625,321.0899963378906,318.67999267578125,320.2300109863281,6398413
2025-08-21 17:30:00+00:00,320.489990234375,321.3399963378906,319.1300048828125,319.3299865722656,5051208
2025-08-21 18:30:00+00:00,322.0150146484375,322.6000061035156,320.1199951171875,320.5249938964844,5827069
2025-08-21 19:30:00+00:00,320.0400085449219,322.1095886230469,320.0299987792969,322.0299987792969,4170369
2025-08-22 13:30:00+00:00,334.7099914550781,337.4599914550781,319.69000244140625,320.1199951171875,30347060
2025-08-22 14:30:00+00:00,335.55999755859375,337.69989013671875,334.6200866699219,334.760009765625,13700473
2025-08-22 15:30:00+00:00,335.11700439453125,336.3299865722656,333.760009765625,335.5450134277344,7922225
2025-08-22 16:30:00+00:00,338.02178955078125,338.3299865722656,335.0675048828125,335.114990234375,10529920
2025-08-22 17:30:00+00:00,338.30999755859375,338.75,337.1300048828125,338.0350036621094,7311225
2025-08-22 18:30:00+00:00,338.5000915527344,339.54998779296875,338.0201110839844,338.32000732421875,8601614
2025-08-22 19:30:00+00:00,340.010009765625,340.25,337.3399963378906,338.510009765625,9317874
2025-08-25 13:30:00+00:00,340.82000732421875,342.14990234375,335.0299987792969,338.8900146484375,22841923
2025-08-25 14:30:00+00:00,343.3399963378906,343.44000244140625,339.6099853515625,340.7799987792969,10212703
2025-08-25 15:30:00+00:00,345.7699890136719,346.4200134277344,343.1400146484375,343.364990234375,12230959
2025-08-25 16:30:00+00:00,348.34991455078125,348.70001220703125,344.70001220703125,345.7099914550781,10365280
2025-08-25 17:30:00+00:00,346.8299865722656,348.67999267578125,346.05999755859375,348.3500061035156,8939240
2025-08-25 18:30:00+00:00,348.4601135253906,349.5299987792969,346.260009765625,346.8599853515625,9890900
2025-08-25 19:30:00+00:00,346.5950012207031,348.7049865722656,346.5,348.5,7634926
2025-08-26 13:30:00+00:00,346.0899963378906,349.1400146484375,344.29998779296875,345.9700012207031,20712891
2025-08-26 14:30:00+00:00,347.07000732421875,347.7900085449219,345.1400146484375,346.04278564453125,8927284
2025-08-26 15:30:00+00:00,346.2799987792969,347.12701416015625,343.7200012207031,347.0400085449219,8505132
2025-08-26 16:30:00+00:00,347.1000061035156,347.2799987792969,345.7099914550781,346.30999755859375,5829459
2025-08-26 17:30:00+00:00,346.94000244140625,347.20989990234375,345.07501220703125,347.135009765625,5358454
2025-08-26 18:30:00+00:00,349.70001220703125,350.0,346.8999938964844,346.94000244140625,9711597
2025-08-26 19:30:00+00:00,351.7699890136719,351.8999938964844,349.1199951171875,349.7200012207031,9820010
2025-08-27 13:30:00+00:00,352.7532043457031,355.3900146484375,349.7799987792969,351.94000244140625,20984934
2025-08-27 14:30:00+00:00,352.9800109863281,354.1199951171875,351.20001220703125,352.7850036621094,9289833
2025-08-27 15:30:00+00:00,350.6401062011719,353.32000732421875,349.156005859375,353.010009765625,8480485
2025-08-27 16:30:00+00:00,350.9849853515625,351.5,350.0,350.635009765625,5661442
2025-08-27 17:30:00+00:00,351.3399963378906,352.0299987792969,350.30999755859375,350.9873962402344,4580631
2025-08-27 18:30:00+00:00,349.9115905761719,351.79998779296875,349.32000732421875,351.2929992675781,6536458
2025-08-27 19:30:00+00:00,349.5,351.1000061035156,349.45001220703125,349.9200134277344,5456036
2025-08-28 13:30:00+00:00,345.0950012207031,353.54998779296875,344.909912109375,350.9849853515625,18828815
2025-08-28 14:30:00+00:00,341.92999267578125,346.1299133300781,341.6099853515625,345.1099853515625,12406434
2025-08-28 15:30:00+00:00,343.20001220703125,343.25,340.2699890136719,341.9549865722656,10131733
2025-08-28 16:30:00+00:00,343.4549865722656,344.32000732421875,342.44000244140625,343.1700134277344,5722743
2025-08-28 17:30:00+00:00,345.0050048828125,345.20989990234375,343.4599914550781,343.4599914550781,4827917
2025-08-28 18:30:00+00:00,346.45001220703125,346.5,343.67999267578125,345.0,6486520
2025-08-28 19:30:00+00:00,345.79998779296875,346.8699951171875,345.79998779296875,346.44000244140625,5673146
2025-08-29 13:30:00+00:00,339.7091064453125,348.7499084472656,337.4800109863281,347.2300109863281,22126965
2025-08-29 14:30:00+00:00,338.9200134277344,340.16729736328125,337.70001220703125,339.7149963378906,8839259
2025-08-29 15:30:00+00:00,335.8851013183594,339.0899963378906,334.7799987792969,338.90008544921875,12176779
2025-08-29 16:30:00+00:00,333.7449951171875,336.59991455078125,332.6499938964844,335.9100036621094,8565346
2025-08-29 17:30:00+00:00,332.67999267578125,334.4100036621094,332.44000244140625,333.7474060058594,6382419
2025-08-29 18:30:00+00:00,332.114990234375,333.06988525390625,331.70001220703125,332.69000244140625,8068499
2025-08-29 19:30:00+00:00,333.9700012207031,334.4800109863281,332.1156921386719,332.12091064453125,8965451
2025-09-02 13:30:00+00:00,332.7550048828125,333.3283996582031,325.6000061035156,327.0,18522989
2025-09-02 14:30:00+00:00,328.40850830078125,332.7900085449219,327.8999938964844,332.7749938964844,8457833
2025-09-02 15:30:00+00:00,329.25,329.8689880371094,327.0299987792969,328.3800048828125,6914884
2025-09-02 16:30:00+00:00,329.79998779296875,330.3900146484375,328.45001220703125,329.2300109863281,5065715
2025-09-02 17:30:00+00:00,328.17999267578125,330.6400146484375,327.92999267578125,329.82000732421875,5076802
2025-09-02 18:30:00+00:00,329.2850036621094,329.489990234375,327.8699951171875,328.20001220703125,5045024
2025-09-02 19:30:00+00:00,329.3699951171875,329.877197265625,328.94000244140625,329.2850036621094,4153662
2025-09-03 13:30:00+00:00,336.0799865722656,337.30999755859375,328.510009765625,335.1000061035156,23334852
2025-09-03 14:30:00+00:00,340.1499938964844,342.5299987792969,336.010009765625,336.08990478515625,19473135
2025-09-03 15:30:00+00:00,341.7149963378906,343.3299865722656,339.3399963378906,340.1700134277344,10627653
2025-09-03 16:30:00+00:00,341.7449951171875,342.5599060058594,340.52191162109375,341.739990234375,6317426
2025-09-03 17:30:00+00:00,336.82000732421875,342.0299072265625,336.3900146484375,341.7611999511719,8432413
2025-09-03 18:30:00+00:00,335.6278076171875,336.8081970214844,334.6199951171875,336.7900085449219,10187732
2025-09-03 19:30:00+00:00,334.0400085449219,337.1487121582031,334.010009765625,335.6283874511719,6772611
2025-09-04 13:30:00+00:00,333.760009765625,337.635009765625,331.4800109863281,336.1700134277344,19435646
2025-09-04 14:30:00+00:00,334.7909851074219,334.9800109863281,332.4211120605469,333.7349853515625,8847257
2025-09-04 15:30:00+00:00,333.1825866699219,336.1000061035156,332.8601989746094,334.7703857421875,6692219
2025-09-04 16:30:00+00:00,335.0799865722656,335.1050109863281,333.0600891113281,333.20001220703125,4903020
2025-09-04 17:30:00+00:00,335.39910888671875,336.3299865722656,334.7572937011719,335.0516052246094,4814049
2025-09-04 18:30:00+00:00,336.8500061035156,337.7300109863281,335.38861083984375,335.3984069824219,6327169
2025-09-04 19:30:00+00:00,338.56451416015625,338.8900146484375,336.739990234375,336.8800048828125,5320932
2025-09-05 13:30:00+00:00,347.8599853515625,355.8699951171875,346.2300109863281,350.25830078125,41713898
2025-09-05 14:30:00+00:00,348.55999755859375,349.1700134277344,344.68011474609375,347.8699951171875,15547953
2025-09-05 15:30:00+00:00,347.793701171875,349.5,345.8399963378906,348.57000732421875,9176713
2025-09-05 16:30:00+00:00,352.07501220703125,353.0,346.840087890625,347.80999755859375,9524856
2025-09-05 17:30:00+00:00,351.17999267578125,352.2892150878906,349.260009765625,352.04998779296875,9246120
2025-09-05 18:30:00+00:00,348.82000732421875,351.5400085449219,347.864990234375,351.17999267578125,10606400
2025-09-05 19:30:00+00:00,350.79998779296875,351.2699890136719,348.0400085449219,348.83880615234375,7999249
2025-09-08 13:30:00+00:00,352.3299865722656,358.0,350.20001220703125,354.68798828125,24325676
2025-09-08 14:30:00+00:00,349.283203125,352.4599914550781,347.45001220703125,352.32000732421875,12792337
2025-09-08 15:30:00+00:00,348.0,350.29998779296875,346.6300048828125,349.2799987792969,9348763
2025-09-08 16:30:00+00:00,347.42999267578125,348.0899963378906,344.8399963378906,347.9700012207031,8078343
2025-09-08 17:30:00+00:00,346.53851318359375,347.6300048828125,344.8999938964844,347.4800109863281,6495908
2025-09-08 18:30:00+00:00,346.1000061035156,347.2200012207031,345.4800109863281,346.5299987792969,5775860
2025-09-08 19:30:00+00:00,346.3999938964844,346.95001220703125,345.75,346.1300048828125,5156464
2025-09-09 13:30:00+00:00,346.614990234375,350.760009765625,345.5,347.2669982910156,17961191
2025-09-09 14:30:00+00:00,346.3800048828125,347.3699035644531,343.82000732421875,346.6400146484375,9666021
2025-09-09 15:30:00+00:00,347.6929931640625,348.5,346.0705871582031,346.3500061035156,5907576
2025-09-09 16:30:00+00:00,346.894287109375,348.20001220703125,346.20001220703125,347.69000244140625,4794972
2025-09-09 17:30:00+00:00,346.5849914550781,347.8399963378906,345.95001220703125,346.92999267578125,4079299
2025-09-09 18:30:00+00:00,346.3500061035156,347.156005859375,345.70001220703125,346.6000061035156,5327950
2025-09-09 19:30:00+00:00,347.0400085449219,347.20001220703125,346.0849914550781,346.3599853515625,4181752
2025-09-10 13:30:00+00:00,349.1600036621094,352.20001220703125,346.07000732421875,350.70001220703125,17505161
2025-09-10 14:30:00+00:00,354.6702880859375,356.32000732421875,349.07000732421875,349.0899963378906,15561690
2025-09-10 15:30:00+00:00,354.2330017089844,355.79998779296875,353.5,354.7200012207031,6879827
2025-09-10 16:30:00+00:00,354.260009765625,355.3815002441406,352.69000244140625,354.239990234375,6016079
2025-09-10 17:30:00+00:00,353.6542053222656,356.2799987792969,353.2099914550781,354.260986328125,6397367
2025-09-10 18:30:00+00:00,347.45001220703125,354.4432067871094,347.1600036621094,353.639892578125,9736011
2025-09-10 19:30:00+00:00,347.7900085449219,350.260009765625,347.3949890136719,347.4800109863281,6718007
2025-09-11 13:30:00+00:00,358.8800048828125,359.2799072265625,347.6000061035156,350.2200012207031,24289250
2025-09-11 14:30:00+00:00,361.6300048828125,363.29998779296875,357.0199890136719,358.8500061035156,10856523
2025-09-11 15:30:00+00:00,360.40899658203125,363.57000732421875,360.32000732421875,361.6099853515625,19537555
2025-09-11 16:30:00+00:00,364.089111328125,364.32000732421875,360.17999267578125,360.4100036621094,9235800
2025-09-11 17:30:00+00:00,365.260009765625,367.6400146484375,363.6600036621094,364.0849914550781,13779548
2025-09-11 18:30:00+00:00,367.06500244140625,368.3500061035156,364.9200134277344,365.2200012207031,10986615
2025-09-11 19:30:00+00:00,368.7950134277344,368.989990234375,365.82000732421875,367.07000732421875,8326710
2025-09-12 13:30:00+00:00,391.7650146484375,392.4288024902344,371.75,371.87530517578125,53519551
2025-09-12 14:30:00+00:00,388.2250061035156,394.19000244140625,386.8999938964844,391.79998779296875,26676814
2025-09-12 15:30:00+00:00,391.6650085449219,392.6700134277344,387.79998779296875,388.2250061035156,13875018
2025-09-12 16:30:00+00:00,393.6000061035156,395.989990234375,391.0799865722656,391.6650085449219,19010027
2025-09-12 17:30:00+00:00,394.95001220703125,395.5,393.20001220703125,393.57000732421875,12428407
2025-09-12 18:30:00+00:00,393.9800109863281,396.6899108886719,392.6099853515625,394.9750061035156,19328869
2025-09-12 19:30:00+00:00,396.0,396.5,391.8800964355469,393.9599914550781,12162526
2025-09-15 13:30:00+00:00,416.55999755859375,425.69989013671875,414.29998779296875,423.20001220703125,67189807
2025-09-15 14:30:00+00:00,422.3999938964844,424.1272888183594,415.8031921386719,416.54998779296875,19601078
2025-09-15 15:30:00+00:00,418.5,422.7300109863281,417.4056091308594,422.4100036621094,12007689
2025-09-15 16:30:00+00:00,417.5249938964844,420.17999267578125,415.7900085449219,418.510009765625,10289334
2025-09-15 17:30:00+00:00,406.6792907714844,418.20001220703125,406.6000061035156,417.5,16641777
2025-09-15 18:30:00+00:00,407.7300109863281,409.8500061035156,402.43011474609375,406.6600036621094,20903461
2025-09-15 19:30:00+00:00,410.2449951171875,411.239990234375,406.4100036621094,407.7099914550781,10594928
2025-09-16 13:30:00+00:00,416.1700134277344,419.5799865722656,411.42999267578125,414.4949951171875,32714090
2025-09-16 14:30:00+00:00,418.5801086425781,421.1499938964844,416.01129150390625,416.2085876464844,17115869
2025-09-16 15:30:00+00:00,420.1328125,420.6300048828125,417.0600891113281,418.6000061035156,10964806
2025-09-16 16:30:00+00:00,418.77508544921875,422.1199951171875,418.090087890625,420.1400146484375,10772313
2025-09-16 17:30:00+00:00,418.875,420.1400146484375,417.5,418.7749938964844,6886985
2025-09-16 18:30:00+00:00,420.5530090332031,420.95001220703125,418.3599853515625,418.860107421875,7600818
2025-09-16 19:30:00+00:00,421.54998779296875,423.25,420.5,420.54998779296875,9887949
2025-09-17 13:30:00+00:00,412.6200866699219,417.20001220703125,409.6700134277344,415.6050109863281,25362516
2025-09-17 14:30:00+00:00,417.20001220703125,418.6099853515625,411.9200134277344,412.6600036621094,11648950
2025-09-17 15:30:00+00:00,419.5364990234375,419.9595947265625,416.80999755859375,417.1700134277344,7865506
2025-09-17 16:30:00+00:00,419.73260498046875,420.4200134277344,416.6099853515625,419.55499267578125,6866508
2025-09-17 17:30:00+00:00,418.94500732421875,424.69000244140625,411.7699890136719,419.76141357421875,18409039
2025-09-17 18:30:00+00:00,427.135009765625,427.92999267578125,414.45001220703125,418.9100036621094,20703538
2025-09-17 19:30:00+00:00,425.5899963378906,428.3121032714844,425.29998779296875,427.135009765625,10716030
2025-09-18 13:30:00+00:00,428.94000244140625,431.54998779296875,421.95001220703125,428.864990234375,26176824
2025-09-18 14:30:00+00:00,424.7742004394531,432.21990966796875,424.58660888671875,428.9150085449219,13713048
2025-09-18 15:30:00+00:00,422.2121887207031,426.82000732421875,420.8299865722656,424.8299865722656,12120717
2025-09-18 16:30:00+00:00,423.4200134277344,426.32000732421875,421.79998779296875,422.20001220703125,8551866
2025-09-18 17:30:00+00:00,423.20001220703125,424.8500061035156,421.92999267578125,423.3830871582031,6944905
2025-09-18 18:30:00+00:00,422.4599914550781,424.760009765625,420.0,423.2449951171875,7991100
2025-09-18 19:30:00+00:00,416.7099914550781,422.489990234375,416.55999755859375,422.3800048828125,8578246
2025-09-19 13:30:00+00:00,426.7701110839844,429.4700012207031,421.7200012207031,421.9700012207031,30192173
2025-09-19 14:30:00+00:00,423.8244934082031,427.4100036621094,422.5799865722656,426.67999267578125,11591602
2025-09-19 15:30:00+00:00,422.7455139160156,424.9599914550781,421.8699951171875,423.82000732421875,9274622
2025-09-19 16:30:00+00:00,423.53729248046875,424.8800048828125,422.1499938964844,422.7449951171875,6665750
2025-09-19 17:30:00+00:00,425.69989013671875,426.1807861328125,423.0,423.55499267578125,6785589
2025-09-19 18:30:00+00:00,425.9573974609375,426.7099914550781,423.6343994140625,425.6600036621094,6737319
2025-09-19 19:30:00+00:00,425.8699951171875,427.0,425.20001220703125,426.010009765625,6152943
2025-09-22 13:30:00+00:00,444.260009765625,444.9158935546875,429.1300048828125,431.1600036621094,34135635
2025-09-22 14:30:00+00:00,442.5400085449219,444.9798889160156,439.9100036621094,444.34991455078125,12069885
2025-09-22 15:30:00+00:00,438.1496887207031,442.7699890136719,437.7799987792969,442.54998779296875,9340094
2025-09-22 16:30:00+00:00,433.0299987792969,438.510009765625,429.8999938964844,438.1300048828125,14678435
2025-09-22 17:30:00+00:00,433.239990234375,435.04998779296875,432.6000061035156,432.989990234375,8485436
2025-09-22 18:30:00+00:00,435.7749938964844,436.0,433.04998779296875,433.21160888671875,7073459
2025-09-22 19:30:00+00:00,434.0,436.29998779296875,433.3299865722656,435.8045959472656,6180090
2025-09-23 13:30:00+00:00,433.489990234375,440.9700012207031,431.19171142578125,440.0150146484375,17019032
2025-09-23 14:30:00+00:00,432.510009765625,435.1799011230469,430.875,433.6000061035156,8044015
2025-09-23 15:30:00+00:00,434.1300048828125,435.46868896484375,432.4100036621094,432.510009765625,5413128
2025-09-23 16:30:00+00:00,433.6650085449219,436.0400085449219,432.9200134277344,434.1799011230469,6031085
2025-09-23 17:30:00+00:00,425.6400146484375,434.7799987792969,423.7200012207031,433.6199951171875,13088705
2025-09-23 18:30:00+00:00,428.17999267578125,429.1400146484375,425.3399963378906,425.57000732421875,21250231
2025-09-23 19:30:00+00:00,425.8299865722656,429.4599914550781,425.54998779296875,428.2200012207031,6584979
2025-09-24 13:30:00+00:00,440.4544982910156,440.5400085449219,429.03009033203125,429.8299865722656,20691824
2025-09-24 14:30:00+00:00,439.3299865722656,440.464111328125,437.75,440.4599914550781,9278520
2025-09-24 15:30:00+00:00,437.1199951171875,440.5,433.2799987792969,439.3428955078125,10541613
2025-09-24 16:30:00+00:00,439.50689697265625,440.0899963378906,436.6700134277344,437.1300048828125,5749049
2025-09-24 17:30:00+00:00,439.25,440.510009765625,437.7200012207031,439.5,6739611
2025-09-24 18:30:00+00:00,443.4949951171875,443.95001220703125,439.0199890136719,439.4100036621094,9633583
2025-09-24 19:30:00+00:00,442.7699890136719,444.2099914550781,442.1700134277344,443.4700012207031,6702598
2025-09-25 13:30:00+00:00,429.159912109375,435.239990234375,423.41290283203125,435.239990234375,24690464
2025-09-25 14:30:00+00:00,426.8399963378906,430.3598937988281,425.9381103515625,429.1600036621094,9220566
2025-09-25 15:30:00+00:00,428.6600036621094,430.1700134277344,426.75,426.8299865722656,6289679
2025-09-25 16:30:00+00:00,426.9371032714844,429.67999267578125,425.8999938964844,428.7099914550781,5343186
2025-09-25 17:30:00+00:00,424.0299987792969,427.6000061035156,419.0799865722656,426.9100036621094,11524865
2025-09-25 18:30:00+00:00,425.79998779296875,427.0299072265625,423.0,423.9800109863281,7365559
2025-09-25 19:30:00+00:00,423.2300109863281,426.5400085449219,422.9800109863281,425.80499267578125,5175650
2025-09-26 13:30:00+00:00,423.30999755859375,434.6000061035156,421.0199890136719,428.385009765625,22810487
2025-09-26 14:30:00+00:00,429.6127014160156,429.6700134277344,422.4129943847656,423.30999755859375,10193884
2025-09-26 15:30:00+00:00,431.25,431.42999267578125,427.20001220703125,429.6000061035156,7014852
2025-09-26 16:30:00+00:00,433.0899963378906,433.2699890136719,430.3599853515625,431.32000732421875,5886172
2025-09-26 17:30:00+00:00,439.79998779296875,439.8699951171875,432.7405090332031,433.0906066894531,10396706
2025-09-26 18:30:00+00:00,439.4100036621094,440.25,437.260009765625,439.7900085449219,9460104
2025-09-26 19:30:00+00:00,440.4198913574219,440.4700012207031,437.9100036621094,439.4599914550781,6673146
2025-09-29 13:30:00+00:00,443.7950134277344,450.9800109863281,441.1499938964844,444.3550109863281,23576012
2025-09-29 14:30:00+00:00,442.2650146484375,445.239990234375,440.80999755859375,443.8699951171875,8550547
2025-09-29 15:30:00+00:00,441.88031005859375,442.55999755859375,439.5,442.32000732421875,7604385
2025-09-29 16:30:00+00:00,441.760009765625,442.7300109863281,439.67999267578125,441.95001220703125,5096735
2025-09-29 17:30:00+00:00,443.1449890136719,443.8500061035156,441.0799865722656,441.8299865722656,4868455
2025-09-29 18:30:00+00:00,440.75,443.84930419921875,440.3999938964844,443.1499938964844,4688920
2025-09-29 19:30:00+00:00,443.2099914550781,443.6400146484375,440.7190856933594,440.760009765625,3918174
2025-09-30 13:30:00+00:00,438.6600036621094,443.57989501953125,436.7099914550781,441.5899963378906,14153282
2025-09-30 14:30:00+00:00,437.9750061035156,440.7998962402344,436.7799987792969,438.6449890136719,7401204
2025-09-30 15:30:00+00:00,434.8900146484375,438.3500061035156,433.1199951171875,437.92999267578125,7672621
2025-09-30 16:30:00+00:00,437.4599914550781,437.9200134277344,434.7900085449219,434.79998779296875,4698599
2025-09-30 17:30:00+00:00,443.3900146484375,444.4100036621094,436.4497985839844,437.5,7500932
2025-09-30 18:30:00+00:00,444.0400085449219,444.25,441.2550048828125,443.3500061035156,7490436
2025-09-30 19:30:00+00:00,444.5400085449219,445.0,443.0,444.0299987792969,5238816
2025-10-01 13:30:00+00:00,455.6700134277344,456.2900085449219,440.760009765625,443.739990234375,22939924
2025-10-01 14:30:00+00:00,454.8550109863281,458.8699951171875,453.1199951171875,455.69500732421875,12718795
2025-10-01 15:30:00+00:00,456.2099914550781,456.42999267578125,452.4800109863281,454.8500061035156,6736158
2025-10-01 16:30:00+00:00,458.4700012207031,459.1000061035156,455.54998779296875,456.25,8551058
2025-10-01 17:30:00+00:00,459.3598937988281,461.1866149902344,457.8999938964844,458.4830017089844,24496802
2025-10-01 18:30:00+00:00,460.19500732421875,461.42999267578125,459.1900939941406,459.3456115722656,8283212
2025-10-01 19:30:00+00:00,459.4700012207031,462.2900085449219,459.010009765625,460.2200012207031,8367870
2025-10-02 13:30:00+00:00,454.75,470.75,453.3800048828125,470.5400085449219,44827170
2025-10-02 14:30:00+00:00,450.3039855957031,456.04998779296875,449.340087890625,454.74700927734375,17800295
2025-10-02 15:30:00+00:00,447.38299560546875,451.1400146484375,444.7300109863281,450.3492126464844,16576158
2025-10-02 16:30:00+00:00,445.8900146484375,447.79998779296875,441.4599914550781,447.37200927734375,13221154
2025-10-02 17:30:00+00:00,441.2484130859375,446.7799987792969,439.0799865722656,445.8900146484375,13814391
2025-10-02 18:30:00+00:00,442.7799987792969,444.20001220703125,438.45001220703125,441.19110107421875,12917989
2025-10-02 19:30:00+00:00,435.9700012207031,443.0400085449219,435.57000732421875,442.7850036621094,11471953
2025-10-03 13:30:00+00:00,428.1300048828125,446.7699890136719,427.79998779296875,443.2850036621094,34831930
2025-10-03 14:30:00+00:00,430.82000732421875,431.6899108886719,424.7200012207031,428.1199951171875,23119722
2025-10-03 15:30:00+00:00,427.9400939941406,431.84991455078125,426.8399963378906,430.8349914550781,11629010
2025-10-03 16:30:00+00:00,420.93499755859375,428.29998779296875,419.55999755859375,428.0,16584375
2025-10-03 17:30:00+00:00,424.24249267578125,424.3900146484375,416.57501220703125,420.92999267578125,16636800
2025-10-03 18:30:00+00:00,428.1650085449219,429.2398986816406,421.5400085449219,424.260009765625,15598449
2025-10-03 19:30:00+00:00,429.8399963378906,430.2273864746094,426.5889892578125,428.17498779296875,9199674
2025-10-06 13:30:00+00:00,443.0592956542969,447.0400085449219,436.82000732421875,440.9100036621094,28035298
2025-10-06 14:30:00+00:00,446.07000732421875,447.42999267578125,442.590087890625,443.0450134277344,11299527
2025-10-06 15:30:00+00:00,448.0,448.8599853515625,444.70111083984375,446.1099853515625,9690004
2025-10-06 16:30:00+00:00,448.80950927734375,449.989990234375,447.2300109863281,448.0,6834800
2025-10-06 17:30:00+00:00,449.3550109863281,449.7864990234375,447.79998779296875,448.7950134277344,5269533
2025-10-06 18:30:00+00:00,452.0899963378906,453.5198974609375,449.30621337890625,449.3949890136719,9913100
2025-10-06 19:30:00+00:00,453.3599853515625,453.54998779296875,449.82000732421875,452.1000061035156,7434737
2025-10-07 13:30:00+00:00,447.37249755859375,452.67999267578125,442.2930908203125,447.8599853515625,22299936
2025-10-07 14:30:00+00:00,443.5799865722656,448.9800109863281,439.7699890136719,447.42999267578125,13225428
2025-10-07 15:30:00+00:00,443.072509765625,443.8192138671875,436.3210144042969,443.423095703125,11589608
2025-10-07 16:30:00+00:00,448.6499938964844,448.93011474609375,442.9566955566406,443.07000732421875,8457802
2025-10-07 17:30:00+00:00,443.52740478515625,450.19989013671875,442.5201110839844,448.6000061035156,9851760
2025-10-07 18:30:00+00:00,434.6180114746094,445.1700134277344,432.79998779296875,443.4767150878906,19569242
2025-10-07 19:30:00+00:00,432.8699951171875,438.05999755859375,432.4501037597656,434.6099853515625,9974029
2025-10-08 13:30:00+00:00,434.54998779296875,437.7699890136719,425.2300109863281,437.75799560546875,24367840
2025-10-08 14:30:00+00:00,433.9800109863281,436.19000244140625,431.40008544921875,434.54998779296875,9184169
2025-10-08 15:30:00+00:00,433.89959716796875,435.3125,432.1401062011719,433.93310546875,6091445
2025-10-08 16:30:00+00:00,435.7025146484375,436.9989929199219,432.9599914550781,433.95001220703125,5884273
2025-10-08 17:30:00+00:00,438.2699890136719,441.3299865722656,434.1499938964844,435.739990234375,8632119
2025-10-08 18:30:00+00:00,437.93499755859375,439.7528991699219,435.80999755859375,438.2900085449219,7060812
2025-10-08 19:30:00+00:00,438.6000061035156,440.0899963378906,437.4800109863281,437.8399963378906,5391436
2025-10-09 13:30:00+00:00,432.5840148925781,434.3399963378906,427.510009765625,431.70001220703125,19222511
2025-10-09 14:30:00+00:00,429.385009765625,432.5799865722656,426.17999267578125,432.5799865722656,12787872
2025-10-09 15:30:00+00:00,431.8599853515625,431.9100036621094,428.70001220703125,429.385009765625,6164105
2025-10-09 16:30:00+00:00,429.80999755859375,434.0,429.2200927734375,431.8900146484375,8538387
2025-10-09 17:30:00+00:00,431.4800109863281,432.1099853515625,427.4590148925781,429.739990234375,7098944
2025-10-09 18:30:00+00:00,435.385009765625,436.2594909667969,431.4580078125,431.4700012207031,7824678
2025-10-09 19:30:00+00:00,435.5299987792969,436.3500061035156,434.40008544921875,435.4049987792969,4845282
2025-10-10 13:30:00+00:00,437.04998779296875,443.1300048828125,433.30999755859375,436.5,19924512
2025-10-10 14:30:00+00:00,424.5899963378906,440.25,423.0,437.1000061035156,19593847
2025-10-10 15:30:00+00:00,421.3999938964844,426.5199890136719,416.010009765625,424.5899963378906,19462042
2025-10-10 16:30:00+00:00,419.55999755859375,422.4267883300781,415.44000244140625,421.4800109863281,12629219
2025-10-10 17:30:00+00:00,418.9540100097656,420.34991455078125,417.16619873046875,419.4200134277344,7677872
2025-10-10 18:30:00+00:00,414.2900085449219,419.4800109863281,413.3699951171875,418.9100036621094,10345558
2025-10-10 19:30:00+00:00,413.29998779296875,416.1600036621094,411.45001220703125,414.3500061035156,10787182
2025-10-13 13:30:00+00:00,423.364990234375,426.510009765625,419.70001220703125,423.70001220703125,19405392
2025-10-13 14:30:00+00:00,425.82501220703125,428.989990234375,420.92999267578125,423.3500061035156,12659255
2025-10-13 15:30:00+00:00,426.69000244140625,428.4100036621094,424.5400085449219,425.760009765625,6817408
2025-10-13 16:30:00+00:00,429.0083923339844,429.32989501953125,425.6099853515625,426.7300109863281,5877327
2025-10-13 17:30:00+00:00,435.95001220703125,436.8900146484375,428.42999267578125,429.0199890136719,11616442
2025-10-13 18:30:00+00:00,433.20001220703125,436.3799133300781,431.6400146484375,435.92999267578125,9823498
2025-10-13 19:30:00+00:00,435.8999938964844,436.29998779296875,432.54998779296875,433.1099853515625,6835398
2025-10-14 13:30:00+00:00,424.79998779296875,426.8299865722656,417.8599853515625,426.7900085449219,22693211
2025-10-14 14:30:00+00:00,423.9100036621094,425.4200134277344,421.93011474609375,424.7699890136719,8541924
2025-10-14 15:30:00+00:00,430.6474914550781,431.6000061035156,423.7300109863281,423.9999084472656,10237214
2025-10-14 16:30:00+00:00,432.23919677734375,434.20001220703125,428.8800048828125,430.6340026855469,8942465
2025-10-14 17:30:00+00:00,433.54998779296875,434.14990234375,430.6400146484375,432.260009765625,5036215
2025-10-14 18:30:00+00:00,432.3949890136719,433.80999755859375,430.5,433.5799865722656,5808925
2025-10-14 19:30:00+00:00,429.2300109863281,432.4800109863281,426.8800048828125,432.3974914550781,6672158
2025-10-15 13:30:00+00:00,439.44000244140625,440.510009765625,429.70001220703125,434.79998779296875,19514905
2025-10-15 14:30:00+00:00,437.3299865722656,440.44000244140625,433.5675964355469,439.5199890136719,12743079
2025-10-15 15:30:00+00:00,434.79998779296875,438.04998779296875,431.2401123046875,437.3590087890625,8925894
2025-10-15 16:30:00+00:00,428.68499755859375,435.3900146484375,426.3301086425781,434.67010498046875,9161059
2025-10-15 17:30:00+00:00,432.0299987792969,433.17999267578125,428.44000244140625,428.7749938964844,6659068
2025-10-15 18:30:00+00:00,434.85198974609375,435.2699890136719,431.789306640625,432.07000732421875,6306390
2025-10-15 19:30:00+00:00,435.19000244140625,435.42999267578125,432.4599914550781,434.864990234375,5068441
2025-10-16 13:30:00+00:00,435.7799987792969,437.30999755859375,431.75,434.75,16324487
2025-10-16 14:30:00+00:00,435.57989501953125,439.3500061035156,434.6400146484375,435.8900146484375,10443659
2025-10-16 15:30:00+00:00,429.67999267578125,436.2099914550781,429.1099853515625,435.3999938964844,10487128
2025-10-16 16:30:00+00:00,431.04998779296875,431.9779968261719,425.80999755859375,429.6235046386719,10963606
2025-10-16 17:30:00+00:00,423.5799865722656,431.6499938964844,423.1400146484375,430.9200134277344,9237584
2025-10-16 18:30:00+00:00,425.3299865722656,428.4700012207031,421.3100891113281,423.70001220703125,9797672
2025-10-16 19:30:00+00:00,428.5849914550781,430.4352111816406,424.5,425.29998779296875,6203113
2025-10-17 13:30:00+00:00,439.1549987792969,440.75,423.6000061035156,425.5,27510518
2025-10-17 14:30:00+00:00,433.2434997558594,439.3699951171875,431.3395080566406,439.1600036621094,14355110
2025-10-17 15:30:00+00:00,438.7699890136719,439.3299865722656,430.80999755859375,433.3599853515625,10699527
2025-10-17 16:30:00+00:00,436.55999755859375,439.04998779296875,434.89581298828125,438.6700134277344,7586702
2025-10-17 17:30:00+00:00,439.510009765625,440.3999938964844,436.1099853515625,436.635009765625,8969950
2025-10-17 18:30:00+00:00,439.3999938964844,441.455810546875,437.04998779296875,439.510009765625,8956957
2025-10-17 19:30:00+00:00,439.2699890136719,439.8999938964844,437.6499938964844,439.42999267578125,6909285
2025-10-20 13:30:00+00:00,445.4800109863281,449.79998779296875,441.110107421875,443.7875061035156,21214043
2025-10-20 14:30:00+00:00,443.03009033203125,445.7298889160156,440.6099853515625,445.4100036621094,9333158
2025-10-20 15:30:00+00:00,444.1600036621094,447.2499084472656,441.9100036621094,443.05999755859375,8049449
2025-10-20 16:30:00+00:00,443.2513122558594,445.1499938964844,441.9100036621094,444.1679992675781,4914807
2025-10-20 17:30:00+00:00,444.4714050292969,445.6300048828125,442.52081298828125,443.2178955078125,5164338
2025-10-20 18:30:00+00:00,446.57000732421875,446.8999938964844,443.9599914550781,444.4844970703125,5876103
2025-10-20 19:30:00+00:00,447.3500061035156,447.9779968261719,446.3500061035156,446.5799865722656,5024663
2025-10-21 13:30:00+00:00,444.75,448.75,442.04998779296875,445.7550048828125,16515704
2025-10-21 14:30:00+00:00,446.289306640625,447.1000061035156,443.70001220703125,444.70001220703125,7368728
2025-10-21 15:30:00+00:00,448.2900085449219,449.29998779296875,445.44000244140625,446.25,7733851
2025-10-21 16:30:00+00:00,445.697998046875,448.989990234375,444.75201416015625,448.30999755859375,5859291
2025-10-21 17:30:00+00:00,445.6169128417969,446.5,444.32000732421875,445.6716003417969,4753623
2025-10-21 18:30:00+00:00,445.2699890136719,446.20989990234375,444.9700012207031,445.6000061035156,3987488
2025-10-21 19:30:00+00:00,442.510009765625,446.54998779296875,442.5,445.2300109863281,4988781
2025-10-22 13:30:00+00:00,434.1499938964844,445.39990234375,433.3999938964844,443.45001220703125,16249140
2025-10-22 14:30:00+00:00,433.25,438.0899963378906,431.875,434.0635070800781,12877784
2025-10-22 15:30:00+00:00,433.94000244140625,436.3599853515625,432.2799987792969,433.29998779296875,7629534
2025-10-22 16:30:00+00:00,432.92498779296875,435.0899963378906,429.0,433.9364929199219,8534068
2025-10-22 17:30:00+00:00,433.7200012207031,433.8500061035156,429.54998779296875,432.92999267578125,7140246
2025-10-22 18:30:00+00:00,437.7749938964844,438.3900146484375,433.0,433.7200012207031,9558207
2025-10-22 19:30:00+00:00,438.8399963378906,439.5899963378906,437.0299987792969,437.79998779296875,7018353
2025-10-23 13:30:00+00:00,424.45989990234375,426.1600036621094,413.8999938964844,420.1000061035156,35801507
2025-10-23 14:30:00+00:00,430.8900146484375,431.8800048828125,420.5,424.42999267578125,16204170
2025-10-23 15:30:00+00:00,436.3500061035156,436.7300109863281,430.760009765625,430.864990234375,12023978
2025-10-23 16:30:00+00:00,446.15008544921875,449.39990234375,436.2300109863281,436.4010925292969,23969729
2025-10-23 17:30:00+00:00,448.2582092285156,448.4200134277344,442.989990234375,446.135009765625,12103933
2025-10-23 18:30:00+00:00,446.8399963378906,448.8399963378906,441.55999755859375,448.31988525390625,11364161
2025-10-23 19:30:00+00:00,448.9949951171875,449.29998779296875,445.9100036621094,446.7626037597656,9908004
2025-10-24 13:30:00+00:00,440.968994140625,451.67999267578125,439.510009765625,446.9800109863281,28096501
2025-10-24 14:30:00+00:00,441.2669982910156,441.489990234375,437.8399963378906,440.8999938964844,12400737
2025-10-24 15:30:00+00:00,437.4289855957031,441.3699951171875,437.0700988769531,441.239990234375,9054137
2025-10-24 16:30:00+00:00,435.1736145019531,437.8800048828125,434.510009765625,437.4280090332031,10244909
2025-10-24 17:30:00+00:00,433.4668884277344,436.4200134277344,432.8800048828125,435.1600036621094,9448147
2025-10-24 18:30:00+00:00,433.2669982910156,433.70001220703125,430.5,433.4778137207031,11687277
2025-10-24 19:30:00+00:00,433.5899963378906,434.1400146484375,430.1700134277344,433.25079345703125,8407232
2025-10-27 13:30:00+00:00,449.1498107910156,449.5899963378906,438.69000244140625,439.8900146484375,25075639
2025-10-27 14:30:00+00:00,454.0799865722656,455.19000244140625,445.6099853515625,449.1839904785156,16060952
2025-10-27 15:30:00+00:00,456.05499267578125,457.2200012207031,453.5799865722656,454.0650939941406,14599157
2025-10-27 16:30:00+00:00,458.0,459.1499938964844,455.510009765625,456.07000732421875,10260513
2025-10-27 17:30:00+00:00,456.8800048828125,460.1600036621094,456.79998779296875,457.9800109863281,9841184
2025-10-27 18:30:00+00:00,448.29559326171875,457.8793029785156,447.260009765625,456.9200134277344,15384512
2025-10-27 19:30:00+00:00,452.3500061035156,453.8999938964844,447.6000061035156,448.2898864746094,8671159
2025-10-28 13:30:00+00:00,463.260009765625,464.7799987792969,451.6000061035156,454.6000061035156,25284552
2025-10-28 14:30:00+00:00,464.4100036621094,465.29998779296875,460.1874084472656,463.2898864746094,11598781
2025-10-28 15:30:00+00:00,465.8851013183594,466.489990234375,463.010009765625,464.3699951171875,9309552
2025-10-28 16:30:00+00:00,464.2099914550781,467.0,462.6618957519531,465.8550109863281,7544455
2025-10-28 17:30:00+00:00,462.4549865722656,465.0400085449219,458.57000732421875,464.20001220703125,11148732
2025-10-28 18:30:00+00:00,461.92010498046875,462.56988525390625,459.3299865722656,462.4549865722656,6631940
2025-10-28 19:30:00+00:00,460.5400085449219,463.1199951171875,458.6700134277344,461.9700012207031,5463844
2025-10-29 13:30:00+00:00,461.8705139160156,465.70001220703125,457.92999267578125,462.42498779296875,18452969
2025-10-29 14:30:00+00:00,458.8734130859375,462.1600036621094,456.7900085449219,461.8550109863281,9342977
2025-10-29 15:30:00+00:00,459.3599853515625,459.5,457.5516052246094,458.8900146484375,5431705
2025-10-29 16:30:00+00:00,459.0,462.0,458.57000732421875,459.3599853515625,5022214
2025-10-29 17:30:00+00:00,460.731689453125,462.95001220703125,458.55999755859375,458.8800048828125,7086248
2025-10-29 18:30:00+00:00,461.1250915527344,462.07000732421875,452.6499938964844,460.7300109863281,13614810
2025-10-29 19:30:00+00:00,461.4700012207031,461.9200134277344,459.2300109863281,461.1300048828125,5581970
2025-10-30 13:30:00+00:00,444.4200134277344,455.0606994628906,443.8800048828125,451.04998779296875,15599444
2025-10-30 14:30:00+00:00,442.614990234375,446.489990234375,441.79998779296875,444.3599853515625,9005817
2025-10-30 15:30:00+00:00,445.139892578125,445.57000732421875,439.6099853515625,442.5873107910156,7947969
2025-10-30 16:30:00+00:00,445.8799133300781,446.75,443.2799987792969,445.1400146484375,4737578
2025-10-30 17:30:00+00:00,442.76800537109375,445.8699951171875,441.8200988769531,445.8034973144531,3680472
2025-10-30 18:30:00+00:00,441.94500732421875,444.07989501953125,440.79998779296875,442.7699890136719,4549305
2025-10-30 19:30:00+00:00,440.07000732421875,443.0,440.0,441.9800109863281,3932980
2025-10-31 13:30:00+00:00,455.010009765625,456.2099914550781,446.1000061035156,446.7300109863281,15092292
2025-10-31 14:30:00+00:00,456.32550048828125,457.7278137207031,453.7300109863281,455.04998779296875,8122712
2025-10-31 15:30:00+00:00,453.8799133300781,456.6400146484375,450.510009765625,456.2799987792969,7637331
2025-10-31 16:30:00+00:00,444.7795104980469,454.3999938964844,443.68548583984375,453.8399963378906,7966750
2025-10-31 17:30:00+00:00,452.42999267578125,453.6000061035156,444.5,444.7200012207031,7803484
2025-10-31 18:30:00+00:00,454.0899963378906,454.3999938964844,450.6806945800781,452.4800109863281,6805104
2025-10-31 19:30:00+00:00,456.5199890136719,456.8800048828125,453.1099853515625,454.1400146484375,5309239
2025-11-03 14:30:00+00:00,469.0799865722656,474.07000732421875,453.8800048828125,455.989990234375,22611538
2025-11-03 15:30:00+00:00,468.94989013671875,473.1700134277344,466.7200012207031,469.07000732421875,10073726
2025-11-03 16:30:00+00:00,467.1171875,469.94000244140625,465.3059997558594,468.94500732421875,7986318
2025-11-03 17:30:00+00:00,468.306396484375,470.7898864746094,466.7587890625,467.1099853515625,5405468
2025-11-03 18:30:00+00:00,465.90899658203125,469.0,464.6499938964844,468.30999755859375,5102787
2025-11-03 19:30:00+00:00,469.32000732421875,470.72119140625,465.4100036621094,465.9150085449219,6454635
2025-11-03 20:30:00+00:00,468.42999267578125,470.27880859375,468.2200012207031,469.3500061035156,4240033
2025-11-04 14:30:00+00:00,458.0931091308594,460.2200012207031,447.69000244140625,454.3699951171875,18281155
2025-11-04 15:30:00+00:00,452.79998779296875,458.9798889160156,451.05010986328125,458.125,7977294
2025-11-04 16:30:00+00:00,450.7799987792969,454.6593933105469,448.1000061035156,452.79998779296875,7083157
2025-11-04 17:30:00+00:00,447.6000061035156,451.3399963378906,446.3699951171875,450.79998779296875,6965218
2025-11-04 18:30:00+00:00,449.3299865722656,451.5400085449219,446.34100341796875,447.5799865722656,6405753
2025-11-04 19:30:00+00:00,448.5,449.42999267578125,443.8599853515625,449.2799987792969,7363652
2025-11-04 20:30:00+00:00,444.2300109863281,449.4617004394531,443.80999755859375,448.5199890136719,5665507
2025-11-05 14:30:00+00:00,442.5450134277344,455.3900146484375,440.7099914550781,451.9200134277344,18078553
2025-11-05 15:30:00+00:00,450.94000244140625,451.5,442.25,442.5,7401407
2025-11-05 16:30:00+00:00,452.6099853515625,453.3299865722656,450.05999755859375,450.9399108886719,6516652
2025-11-05 17:30:00+00:00,457.9576110839844,458.20001220703125,452.29998779296875,452.6400146484375,5620079
2025-11-05 18:30:00+00:00,462.035400390625,464.7699890136719,457.1000061035156,457.9735107421875,9024313
2025-11-05 19:30:00+00:00,461.6300048828125,466.32989501953125,460.8399963378906,462.0,8152952
2025-11-05 20:30:00+00:00,462.25,462.7699890136719,459.6401062011719,461.6200866699219,5650818
2025-11-06 14:30:00+00:00,451.5198974609375,467.45001220703125,450.92999267578125,461.9599914550781,20192466
2025-11-06 15:30:00+00:00,441.114990234375,452.260009765625,437.6400146484375,451.57000732421875,13412792
2025-11-06 16:30:00+00:00,439.9988098144531,443.9599914550781,435.0899963378906,441.0899963378906,11829453
2025-11-06 17:30:00+00:00,446.8299865722656,447.739990234375,439.53070068359375,439.9700012207031,8344629
2025-11-06 18:30:00+00:00,451.1799011230469,451.25,446.29998779296875,446.82000732421875,9503219
2025-11-06 19:30:00+00:00,449.10009765625,451.4599914550781,446.67010498046875,451.0899963378906,8067924
2025-11-06 20:30:00+00:00,446.1099853515625,449.8599853515625,444.18499755859375,449.1099853515625,5949251
2025-11-07 14:30:00+00:00,434.2250061035156,437.9425048828125,423.3999938964844,437.8900146484375,25340627
2025-11-07 15:30:00+00:00,428.239990234375,434.8599853515625,426.2900085449219,434.2250061035156,10041263
2025-11-07 16:30:00+00:00,428.7434997558594,429.2799987792969,421.8800048828125,428.19000244140625,9926006
2025-11-07 17:30:00+00:00,429.8075866699219,429.8900146484375,424.44000244140625,428.7550048828125,6341342
2025-11-07 18:30:00+00:00,432.4059143066406,433.8900146484375,429.1000061035156,429.8099060058594,6470793
2025-11-07 19:30:00+00:00,431.07659912109375,437.6000061035156,431.010986328125,432.44000244140625,8798520
2025-11-07 20:30:00+00:00,429.3800048828125,432.3500061035156,428.1700134277344,431.1571960449219,5689978
2025-11-10 14:30:00+00:00,444.79998779296875,445.34991455078125,433.3599853515625,439.6300048828125,18250761
2025-11-10 15:30:00+00:00,446.8800048828125,449.6715087890625,442.2300109863281,444.75,10787934
2025-11-10 16:30:00+00:00,446.2099914550781,449.42999267578125,444.32000732421875,446.8500061035156,7231818
2025-11-10 17:30:00+00:00,444.5950012207031,448.70001220703125,444.45001220703125,446.2300109863281,4827067
2025-11-10 18:30:00+00:00,446.4700012207031,447.70001220703125,442.0799865722656,444.58221435546875,6468919
2025-11-10 19:30:00+00:00,444.6105041503906,447.1505126953125,443.7699890136719,446.510009765625,4826090
2025-11-10 20:30:00+00:00,445.260009765625,446.04998779296875,443.54998779296875,444.5799865722656,4032161
2025-11-11 14:30:00+00:00,435.2665100097656,442.489990234375,434.82000732421875,439.3999938964844,13387275
2025-11-11 15:30:00+00:00,433.3699951171875,436.3999938964844,432.739990234375,435.32000732421875,8678369
2025-11-11 16:30:00+00:00,433.9206848144531,435.4200134277344,432.3599853515625,433.3699951171875,6055282
2025-11-11 17:30:00+00:00,435.8301086425781,436.7099914550781,433.2300109863281,433.9700012207031,5069321
2025-11-11 18:30:00+00:00,437.375,437.7200012207031,434.08221435546875,435.8599853515625,4577265
2025-11-11 19:30:00+00:00,436.9800109863281,437.8500061035156,436.0,437.3995056152344,4225128
2025-11-11 20:30:00+00:00,439.3999938964844,440.45989990234375,436.4100036621094,436.9700012207031,4057469
2025-11-12 14:30:00+00:00,433.4432067871094,442.3290100097656,430.8999938964844,442.1099853515625,12428126
2025-11-12 15:30:00+00:00,430.1787109375,433.659912109375,427.42999267578125,433.3514099121094,8695506
2025-11-12 16:30:00+00:00,430.3699951171875,431.92999267578125,426.55999755859375,430.1099853515625,5924992
2025-11-12 17:30:00+00:00,431.4292907714844,432.3299865722656,429.5299987792969,430.3299865722656,4144114
2025-11-12 18:30:00+00:00,430.38079833984375,431.889892578125,429.6650085449219,431.3900146484375,3525640
2025-11-12 19:30:00+00:00,431.239990234375,431.3299865722656,429.0,430.4700012207031,4170233
2025-11-12 20:30:00+00:00,430.6199951171875,432.75,430.07000732421875,431.25,3458286
2025-11-13 14:30:00+00:00,410.3456115722656,424.5,408.55999755859375,423.17498779296875,22016417
2025-11-13 15:30:00+00:00,407.0799865722656,410.8699951171875,404.1300048828125,410.3900146484375,14310459
2025-11-13 16:30:00+00:00,403.5400085449219,407.8999938964844,400.5600891113281,407.0899963378906,12228019
2025-11-13 17:30:00+00:00,398.3599853515625,404.5799865722656,397.60009765625,403.5299987792969,11873308
2025-11-13 18:30:00+00:00,402.6925048828125,402.94000244140625,396.42010498046875,398.3599853515625,10567231
2025-11-13 19:30:00+00:00,402.2099914550781,403.57000732421875,398.2699890136719,402.6000061035156,10251092
2025-11-13 20:30:00+00:00,401.9010009765625,404.3299865722656,399.30999755859375,402.2099914550781,6886920
2025-11-14 14:30:00+00:00,399.8800048828125,400.57000732421875,382.7799987792969,386.239990234375,27474358
2025-11-14 15:30:00+00:00,408.3900146484375,410.32000732421875,398.2200012207031,400.0098876953125,14924250
2025-11-14 16:30:00+00:00,408.8099060058594,412.19000244140625,406.8900146484375,408.3699951171875,9739997
2025-11-14 17:30:00+00:00,405.92999267578125,410.57000732421875,404.8699951171875,408.80999755859375,7223070
2025-11-14 18:30:00+00:00,408.510009765625,409.3299865722656,404.5299987792969,405.8900146484375,6624753
2025-11-14 19:30:00+00:00,406.7200012207031,410.4200134277344,405.8900146484375,408.5,5887553
2025-11-14 20:30:00+00:00,404.3299865722656,407.07000732421875,403.5299987792969,406.6600036621094,4812946
2025-11-17 14:30:00+00:00,415.7499084472656,417.5899963378906,398.8309020996094,398.8900146484375,21181392
2025-11-17 15:30:00+00:00,418.75,418.8299865722656,412.82000732421875,415.6600036621094,11186316
2025-11-17 16:30:00+00:00,419.55999755859375,423.9599914550781,418.45001220703125,418.7300109863281,10730502
2025-11-17 17:30:00+00:00,412.32000732421875,419.8500061035156,411.239990234375,419.6300048828125,10016127
2025-11-17 18:30:00+00:00,408.9100036621094,413.82000732421875,406.8399963378906,412.2799987792969,9563571
2025-11-17 19:30:00+00:00,406.82000732421875,409.54998779296875,404.80999755859375,408.8800048828125,8473321
2025-11-17 20:30:00+00:00,408.9800109863281,409.79998779296875,404.92999267578125,406.8399963378906,5620139
2025-11-18 14:30:00+00:00,396.7200012207031,408.8999938964844,393.7099914550781,405.3800048828125,20165088
2025-11-18 15:30:00+00:00,404.0799865722656,405.2698974609375,394.6099853515625,396.7113037109375,10391383
2025-11-18 16:30:00+00:00,402.0899963378906,405.8500061035156,401.44000244140625,404.05499267578125,7130397
2025-11-18 17:30:00+00:00,404.1036071777344,408.6000061035156,401.260009765625,402.07000732421875,7536167
2025-11-18 18:30:00+00:00,402.8699951171875,406.3999938964844,402.010009765625,404.0849914550781,5903386
2025-11-18 19:30:00+00:00,402.1300048828125,406.6000061035156,400.7900085449219,402.8900146484375,5999859
2025-11-18 20:30:00+00:00,401.260009765625,403.4916076660156,401.0,402.1499938964844,4077679
2025-11-19 14:30:00+00:00,410.9649963378906,411.7799987792969,400.401611328125,406.2099914550781,15801818
2025-11-19 15:30:00+00:00,408.9241027832031,411.29998779296875,403.5899963378906,410.9649963378906,10137690
2025-11-19 16:30:00+00:00,403.0,409.4808044433594,401.5799865722656,408.93499755859375,7116508
2025-11-19 17:30:00+00:00,400.235107421875,404.4200134277344,398.5,402.9200134277344,6709017
2025-11-19 18:30:00+00:00,400.7250061035156,403.5799865722656,399.8599853515625,400.2099914550781,4530387
2025-11-19 19:30:00+00:00,404.60650634765625,406.0,400.1700134277344,400.6925964355469,5546428
2025-11-19 20:30:00+00:00,404.07000732421875,405.5398864746094,401.75,404.5799865722656,3623899
2025-11-20 14:30:00+00:00,427.8081970214844,428.1494140625,414.6300048828125,414.6300048828125,21450375
2025-11-20 15:30:00+00:00,418.3124084472656,428.94000244140625,417.1199951171875,427.8688049316406,13485983
2025-11-20 16:30:00+00:00,404.19500732421875,419.1099853515625,401.55999755859375,418.2799987792969,14939546
2025-11-20 17:30:00+00:00,405.20001220703125,408.1600036621094,398.4800109863281,404.1199951171875,12006142
2025-11-20 18:30:00+00:00,402.3778076171875,405.79998779296875,397.3900146484375,405.19000244140625,8431932
2025-11-20 19:30:00+00:00,399.739990234375,404.57989501953125,398.0400085449219,402.3299865722656,7190236
2025-11-20 20:30:00+00:00,395.07000732421875,400.6300048828125,394.7449951171875,399.7799987792969,6292243
2025-11-21 14:30:00+00:00,388.206298828125,402.6839904785156,387.79998779296875,402.2950134277344,19732698
2025-11-21 15:30:00+00:00,391.3800964355469,391.510009765625,383.760009765625,388.2099914550781,12712321
2025-11-21 16:30:00+00:00,400.375,401.2099914550781,389.7481994628906,391.4700012207031,12205100
2025-11-21 17:30:00+00:00,394.6400146484375,402.25,393.1701965332031,400.3900146484375,8240202
2025-11-21 18:30:00+00:00,401.70001220703125,402.32000732421875,394.3800048828125,394.6400146484375,8102757
2025-11-21 19:30:00+00:00,395.7904968261719,402.010009765625,395.7099914550781,401.739990234375,6210947
2025-11-21 20:30:00+00:00,391.20001220703125,397.6000061035156,390.57000732421875,395.760009765625,5420120
2025-11-24 14:30:00+00:00,414.69000244140625,416.25,401.2300109863281,402.1600036621094,21508410
2025-11-24 15:30:00+00:00,417.5600891113281,419.69000244140625,413.8999938964844,414.6650085449219,10991554
2025-11-24 16:30:00+00:00,418.95001220703125,420.3699951171875,416.6900939941406,417.55999755859375,7878639
2025-11-24 17:30:00+00:00,418.6000061035156,420.489990234375,418.010009765625,418.8999938964844,5343197
2025-11-24 18:30:00+00:00,419.25,421.7099914550781,418.1199951171875,418.6099853515625,5804149
2025-11-24 19:30:00+00:00,417.0799865722656,419.5,416.0,419.29998779296875,7144525
2025-11-24 20:30:00+00:00,417.5899963378906,421.45001220703125,416.6499938964844,417.0199890136719,5876049
2025-11-25 14:30:00+00:00,408.51849365234375,415.19000244140625,405.95001220703125,414.4100036621094,17268891
2025-11-25 15:30:00+00:00,412.4751892089844,412.6650085449219,408.05029296875,408.489990234375,8110342
2025-11-25 16:30:00+00:00,418.4200134277344,419.1300048828125,412.3999938964844,412.4949951171875,9228841
2025-11-25 17:30:00+00:00,418.6199951171875,420.4800109863281,417.2101135253906,418.4010009765625,5874250
2025-11-25 18:30:00+00:00,416.9700927734375,418.9700012207031,415.5199890136719,418.6300048828125,4625001
2025-11-25 19:30:00+00:00,417.54998779296875,418.4599914550781,414.6099853515625,416.9729919433594,5117371
2025-11-25 20:30:00+00:00,419.30999755859375,420.1600036621094,417.4700012207031,417.5799865722656,4224099
2025-11-26 14:30:00+00:00,419.5372009277344,425.5199890136719,416.8900146484375,423.9825134277344,15057444
2025-11-26 15:30:00+00:00,419.17999267578125,421.30999755859375,417.5,419.5504150390625,6789375
2025-11-26 16:30:00+00:00,420.7799987792969,421.8500061035156,418.2349853515625,419.29998779296875,5361915
2025-11-26 17:30:00+00:00,423.5299987792969,424.0899963378906,420.239990234375,420.82000732421875,5537855
2025-11-26 18:30:00+00:00,426.3114929199219,426.409912109375,422.0199890136719,423.510009765625,5628082
2025-11-26 19:30:00+00:00,425.1213073730469,426.4200134277344,423.32000732421875,426.30999755859375,5259126
2025-11-26 20:30:00+00:00,426.4750061035156,426.94000244140625,424.0,425.125,3985623
2025-11-28 14:30:00+00:00,427.3727111816406,432.92999267578125,426.20001220703125,426.4700012207031,12060539
2025-11-28 15:30:00+00:00,429.1600036621094,432.3800048828125,426.79998779296875,427.41949462890625,7093085
2025-11-28 16:30:00+00:00,429.71990966796875,430.3399963378906,428.45001220703125,429.1910095214844,4454518
2025-12-01 14:30:00+00:00,428.29998779296875,433.659912109375,425.29998779296875,425.3500061035156,14150394
2025-12-01 15:30:00+00:00,427.1299133300781,429.69000244140625,425.79998779296875,428.3163146972656,7086446
2025-12-01 16:30:00+00:00,429.1465148925781,429.55999755859375,426.6199951171875,427.0899963378906,4364528
2025-12-01 17:30:00+00:00,429.2799987792969,431.1099853515625,428.7900085449219,429.1300048828125,4514670
2025-12-01 18:30:00+00:00,427.84820556640625,429.3800048828125,427.010009765625,429.31500244140625,3860028
2025-12-01 19:30:00+00:00,428.82000732421875,428.8800048828125,426.32000732421875,427.7799987792969,4294187
2025-12-01 20:30:00+00:00,430.2998962402344,430.2998962402344,428.5400085449219,428.8399963378906,3692648
2025-12-02 14:30:00+00:00,429.80999755859375,436.79998779296875,427.739990234375,430.9599914550781,16409291
2025-12-02 15:30:00+00:00,424.1997985839844,431.9700012207031,423.0899963378906,429.864990234375,10380589
2025-12-02 16:30:00+00:00,425.51800537109375,426.2099914550781,422.1199951171875,424.1499938964844,6772953
2025-12-02 17:30:00+00:00,425.1195068359375,425.80999755859375,423.0,425.5299987792969,4296750
2025-12-02 18:30:00+00:00,426.82000732421875,427.57000732421875,424.05999755859375,425.0,4615365
2025-12-02 19:30:00+00:00,430.3900146484375,431.05999755859375,426.75,426.82000732421875,5926911
2025-12-02 20:30:00+00:00,429.010009765625,430.5,428.9200134277344,430.3800048828125,3325433
2025-12-03 14:30:00+00:00,441.2699890136719,442.6099853515625,431.1174011230469,431.8450012207031,20763558
2025-12-03 15:30:00+00:00,439.50201416015625,444.3800048828125,437.75,441.260009765625,10353635
2025-12-03 16:30:00+00:00,441.29998779296875,442.30999755859375,439.19000244140625,439.510009765625,6671392
2025-12-03 17:30:00+00:00,443.2799987792969,443.30499267578125,440.9700012207031,441.2799987792969,4184334
2025-12-03 18:30:00+00:00,446.9700012207031,447.9142150878906,442.6099853515625,443.29998779296875,8258123
2025-12-03 19:30:00+00:00,446.29998779296875,447.7699890136719,445.0299987792969,446.9700012207031,6411914
2025-12-03 20:30:00+00:00,446.8800048828125,447.2699890136719,445.2799987792969,446.2900085449219,4466139
2025-12-04 14:30:00+00:00,448.510009765625,454.625,445.3900146484375,449.6000061035156,19682343
2025-12-04 15:30:00+00:00,448.6300048828125,451.7099914550781,446.80999755859375,448.5299987792969,7780737
2025-12-04 16:30:00+00:00,449.80999755859375,450.79998779296875,448.30999755859375,448.5400085449219,5170784
2025-12-04 17:30:00+00:00,448.4599914550781,449.8760070800781,446.6000061035156,449.8299865722656,4446686
2025-12-04 18:30:00+00:00,447.5350036621094,449.3900146484375,446.20001220703125,448.4599914550781,4004408
2025-12-04 19:30:00+00:00,450.7850036621094,451.0299987792969,447.340087890625,447.5199890136719,5205730
2025-12-04 20:30:00+00:00,454.510009765625,454.6300048828125,450.7799987792969,450.82000732421875,5295455
2025-12-05 14:30:00+00:00,455.7701110839844,458.5,452.9700012207031,452.9700012207031,12966302
2025-12-05 15:30:00+00:00,453.125,458.8699951171875,452.4700012207031,455.7539978027344,9203876
2025-12-05 16:30:00+00:00,453.54998779296875,455.6000061035156,451.6600036621094,453.125,5131072
2025-12-05 17:30:00+00:00,455.2799987792969,455.5299987792969,453.29998779296875,453.4800109863281,3305869
2025-12-05 18:30:00+00:00,454.760009765625,455.5899963378906,453.6499938964844,455.27899169921875,3874632
2025-12-05 19:30:00+00:00,455.21978759765625,455.81500244140625,454.05999755859375,454.7650146484375,3854705
2025-12-05 20:30:00+00:00,454.94000244140625,455.4649963378906,454.29998779296875,455.2200012207031,3094596
2025-12-08 14:30:00+00:00,443.4872131347656,449.7463073730469,442.17999267578125,447.364990234375,14983165
2025-12-08 15:30:00+00:00,438.5180969238281,444.1099853515625,437.7300109863281,443.44000244140625,9173642
2025-12-08 16:30:00+00:00,437.29058837890625,439.4599914550781,436.5249938964844,438.5,6422787
2025-12-08 17:30:00+00:00,437.2695007324219,439.3900146484375,437.0799865722656,437.3128967285156,4944566
2025-12-08 18:30:00+00:00,436.4880065917969,437.20001220703125,435.25,437.20001220703125,4823133
2025-12-08 19:30:00+00:00,437.8399963378906,438.4100036621094,436.4599914550781,436.4700012207031,4604710
2025-12-08 20:30:00+00:00,439.5899963378906,439.739990234375,437.6000061035156,437.8699951171875,3726143
2025-12-09 14:30:00+00:00,445.3948059082031,445.510009765625,435.70001220703125,439.5799865722656,13370441
2025-12-09 15:30:00+00:00,446.44000244140625,448.3999938964844,444.8800048828125,445.3948059082031,7890607
2025-12-09 16:30:00+00:00,449.7204895019531,449.989990234375,446.19000244140625,446.45001220703125,6203286
2025-12-09 17:30:00+00:00,450.5264892578125,452.3900146484375,449.7099914550781,449.739990234375,5744384
2025-12-09 18:30:00+00:00,449.2200012207031,450.67999267578125,448.1700134277344,450.5264892578125,5187777
2025-12-09 19:30:00+00:00,447.2900085449219,449.3399963378906,446.8699951171875,449.2200012207031,3999222
2025-12-09 20:30:00+00:00,445.2099914550781,447.7300109863281,439.5799865722656,447.25,3409299
2025-12-10 14:30:00+00:00,445.9700012207031,450.20001220703125,443.6099853515625,446.010009765625,11281681
2025-12-10 15:30:00+00:00,446.044189453125,447.2499084472656,444.0,445.9200134277344,5474417
2025-12-10 16:30:00+00:00,445.01019287109375,446.4840087890625,444.9674987792969,446.04998779296875,3050612
2025-12-10 17:30:00+00:00,445.4259948730469,446.6300048828125,444.54998779296875,444.9700012207031,2829281
2025-12-10 18:30:00+00:00,447.9020080566406,449.9100036621094,444.2900085449219,445.4200134277344,6678185
2025-12-10 19:30:00+00:00,456.1796875,456.8800048828125,446.6600036621094,447.8900146484375,11778474
2025-12-10 20:30:00+00:00,451.4100036621094,456.2699890136719,451.17999267578125,456.1000061035156,5256362
2025-12-11 14:30:00+00:00,444.2200012207031,449.2698974609375,441.04998779296875,448.82501220703125,12967868
2025-12-11 15:30:00+00:00,441.4700012207031,444.55999755859375,440.3299865722656,444.2406005859375,7006235
2025-12-11 16:30:00+00:00,444.5409851074219,445.2300109863281,441.4100036621094,441.4700012207031,5058901
2025-12-11 17:30:00+00:00,446.1600036621094,447.3799133300781,444.5769958496094,444.6099853515625,4854618
2025-12-11 18:30:00+00:00,447.3999938964844,447.7699890136719,445.6400146484375,446.125,3508091
2025-12-11 19:30:00+00:00,444.9599914550781,448.0400085449219,444.510009765625,447.4495849609375,3780040
2025-12-11 20:30:00+00:00,446.94000244140625,447.0,444.17999267578125,444.9800109863281,3200355
2025-12-12 14:30:00+00:00,450.1300048828125,463.010009765625,449.8800048828125,452.25,21992395
2025-12-12 15:30:00+00:00,445.9283142089844,451.8900146484375,443.95001220703125,450.1600036621094,11132615
2025-12-12 16:30:00+00:00,448.06829833984375,449.17999267578125,441.6700134277344,445.92999267578125,7777515
2025-12-12 17:30:00+00:00,455.6099853515625,455.6600036621094,447.3599853515625,448.0400085449219,7984083
2025-12-12 18:30:00+00:00,450.9027099609375,456.3900146484375,450.0899963378906,455.6029968261719,7265756
2025-12-12 19:30:00+00:00,455.07000732421875,455.69000244140625,450.8999938964844,450.95001220703125,6481156
2025-12-12 20:30:00+00:00,459.1700134277344,459.1700134277344,453.75,455.05999755859375,6683835
2025-12-15 14:30:00+00:00,472.1300048828125,481.3699951171875,470.7099914550781,474.0,31213366
2025-12-15 15:30:00+00:00,481.0400085449219,481.7694091796875,471.3836975097656,472.1400146484375,13841132
2025-12-15 16:30:00+00:00,476.989990234375,481.6600036621094,475.0600891113281,481.0400085449219,8704150
2025-12-15 17:30:00+00:00,475.7296142578125,478.44000244140625,474.489990234375,476.9549865722656,6203939
2025-12-15 18:30:00+00:00,476.6650085449219,478.3205871582031,474.57501220703125,475.7300109863281,6183543
2025-12-15 19:30:00+00:00,477.8689880371094,478.8711853027344,475.7300109863281,476.6722106933594,6782737
2025-12-15 20:30:00+00:00,475.07000732421875,480.6400146484375,475.0299987792969,477.8800048828125,7282640
2025-12-16 14:30:00+00:00,475.1449890136719,482.05999755859375,465.8299865722656,472.2850036621094,23349392
2025-12-16 15:30:00+00:00,475.7349853515625,477.9100036621094,472.5799865722656,475.1449890136719,9893547
2025-12-16 16:30:00+00:00,478.8800048828125,481.3489990234375,475.1499938964844,475.8284912109375,8335113
2025-12-16 17:30:00+00:00,477.24090576171875,480.79998779296875,475.5884094238281,478.8599853515625,6468420
2025-12-16 18:30:00+00:00,480.0799865722656,480.3599853515625,477.2099914550781,477.30499267578125,6070346
2025-12-16 19:30:00+00:00,487.614990234375,487.7300109863281,479.42999267578125,480.0400085449219,11968826
2025-12-16 20:30:00+00:00,489.79998779296875,491.5,487.2200012207031,487.6391906738281,9727102
2025-12-17 14:30:00+00:00,490.70001220703125,495.239990234375,486.2200012207031,488.2149963378906,21426056
2025-12-17 15:30:00+00:00,478.369384765625,491.2598876953125,474.20001220703125,490.6700134277344,16412954
2025-12-17 16:30:00+00:00,478.0600891113281,478.8800048828125,474.94000244140625,478.3399963378906,8406117
2025-12-17 17:30:00+00:00,474.5350036621094,479.3999938964844,472.7300109863281,478.1400146484375,7236381
2025-12-17 18:30:00+00:00,467.2300109863281,474.8699951171875,466.20001220703125,474.5299987792969,9711021
2025-12-17 19:30:00+00:00,470.489990234375,471.25,466.8299865722656,467.2200012207031,7804193
2025-12-17 20:30:00+00:00,467.1600036621094,470.8999938964844,466.8599853515625,470.45001220703125,5718526
2025-12-18 14:30:00+00:00,483.42010498046875,483.5199890136719,473.1199951171875,477.8999938964844,19224956
2025-12-18 15:30:00+00:00,488.17999267578125,490.44000244140625,483.3699951171875,483.4700012207031,13368819
2025-12-18 16:30:00+00:00,487.83990478515625,490.8599853515625,484.57000732421875,488.1700134277344,10073626
2025-12-18 17:30:00+00:00,488.62200927734375,490.0400085449219,487.110107421875,487.77099609375,6234161
2025-12-18 18:30:00+00:00,486.65020751953125,489.20001220703125,485.4601135253906,488.6050109863281,5437523
2025-12-18 19:30:00+00:00,486.56500244140625,487.70001220703125,483.3800048828125,486.62030029296875,7359817
2025-12-18 20:30:00+00:00,483.3949890136719,488.9200134277344,483.1700134277344,486.6199951171875,5528384
2025-12-19 14:30:00+00:00,480.5450134277344,490.489990234375,480.1000061035156,488.5400085449219,18757745
2025-12-19 15:30:00+00:00,481.4549865722656,481.7200012207031,477.739990234375,480.5299987792969,9150750
2025-12-19 16:30:00+00:00,479.3407897949219,481.8999938964844,474.75,481.4549865722656,8335489
2025-12-19 17:30:00+00:00,481.2449951171875,481.3299865722656,477.82000732421875,479.3450012207031,6143135
2025-12-19 18:30:00+00:00,483.8299865722656,483.8900146484375,481.19000244140625,481.2900085449219,5520387
2025-12-19 19:30:00+00:00,482.20001220703125,483.9700012207031,480.6199951171875,483.8175048828125,4797947
2025-12-19 20:30:00+00:00,480.9100036621094,484.0,480.55999755859375,482.1400146484375,4384803
2025-12-22 14:30:00+00:00,487.9649963378906,498.82000732421875,486.1000061035156,489.25,24124999
2025-12-22 15:30:00+00:00,492.8599853515625,493.29998779296875,485.3299865722656,488.0,10348812
2025-12-22 16:30:00+00:00,494.94000244140625,495.2300109863281,491.79998779296875,492.8487854003906,6958815
2025-12-22 17:30:00+00:00,494.6400146484375,495.6000061035156,492.79998779296875,494.92010498046875,5553182
2025-12-22 18:30:00+00:00,493.080810546875,496.4100036621094,492.8699951171875,494.6400146484375,6542059
2025-12-22 19:30:00+00:00,487.5299987792969,493.7200012207031,487.5,493.05999755859375,6711466
2025-12-22 20:30:00+00:00,488.7699890136719,489.5899963378906,487.44000244140625,487.5,4256722
2025-12-23 14:30:00+00:00,486.7878112792969,491.94000244140625,485.010009765625,490.75,14224330
2025-12-23 15:30:00+00:00,485.6592102050781,489.3500061035156,485.32000732421875,486.8299865722656,5795975
2025-12-23 16:30:00+00:00,485.7619934082031,487.20001220703125,484.29998779296875,485.67498779296875,5572697
2025-12-23 17:30:00+00:00,485.3800048828125,486.19000244140625,483.3500061035156,485.7767028808594,4866427
2025-12-23 18:30:00+00:00,483.92919921875,486.05999755859375,482.84478759765625,485.3999938964844,4630891
2025-12-23 19:30:00+00:00,486.8699951171875,487.4100036621094,483.4800109863281,483.92498779296875,5346981
2025-12-23 20:30:00+00:00,485.6099853515625,486.8999938964844,484.57000732421875,486.8599853515625,3560052
2025-12-24 14:30:00+00:00,477.3340148925781,489.6499938964844,476.79998779296875,489.3599853515625,13122566
2025-12-24 15:30:00+00:00,481.69000244140625,482.0599060058594,477.1300964355469,477.3340148925781,7898707
2025-12-24 16:30:00+00:00,481.7699890136719,482.92999267578125,481.1400146484375,481.68121337890625,5855715
2025-12-26 14:30:00+00:00,477.1700134277344,489.0899963378906,476.8999938964844,486.0,13003334
2025-12-26 15:30:00+00:00,478.4798889160156,479.4100036621094,473.82000732421875,477.1600036621094,9935893
2025-12-26 16:30:00+00:00,479.6340026855469,479.7112121582031,476.610107421875,478.4800109863281,4978982
2025-12-26 17:30:00+00:00,478.8800048828125,480.5,478.4200134277344,479.5899963378906,4158112
2025-12-26 18:30:00+00:00,478.489990234375,479.239990234375,477.7200012207031,478.8599853515625,3801625
2025-12-26 19:30:00+00:00,478.3598937988281,478.8699035644531,477.75,478.489990234375,3123700
2025-12-26 20:30:00+00:00,475.19000244140625,478.3599853515625,474.9800109863281,478.3550109863281,3785990
2025-12-29 14:30:00+00:00,466.2500915527344,469.3999938964844,461.32000732421875,469.0,16500909
2025-12-29 15:30:00+00:00,467.6300048828125,467.80999755859375,465.2300109863281,466.2300109863281,6876082
2025-12-29 16:30:00+00:00,466.1181945800781,469.20001220703125,465.8699951171875,467.6199951171875,5176453
2025-12-29 17:30:00+00:00,464.0899963378906,466.7900085449219,463.739990234375,466.0950012207031,4384021
2025-12-29 18:30:00+00:00,463.010009765625,464.3800048828125,461.9501037597656,464.0600891113281,4717342
2025-12-29 19:30:00+00:00,462.6700134277344,464.3450012207031,462.0920104980469,463.0299987792969,4991238
2025-12-29 20:30:00+00:00,459.6199951171875,462.7499084472656,459.29998779296875,462.69500732421875,5449426
2025-12-30 14:30:00+00:00,460.67999267578125,461.0299987792969,453.8299865722656,460.0,14993491
2025-12-30 15:30:00+00:00,461.1300048828125,462.2099914550781,459.0199890136719,460.6300048828125,6151326
2025-12-30 16:30:00+00:00,462.1700134277344,463.1199951171875,460.69000244140625,461.1099853515625,5468641
2025-12-30 17:30:00+00:00,460.4960021972656,462.2799987792969,458.5799865722656,462.1300048828125,4954327
2025-12-30 18:30:00+00:00,458.614990234375,460.739990234375,457.8800048828125,460.4700012207031,4209010
2025-12-30 19:30:00+00:00,456.1199951171875,458.7099914550781,456.1000061035156,458.6000061035156,5133024
2025-12-30 20:30:00+00:00,454.42999267578125,456.4599914550781,454.0400085449219,456.1400146484375,3950479
2025-12-31 14:30:00+00:00,454.5899963378906,456.5480041503906,452.29998779296875,456.0,9968144
2025-12-31 15:30:00+00:00,453.81500244140625,455.239990234375,453.2601013183594,454.55999755859375,4472767
2025-12-31 16:30:00+00:00,454.6000061035156,454.6199951171875,452.5799865722656,453.8500061035156,3778082
2025-12-31 17:30:00+00:00,454.8550109863281,455.8399963378906,453.260009765625,454.6400146484375,4758054
2025-12-31 18:30:00+00:00,453.2650146484375,455.0799865722656,452.6499938964844,454.8399963378906,2845274
2025-12-31 19:30:00+00:00,449.5,453.3800048828125,449.44000244140625,453.2799987792969,5803871
2025-12-31 20:30:00+00:00,449.54998779296875,450.9299011230469,449.29998779296875,449.5398864746094,4049826
2026-01-02 14:30:00+00:00,445.1000061035156,458.3299865722656,444.3699951171875,457.7511901855469,17466996
2026-01-02 15:30:00+00:00,444.0799865722656,448.25,440.8999938964844,445.0799865722656,10580582
2026-01-02 16:30:00+00:00,441.760009765625,445.3299865722656,441.04998779296875,444.05999755859375,6139173
2026-01-02 17:30:00+00:00,438.39990234375,442.5899963378906,437.9200134277344,441.79998779296875,6376852
2026-01-02 18:30:00+00:00,438.4100036621094,438.6300048828125,435.29998779296875,438.3800048828125,7333157
2026-01-02 19:30:00+00:00,440.3500061035156,441.6199951171875,438.3800048828125,438.3800048828125,6786236
2026-01-02 20:30:00+00:00,438.1000061035156,440.5159912109375,437.6000061035156,440.3299865722656,4330640
2026-01-05 14:30:00+00:00,455.32000732421875,455.8900146484375,444.57000732421875,447.25,16089065
2026-01-05 15:30:00+00:00,454.0299987792969,456.6499938964844,453.2699890136719,455.2900085449219,6815419
2026-01-05 16:30:00+00:00,456.0299987792969,457.5498962402344,453.9599914550781,454.04998779296875,5845587
2026-01-05 17:30:00+00:00,454.7099914550781,456.3399963378906,453.7900085449219,456.0299987792969,4058977
2026-01-05 18:30:00+00:00,455.7550048828125,457.1000061035156,454.3301086425781,454.67999267578125,3944415
2026-01-05 19:30:00+00:00,456.2099914550781,456.2300109863281,453.8500061035156,455.7355041503906,4853652
2026-01-05 20:30:00+00:00,451.69000244140625,456.239990234375,450.8599853515625,456.2250061035156,5043698
2026-01-06 14:30:00+00:00,439.0591125488281,444.2698974609375,435.3900146484375,444.1499938964844,17729194
2026-01-06 15:30:00+00:00,431.8550109863281,439.3500061035156,431.80999755859375,439.04998779296875,10502348
2026-01-06 16:30:00+00:00,432.0350036621094,433.3299865722656,430.3200988769531,431.8599853515625,7786683
2026-01-06 17:30:00+00:00,429.7699890136719,432.5400085449219,428.7799987792969,432.05999755859375,6770507
2026-01-06 18:30:00+00:00,433.26239013671875,433.69000244140625,429.1400146484375,429.7049865722656,6343238
2026-01-06 19:30:00+00:00,431.7449951171875,434.4200134277344,430.0400085449219,433.9849853515625,7764043
2026-01-06 20:30:00+00:00,432.4898986816406,433.440185546875,431.30999755859375,431.7200012207031,3393408
2026-01-07 14:30:00+00:00,434.0350036621094,438.1300048828125,431.6000061035156,435.885009765625,12591805
2026-01-07 15:30:00+00:00,435.989990234375,437.260009765625,433.85009765625,434.0400085449219,6795114
2026-01-07 16:30:00+00:00,436.2200012207031,438.3699951171875,435.7099914550781,436.0,5209734
2026-01-07 17:30:00+00:00,436.34710693359375,437.75,435.989990234375,436.2349853515625,3577085
2026-01-07 18:30:00+00:00,435.8599853515625,437.510009765625,434.2699890136719,436.3599853515625,4386733
2026-01-07 19:30:00+00:00,436.1400146484375,437.5199890136719,435.8299865722656,435.8900146484375,4405936
2026-01-07 20:30:00+00:00,431.4200134277344,436.7900085449219,431.30999755859375,436.1600036621094,4503032
2026-01-08 14:30:00+00:00,434.8900146484375,435.04998779296875,424.364990234375,425.5,14297658
2026-01-08 15:30:00+00:00,434.26458740234375,435.17999267578125,432.05999755859375,434.8500061035156,5867301
2026-01-08 16:30:00+00:00,435.1944885253906,436.1400146484375,433.30999755859375,434.25,5063748
2026-01-08 17:30:00+00:00,434.1300048828125,436.8900146484375,433.739990234375,435.17999267578125,4209962
2026-01-08 18:30:00+00:00,433.760009765625,434.94989013671875,432.42999267578125,434.1600036621094,3460643
2026-01-08 19:30:00+00:00,434.9599914550781,435.79998779296875,433.6600036621094,433.7099914550781,3898513
2026-01-08 20:30:00+00:00,435.8399963378906,436.25,434.3500061035156,434.94000244140625,3225353
2026-01-09 14:30:00+00:00,443.6199951171875,443.8800048828125,430.3900146484375,434.0,15776840
2026-01-09 15:30:00+00:00,442.63238525390625,444.2898864746094,440.6499938964844,443.6499938964844,7978061
2026-01-09 16:30:00+00:00,444.45001220703125,445.239990234375,442.29998779296875,442.6600036621094,5233859
2026-01-09 17:30:00+00:00,447.17999267578125,449.04998779296875,444.1199951171875,444.44500732421875,6955198
2026-01-09 18:30:00+00:00,446.375,447.9198913574219,445.45001220703125,447.17999267578125,3925354
2026-01-09 19:30:00+00:00,445.35528564453125,446.6000061035156,444.510009765625,446.3900146484375,4624308
2026-01-09 20:30:00+00:00,444.989990234375,445.9700012207031,444.3599853515625,445.3399963378906,3287640
2026-01-12 14:30:00+00:00,449.80499267578125,450.2200012207031,438.0,441.2250061035156,14692874
2026-01-12 15:30:00+00:00,448.635009765625,449.8999938964844,446.9200134277344,449.8299865722656,5823610
2026-01-12 16:30:00+00:00,453.8299865722656,454.29998779296875,448.4071044921875,448.6388854980469,7715359
2026-01-12 17:30:00+00:00,450.82000732421875,453.9198913574219,449.95001220703125,453.75,5103407
2026-01-12 18:30:00+00:00,451.7409973144531,452.1300048828125,449.9100036621094,450.8450012207031,4532448
2026-01-12 19:30:00+00:00,450.92498779296875,451.9599914550781,449.45001220703125,451.7799072265625,4200452
2026-01-12 20:30:00+00:00,448.92999267578125,451.1000061035156,448.2699890136719,450.9100036621094,3785374
2026-01-13 14:30:00+00:00,447.0552062988281,451.6600036621094,445.3999938964844,450.20001220703125,12498471
2026-01-13 15:30:00+00:00,450.31939697265625,451.3900146484375,446.2699890136719,447.0899963378906,6576400
2026-01-13 16:30:00+00:00,449.3699951171875,451.80999755859375,448.6300964355469,450.3057861328125,4613782
2026-01-13 17:30:00+00:00,447.42999267578125,449.70001220703125,446.55999755859375,449.3500061035156,4004052
2026-01-13 18:30:00+00:00,445.07000732421875,448.17999267578125,443.95001220703125,447.45001220703125,5163171
2026-01-13 19:30:00+00:00,446.2349853515625,447.2300109863281,444.6099853515625,445.04998779296875,3662359
2026-01-13 20:30:00+00:00,447.1300048828125,447.8299865722656,445.67999267578125,446.239990234375,2783886
2026-01-14 14:30:00+00:00,440.04998779296875,443.9100036621094,437.3103942871094,439.6650085449219,12326753
2026-01-14 15:30:00+00:00,438.4200134277344,440.32989501953125,435.8800048828125,440.05499267578125,7463731
2026-01-14 16:30:00+00:00,436.1199951171875,438.7698974609375,434.2300109863281,438.3500061035156,5401322
2026-01-14 17:30:00+00:00,436.4100036621094,436.5,434.760009765625,436.20001220703125,3455285
2026-01-14 18:30:00+00:00,436.8800048828125,437.2698974609375,434.9100036621094,436.35809326171875,3597487
2026-01-14 19:30:00+00:00,435.1600036621094,438.3699951171875,435.0299987792969,436.9100036621094,4861407
2026-01-14 20:30:00+00:00,439.260009765625,439.45001220703125,435.1400146484375,435.17999267578125,4003494
2026-01-15 14:30:00+00:00,443.32000732421875,445.3299865722656,439.4800109863281,444.20989990234375,10805574
2026-01-15 15:30:00+00:00,442.8299865722656,445.3599853515625,441.95001220703125,443.3399963378906,6165480
2026-01-15 16:30:00+00:00,443.1200866699219,443.5400085449219,441.9700012207031,442.739990234375,3350804
2026-01-15 17:30:00+00:00,443.2174987792969,443.3999938964844,441.1000061035156,443.1628112792969,3330405
2026-01-15 18:30:00+00:00,441.31988525390625,443.82000732421875,441.0799865722656,443.2300109863281,3374349
2026-01-15 19:30:00+00:00,438.44000244140625,441.2944030761719,438.1600036621094,441.2900085449219,4609537
2026-01-15 20:30:00+00:00,438.3299865722656,439.05999755859375,437.6499938964844,438.489990234375,2951712
2026-01-16 14:30:00+00:00,436.8500061035156,447.25,436.3999938964844,441.0799865722656,13909602
2026-01-16 15:30:00+00:00,438.80999755859375,439.2200012207031,435.2601013183594,436.82501220703125,6504516
2026-01-16 16:30:00+00:00,438.55340576171875,439.7200012207031,437.7701110839844,438.8299865722656,4266930
2026-01-16 17:30:00+00:00,440.35009765625,440.45001220703125,437.8299865722656,438.55999755859375,3326552
2026-01-16 18:30:00+00:00,439.80999755859375,440.8500061035156,439.0199890136719,440.3500061035156,3817592
2026-01-16 19:30:00+00:00,439.8799133300781,440.80999755859375,439.6199951171875,439.79620361328125,2922863
2026-01-16 20:30:00+00:00,437.4700012207031,439.8800048828125,437.3599853515625,439.8299865722656,3427744
