Datetime,Close,High,Low,Open,Volume
2025-01-17 14:30:00+00:00,15.65999984741211,16.059999465942383,15.630000114440918,15.850000381469727,0
2025-01-17 15:30:00+00:00,15.649999618530273,15.800000190734863,15.529999732971191,15.800000190734863,0
2025-01-17 16:30:00+00:00,15.699999809265137,15.760000228881836,15.600000381469727,15.600000381469727,0
2025-01-17 17:30:00+00:00,15.880000114440918,15.899999618530273,15.640000343322754,15.729999542236328,0
2025-01-17 18:30:00+00:00,16.020000457763672,16.1200008392334,15.729999542236328,15.739999771118164,0
2025-01-17 19:30:00+00:00,15.859999656677246,16.040000915527344,15.800000190734863,16.010000228881836,0
2025-01-17 20:30:00+00:00,15.970000267028809,16.020000457763672,15.779999732971191,15.84000015258789,0
2025-01-21 14:30:00+00:00,15.380000114440918,15.930000305175781,15.380000114440918,15.680000305175781,0
2025-01-21 15:30:00+00:00,15.300000190734863,15.779999732971191,15.279999732971191,15.600000381469727,0
2025-01-21 16:30:00+00:00,15.229999542236328,15.470000267028809,15.180000305175781,15.390000343322754,0
2025-01-21 17:30:00+00:00,15.15999984741211,15.289999961853027,15.140000343322754,15.180000305175781,0
2025-01-21 18:30:00+00:00,15.239999771118164,15.289999961853027,15.100000381469727,15.170000076293945,0
2025-01-21 19:30:00+00:00,15.010000228881836,15.329999923706055,14.989999771118164,15.109999656677246,0
2025-01-21 20:30:00+00:00,15.039999961853027,15.109999656677246,14.970000267028809,15.020000457763672,0
2025-01-22 14:30:00+00:00,14.9399995803833,15.289999961853027,14.600000381469727,14.600000381469727,0
2025-01-22 15:30:00+00:00,14.989999771118164,15.140000343322754,14.779999732971191,15.130000114440918,0
2025-01-22 16:30:00+00:00,15.130000114440918,15.199999809265137,14.850000381469727,14.859999656677246,0
2025-01-22 17:30:00+00:00,15.210000038146973,15.279999732971191,15.069999694824219,15.140000343322754,0
2025-01-22 18:30:00+00:00,15.149999618530273,15.279999732971191,14.989999771118164,15.229999542236328,0
2025-01-22 19:30:00+00:00,15.119999885559082,15.210000038146973,14.920000076293945,15.069999694824219,0
2025-01-22 20:30:00+00:00,15.100000381469727,15.289999961853027,14.920000076293945,15.119999885559082,0
2025-01-23 14:30:00+00:00,14.880000114440918,15.170000076293945,14.8100004196167,15.170000076293945,0
2025-01-23 15:30:00+00:00,14.760000228881836,15.0,14.710000038146973,14.880000114440918,0
2025-01-23 16:30:00+00:00,14.65999984741211,14.8100004196167,14.640000343322754,14.75,0
2025-01-23 17:30:00+00:00,14.710000038146973,14.739999771118164,14.59000015258789,14.710000038146973,0
2025-01-23 18:30:00+00:00,14.949999809265137,14.970000267028809,14.59000015258789,14.600000381469727,0
2025-01-23 19:30:00+00:00,14.930000305175781,15.0,14.75,14.75,0
2025-01-23 20:30:00+00:00,14.930000305175781,15.010000228881836,14.819999694824219,14.930000305175781,0
2025-01-24 14:30:00+00:00,14.710000038146973,15.039999961853027,14.6899995803833,14.989999771118164,0
2025-01-24 15:30:00+00:00,14.640000343322754,15.039999961853027,14.640000343322754,15.039999961853027,0
2025-01-24 16:30:00+00:00,14.65999984741211,14.770000457763672,14.579999923706055,14.770000457763672,0
2025-01-24 17:30:00+00:00,14.920000076293945,15.0,14.579999923706055,14.720000267028809,0
2025-01-24 18:30:00+00:00,14.930000305175781,15.15999984741211,14.859999656677246,14.880000114440918,0
2025-01-24 19:30:00+00:00,14.930000305175781,15.15999984741211,14.729999542236328,15.050000190734863,0
2025-01-24 20:30:00+00:00,14.8100004196167,14.930000305175781,14.739999771118164,14.90999984741211,0
2025-01-27 14:30:00+00:00,18.309999465942383,21.770000457763672,18.309999465942383,21.15999984741211,0
2025-01-27 15:30:00+00:00,19.200000762939453,19.219999313354492,17.799999237060547,18.579999923706055,0
2025-01-27 16:30:00+00:00,18.579999923706055,19.290000915527344,18.1200008392334,18.1200008392334,0
2025-01-27 17:30:00+00:00,18.899999618530273,19.079999923706055,18.389999389648438,18.770000457763672,0
2025-01-27 18:30:00+00:00,17.56999969482422,19.079999923706055,17.56999969482422,19.049999237060547,0
2025-01-27 19:30:00+00:00,18.1200008392334,18.59000015258789,17.56999969482422,18.59000015258789,0
2025-01-27 20:30:00+00:00,18.020000457763672,18.510000228881836,17.920000076293945,18.1299991607666,0
2025-01-28 14:30:00+00:00,16.899999618530273,18.389999389648438,16.860000610351562,17.760000228881836,0
2025-01-28 15:30:00+00:00,17.260000228881836,17.8799991607666,16.829999923706055,17.8799991607666,0
2025-01-28 16:30:00+00:00,16.600000381469727,17.329999923706055,16.549999237060547,16.899999618530273,0
2025-01-28 17:30:00+00:00,16.43000030517578,16.950000762939453,16.389999389648438,16.920000076293945,0
2025-01-28 18:30:00+00:00,16.68000030517578,16.850000381469727,16.389999389648438,16.59000015258789,0
2025-01-28 19:30:00+00:00,16.459999084472656,16.850000381469727,16.450000762939453,16.690000534057617,0
2025-01-28 20:30:00+00:00,16.329999923706055,16.59000015258789,16.25,16.459999084472656,0
2025-01-29 14:30:00+00:00,16.700000762939453,17.0,16.530000686645508,16.75,0
2025-01-29 15:30:00+00:00,16.860000610351562,16.950000762939453,16.530000686645508,16.799999237060547,0
2025-01-29 16:30:00+00:00,16.81999969482422,16.969999313354492,16.700000762939453,16.729999542236328,0
2025-01-29 17:30:00+00:00,17.020000457763672,17.700000762939453,16.739999771118164,16.93000030517578,0
2025-01-29 18:30:00+00:00,17.440000534057617,18.079999923706055,16.93000030517578,17.040000915527344,0
2025-01-29 19:30:00+00:00,16.31999969482422,18.079999923706055,16.170000076293945,18.079999923706055,0
2025-01-29 20:30:00+00:00,16.520000457763672,16.829999923706055,16.170000076293945,16.34000015258789,0
2025-01-30 14:30:00+00:00,15.890000343322754,15.989999771118164,15.369999885559082,15.869999885559082,0
2025-01-30 15:30:00+00:00,15.720000267028809,16.239999771118164,15.630000114440918,15.630000114440918,0
2025-01-30 16:30:00+00:00,15.789999961853027,16.239999771118164,15.430000305175781,16.09000015258789,0
2025-01-30 17:30:00+00:00,15.5,15.819999694824219,15.40999984741211,15.479999542236328,0
2025-01-30 18:30:00+00:00,15.449999809265137,15.550000190734863,15.34000015258789,15.539999961853027,0
2025-01-30 19:30:00+00:00,15.399999618530273,15.520000457763672,15.319999694824219,15.399999618530273,0
2025-01-30 20:30:00+00:00,15.869999885559082,16.420000076293945,15.319999694824219,15.380000114440918,0
2025-01-31 14:30:00+00:00,15.329999923706055,15.430000305175781,15.220000267028809,15.25,0
2025-01-31 15:30:00+00:00,15.260000228881836,15.430000305175781,15.170000076293945,15.289999961853027,0
2025-01-31 16:30:00+00:00,15.020000457763672,15.329999923706055,15.020000457763672,15.329999923706055,0
2025-01-31 17:30:00+00:00,15.510000228881836,15.520000457763672,14.899999618530273,15.270000457763672,0
2025-01-31 18:30:00+00:00,16.389999389648438,16.559999465942383,14.989999771118164,15.069999694824219,0
2025-01-31 19:30:00+00:00,16.8700008392334,17.020000457763672,15.779999732971191,15.859999656677246,0
2025-01-31 20:30:00+00:00,16.600000381469727,17.09000015258789,16.309999465942383,16.850000381469727,0
2025-02-03 14:30:00+00:00,18.540000915527344,20.420000076293945,18.5,19.670000076293945,0
2025-02-03 15:30:00+00:00,18.1200008392334,20.420000076293945,17.65999984741211,19.3700008392334,0
2025-02-03 16:30:00+00:00,18.280000686645508,18.600000381469727,17.65999984741211,18.040000915527344,0
2025-02-03 17:30:00+00:00,18.360000610351562,18.829999923706055,18.040000915527344,18.43000030517578,0
2025-02-03 18:30:00+00:00,17.780000686645508,18.829999923706055,17.709999084472656,18.479999542236328,0
2025-02-03 19:30:00+00:00,18.290000915527344,18.290000915527344,17.709999084472656,17.93000030517578,0
2025-02-03 20:30:00+00:00,18.489999771118164,18.489999771118164,17.860000610351562,18.280000686645508,0
2025-02-04 14:30:00+00:00,17.459999084472656,18.110000610351562,17.329999923706055,18.059999465942383,0
2025-02-04 15:30:00+00:00,16.889999389648438,17.649999618530273,16.889999389648438,17.649999618530273,0
2025-02-04 16:30:00+00:00,17.309999465942383,17.309999465942383,16.8700008392334,17.290000915527344,0
2025-02-04 17:30:00+00:00,16.8799991607666,17.3700008392334,16.84000015258789,17.0,0
2025-02-04 18:30:00+00:00,16.93000030517578,17.139999389648438,16.829999923706055,16.989999771118164,0
2025-02-04 19:30:00+00:00,17.020000457763672,17.110000610351562,16.829999923706055,17.010000228881836,0
2025-02-04 20:30:00+00:00,16.84000015258789,17.06999969482422,16.780000686645508,17.059999465942383,0
2025-02-05 14:30:00+00:00,16.739999771118164,17.34000015258789,16.670000076293945,17.209999084472656,0
2025-02-05 15:30:00+00:00,16.489999771118164,17.34000015258789,16.489999771118164,17.059999465942383,0
2025-02-05 16:30:00+00:00,16.149999618530273,16.780000686645508,16.100000381469727,16.719999313354492,0
2025-02-05 17:30:00+00:00,16.229999542236328,16.290000915527344,16.09000015258789,16.209999084472656,0
2025-02-05 18:30:00+00:00,16.030000686645508,16.290000915527344,15.989999771118164,16.1299991607666,0
2025-02-05 19:30:00+00:00,15.930000305175781,16.110000610351562,15.90999984741211,16.079999923706055,0
2025-02-05 20:30:00+00:00,15.880000114440918,16.079999923706055,15.869999885559082,15.930000305175781,0
2025-02-06 14:30:00+00:00,15.640000343322754,15.789999961853027,15.40999984741211,15.789999961853027,0
2025-02-06 15:30:00+00:00,15.470000267028809,15.739999771118164,15.380000114440918,15.640000343322754,0
2025-02-06 16:30:00+00:00,15.569999694824219,15.65999984741211,15.4399995803833,15.640000343322754,0
2025-02-06 17:30:00+00:00,15.380000114440918,15.65999984741211,15.34000015258789,15.59000015258789,0
2025-02-06 18:30:00+00:00,15.619999885559082,15.65999984741211,15.329999923706055,15.4399995803833,0
2025-02-06 19:30:00+00:00,15.520000457763672,16.06999969482422,15.40999984741211,15.489999771118164,0
2025-02-06 20:30:00+00:00,15.34000015258789,15.8100004196167,15.270000457763672,15.520000457763672,0
2025-02-07 14:30:00+00:00,15.399999618530273,15.699999809265137,14.789999961853027,15.020000457763672,0
2025-02-07 15:30:00+00:00,16.229999542236328,16.40999984741211,14.880000114440918,14.880000114440918,0
2025-02-07 16:30:00+00:00,16.110000610351562,16.540000915527344,15.569999694824219,15.770000457763672,0
2025-02-07 17:30:00+00:00,15.6899995803833,16.540000915527344,15.619999885559082,16.34000015258789,0
2025-02-07 18:30:00+00:00,16.43000030517578,16.56999969482422,15.619999885559082,16.020000457763672,0
2025-02-07 19:30:00+00:00,16.440000534057617,16.610000610351562,16.149999618530273,16.350000381469727,0
2025-02-07 20:30:00+00:00,16.639999389648438,16.65999984741211,16.190000534057617,16.450000762939453,0
2025-02-10 14:30:00+00:00,15.960000038146973,16.440000534057617,15.930000305175781,16.059999465942383,0
2025-02-10 15:30:00+00:00,16.170000076293945,16.280000686645508,15.859999656677246,16.239999771118164,0
2025-02-10 16:30:00+00:00,16.1299991607666,16.280000686645508,15.949999809265137,15.989999771118164,0
2025-02-10 17:30:00+00:00,15.890000343322754,16.25,15.789999961853027,16.010000228881836,0
2025-02-10 18:30:00+00:00,15.84000015258789,15.930000305175781,15.739999771118164,15.8100004196167,0
2025-02-10 19:30:00+00:00,15.829999923706055,15.930000305175781,15.699999809265137,15.770000457763672,0
2025-02-10 20:30:00+00:00,15.739999771118164,15.899999618530273,15.699999809265137,15.829999923706055,0
2025-02-11 14:30:00+00:00,16.06999969482422,16.420000076293945,16.059999465942383,16.360000610351562,0
2025-02-11 15:30:00+00:00,15.819999694824219,16.420000076293945,15.75,16.239999771118164,0
2025-02-11 16:30:00+00:00,15.899999618530273,16.18000030517578,15.75,15.920000076293945,0
2025-02-11 17:30:00+00:00,16.010000228881836,16.18000030517578,15.859999656677246,15.920000076293945,0
2025-02-11 18:30:00+00:00,16.0,16.09000015258789,15.829999923706055,16.079999923706055,0
2025-02-11 19:30:00+00:00,15.90999984741211,16.040000915527344,15.789999961853027,15.949999809265137,0
2025-02-11 20:30:00+00:00,15.949999809265137,16.09000015258789,15.8100004196167,15.930000305175781,0
2025-02-12 14:30:00+00:00,16.3799991607666,17.18000030517578,16.059999465942383,16.90999984741211,0
2025-02-12 15:30:00+00:00,16.59000015258789,16.790000915527344,16.010000228881836,16.34000015258789,0
2025-02-12 16:30:00+00:00,15.869999885559082,16.670000076293945,15.819999694824219,16.09000015258789,0
2025-02-12 17:30:00+00:00,15.779999732971191,16.030000686645508,15.640000343322754,15.84000015258789,0
2025-02-12 18:30:00+00:00,15.90999984741211,16.049999237060547,15.640000343322754,15.670000076293945,0
2025-02-12 19:30:00+00:00,15.850000381469727,16.049999237060547,15.739999771118164,15.84000015258789,0
2025-02-12 20:30:00+00:00,15.760000228881836,16.020000457763672,15.760000228881836,15.859999656677246,0
2025-02-13 14:30:00+00:00,15.449999809265137,15.989999771118164,15.390000343322754,15.710000038146973,0
2025-02-13 15:30:00+00:00,15.470000267028809,15.770000457763672,15.369999885559082,15.579999923706055,0
2025-02-13 16:30:00+00:00,15.569999694824219,15.630000114440918,15.390000343322754,15.430000305175781,0
2025-02-13 17:30:00+00:00,15.640000343322754,15.850000381469727,15.479999542236328,15.569999694824219,0
2025-02-13 18:30:00+00:00,15.300000190734863,15.850000381469727,15.210000038146973,15.699999809265137,0
2025-02-13 19:30:00+00:00,15.119999885559082,15.460000038146973,15.050000190734863,15.390000343322754,0
2025-02-13 20:30:00+00:00,15.0,15.229999542236328,14.979999542236328,15.100000381469727,0
2025-02-14 14:30:00+00:00,15.020000457763672,15.140000343322754,14.920000076293945,15.140000343322754,0
2025-02-14 15:30:00+00:00,15.069999694824219,15.1899995803833,14.920000076293945,14.979999542236328,0
2025-02-14 16:30:00+00:00,15.079999923706055,15.1899995803833,14.930000305175781,14.960000038146973,0
2025-02-14 17:30:00+00:00,14.930000305175781,15.170000076293945,14.850000381469727,14.930000305175781,0
2025-02-14 18:30:00+00:00,14.979999542236328,14.989999771118164,14.789999961853027,14.920000076293945,0
2025-02-14 19:30:00+00:00,15.0,15.0600004196167,14.880000114440918,14.890000343322754,0
2025-02-14 20:30:00+00:00,14.850000381469727,15.039999961853027,14.739999771118164,15.0,0
2025-02-18 14:30:00+00:00,15.960000038146973,16.030000686645508,15.5,15.5,0
2025-02-18 15:30:00+00:00,15.619999885559082,16.030000686645508,15.579999923706055,15.869999885559082,0
2025-02-18 16:30:00+00:00,15.550000190734863,15.739999771118164,15.4399995803833,15.609999656677246,0
2025-02-18 17:30:00+00:00,15.510000228881836,15.619999885559082,15.430000305175781,15.510000228881836,0
2025-02-18 18:30:00+00:00,15.720000267028809,15.90999984741211,15.430000305175781,15.479999542236328,0
2025-02-18 19:30:00+00:00,15.619999885559082,15.90999984741211,15.529999732971191,15.619999885559082,0
2025-02-18 20:30:00+00:00,15.430000305175781,15.65999984741211,15.430000305175781,15.630000114440918,0
2025-02-19 14:30:00+00:00,15.779999732971191,15.960000038146973,15.300000190734863,15.680000305175781,0
2025-02-19 15:30:00+00:00,15.569999694824219,15.880000114440918,15.550000190734863,15.789999961853027,0
2025-02-19 16:30:00+00:00,15.550000190734863,15.760000228881836,15.5,15.760000228881836,0
2025-02-19 17:30:00+00:00,15.489999771118164,15.710000038146973,15.40999984741211,15.579999923706055,0
2025-02-19 18:30:00+00:00,15.289999961853027,15.710000038146973,15.289999961853027,15.619999885559082,0
2025-02-19 19:30:00+00:00,15.260000228881836,15.600000381469727,15.149999618530273,15.59000015258789,0
2025-02-19 20:30:00+00:00,15.149999618530273,15.329999923706055,15.100000381469727,15.260000228881836,0
2025-02-20 14:30:00+00:00,15.9399995803833,16.6299991607666,15.399999618530273,15.59000015258789,0
2025-02-20 15:30:00+00:00,16.09000015258789,16.6299991607666,15.850000381469727,16.270000457763672,0
2025-02-20 16:30:00+00:00,15.989999771118164,16.5,15.960000038146973,16.420000076293945,0
2025-02-20 17:30:00+00:00,16.100000381469727,16.40999984741211,15.930000305175781,16.399999618530273,0
2025-02-20 18:30:00+00:00,15.75,16.219999313354492,15.710000038146973,16.15999984741211,0
2025-02-20 19:30:00+00:00,15.579999923706055,16.020000457763672,15.460000038146973,16.010000228881836,0
2025-02-20 20:30:00+00:00,15.420000076293945,15.670000076293945,15.369999885559082,15.569999694824219,0
2025-02-21 14:30:00+00:00,16.030000686645508,16.059999465942383,15.279999732971191,15.319999694824219,0
2025-02-21 15:30:00+00:00,15.760000228881836,16.280000686645508,15.640000343322754,15.699999809265137,0
2025-02-21 16:30:00+00:00,15.960000038146973,16.139999389648438,15.59000015258789,16.09000015258789,0
2025-02-21 17:30:00+00:00,17.790000915527344,17.90999984741211,15.59000015258789,15.739999771118164,0
2025-02-21 18:30:00+00:00,19.030000686645508,19.030000686645508,16.8799991607666,16.8799991607666,0
2025-02-21 19:30:00+00:00,18.6299991607666,19.030000686645508,17.8799991607666,17.969999313354492,0
2025-02-21 20:30:00+00:00,18.3799991607666,18.860000610351562,18.309999465942383,18.56999969482422,0
2025-02-24 14:30:00+00:00,19.229999542236328,20.239999771118164,17.510000228881836,17.56999969482422,0
2025-02-24 15:30:00+00:00,18.059999465942383,20.239999771118164,18.010000228881836,19.290000915527344,0
2025-02-24 16:30:00+00:00,17.709999084472656,19.110000610351562,17.600000381469727,19.079999923706055,0
2025-02-24 17:30:00+00:00,17.40999984741211,17.93000030517578,17.309999465942383,17.93000030517578,0
2025-02-24 18:30:00+00:00,17.889999389648438,18.0,17.309999465942383,17.739999771118164,0
2025-02-24 19:30:00+00:00,18.3799991607666,18.3799991607666,17.6200008392334,17.790000915527344,0
2025-02-24 20:30:00+00:00,19.170000076293945,19.290000915527344,17.959999084472656,18.299999237060547,0
2025-02-25 14:30:00+00:00,21.309999465942383,21.309999465942383,19.1200008392334,19.170000076293945,0
2025-02-25 15:30:00+00:00,20.889999389648438,21.3799991607666,19.479999542236328,19.479999542236328,0
2025-02-25 16:30:00+00:00,19.809999465942383,21.479999542236328,19.809999465942383,20.239999771118164,0
2025-02-25 17:30:00+00:00,19.719999313354492,20.25,18.850000381469727,20.040000915527344,0
2025-02-25 18:30:00+00:00,20.059999465942383,20.079999923706055,18.850000381469727,19.34000015258789,0
2025-02-25 19:30:00+00:00,19.1200008392334,20.079999923706055,18.940000534057617,19.450000762939453,0
2025-02-25 20:30:00+00:00,19.670000076293945,19.81999969482422,18.940000534057617,19.010000228881836,0
2025-02-26 14:30:00+00:00,18.540000915527344,19.5,18.059999465942383,19.09000015258789,0
2025-02-26 15:30:00+00:00,18.020000457763672,18.739999771118164,17.829999923706055,18.65999984741211,0
2025-02-26 16:30:00+00:00,18.239999771118164,18.520000457763672,17.829999923706055,18.09000015258789,0
2025-02-26 17:30:00+00:00,19.700000762939453,19.700000762939453,17.950000762939453,18.18000030517578,0
2025-02-26 18:30:00+00:00,19.43000030517578,20.059999465942383,19.110000610351562,19.18000030517578,0
2025-02-26 19:30:00+00:00,19.530000686645508,20.059999465942383,19.1200008392334,19.8799991607666,0
2025-02-26 20:30:00+00:00,19.25,19.850000381469727,19.100000381469727,19.479999542236328,0
2025-02-27 14:30:00+00:00,18.940000534057617,20.290000915527344,18.020000457763672,18.43000030517578,0
2025-02-27 15:30:00+00:00,18.959999084472656,20.290000915527344,18.299999237060547,19.65999984741211,0
2025-02-27 16:30:00+00:00,18.790000915527344,19.459999084472656,18.299999237060547,19.110000610351562,0
2025-02-27 17:30:00+00:00,18.450000762939453,19.459999084472656,18.309999465942383,19.329999923706055,0
2025-02-27 18:30:00+00:00,19.450000762939453,19.450000762939453,18.309999465942383,18.950000762939453,0
2025-02-27 19:30:00+00:00,21.139999389648438,21.139999389648438,18.65999984741211,18.65999984741211,0
2025-02-27 20:30:00+00:00,21.190000534057617,21.469999313354492,19.829999923706055,21.139999389648438,0
2025-02-28 14:30:00+00:00,20.139999389648438,22.059999465942383,20.139999389648438,21.020000457763672,0
2025-02-28 15:30:00+00:00,21.239999771118164,21.239999771118164,19.920000076293945,20.940000534057617,0
2025-02-28 16:30:00+00:00,20.739999771118164,21.31999969482422,19.920000076293945,19.920000076293945,0
2025-02-28 17:30:00+00:00,21.709999084472656,22.3700008392334,20.239999771118164,20.579999923706055,0
2025-02-28 18:30:00+00:00,21.59000015258789,22.399999618530273,21.110000610351562,21.690000534057617,0
2025-02-28 19:30:00+00:00,20.610000610351562,22.399999618530273,20.309999465942383,22.399999618530273,0
2025-02-28 20:30:00+00:00,19.219999313354492,20.979999542236328,19.049999237060547,20.6200008392334,0
2025-03-03 14:30:00+00:00,20.260000228881836,21.079999923706055,19.25,19.709999084472656,0
2025-03-03 15:30:00+00:00,20.450000762939453,21.079999923706055,19.729999542236328,20.530000686645508,0
2025-03-03 16:30:00+00:00,20.110000610351562,20.8700008392334,19.84000015258789,20.459999084472656,0
2025-03-03 17:30:00+00:00,21.670000076293945,21.780000686645508,20.030000686645508,20.360000610351562,0
2025-03-03 18:30:00+00:00,21.309999465942383,21.780000686645508,20.530000686645508,20.530000686645508,0
2025-03-03 19:30:00+00:00,23.690000534057617,23.760000228881836,20.559999465942383,21.079999923706055,0
2025-03-03 20:30:00+00:00,22.940000534057617,24.309999465942383,21.809999465942383,23.670000076293945,0
2025-03-04 14:30:00+00:00,25.5,26.350000381469727,23.75,24.15999984741211,0
2025-03-04 15:30:00+00:00,25.6200008392334,26.350000381469727,24.799999237060547,25.219999313354492,0
2025-03-04 16:30:00+00:00,23.540000915527344,25.690000534057617,23.43000030517578,25.139999389648438,0
2025-03-04 17:30:00+00:00,24.1299991607666,24.5,23.34000015258789,24.469999313354492,0
2025-03-04 18:30:00+00:00,22.739999771118164,24.329999923706055,22.40999984741211,24.260000228881836,0
2025-03-04 19:30:00+00:00,22.049999237060547,23.170000076293945,21.709999084472656,23.15999984741211,0
2025-03-04 20:30:00+00:00,23.829999923706055,24.760000228881836,21.709999084472656,22.020000457763672,0
2025-03-05 14:30:00+00:00,23.899999618530273,24.84000015258789,23.139999389648438,23.899999618530273,0
2025-03-05 15:30:00+00:00,24.09000015258789,24.559999465942383,22.959999084472656,24.559999465942383,0
2025-03-05 16:30:00+00:00,23.059999465942383,24.68000030517578,23.059999465942383,23.280000686645508,0
2025-03-05 17:30:00+00:00,22.90999984741211,23.6299991607666,22.420000076293945,23.579999923706055,0
2025-03-05 18:30:00+00:00,22.040000915527344,23.40999984741211,21.65999984741211,22.540000915527344,0
2025-03-05 19:30:00+00:00,21.709999084472656,22.43000030517578,21.3700008392334,22.280000686645508,0
2025-03-05 20:30:00+00:00,21.799999237060547,22.3799991607666,21.3700008392334,21.739999771118164,0
2025-03-06 14:30:00+00:00,23.450000762939453,24.709999084472656,23.360000610351562,23.709999084472656,0
2025-03-06 15:30:00+00:00,23.530000686645508,24.479999542236328,23.049999237060547,24.399999618530273,0
2025-03-06 16:30:00+00:00,24.59000015258789,24.68000030517578,23.010000228881836,23.479999542236328,0
2025-03-06 17:30:00+00:00,24.829999923706055,25.270000457763672,23.790000915527344,23.8700008392334,0
2025-03-06 18:30:00+00:00,25.84000015258789,25.8700008392334,24.239999771118164,24.59000015258789,0
2025-03-06 19:30:00+00:00,25.049999237060547,25.920000076293945,24.399999618530273,24.90999984741211,0
2025-03-06 20:30:00+00:00,25.219999313354492,25.709999084472656,24.719999313354492,24.969999313354492,0
2025-03-07 14:30:00+00:00,24.3799991607666,25.170000076293945,23.719999313354492,24.84000015258789,0
2025-03-07 15:30:00+00:00,25.760000228881836,25.809999465942383,23.850000381469727,24.09000015258789,0
2025-03-07 16:30:00+00:00,26.020000457763672,26.559999465942383,24.790000915527344,24.81999969482422,0
2025-03-07 17:30:00+00:00,24.920000076293945,26.559999465942383,24.420000076293945,25.959999084472656,0
2025-03-07 18:30:00+00:00,23.68000030517578,25.399999618530273,23.6200008392334,25.389999389648438,0
2025-03-07 19:30:00+00:00,23.43000030517578,24.479999542236328,23.34000015258789,24.18000030517578,0
2025-03-07 20:30:00+00:00,23.31999969482422,24.1299991607666,23.09000015258789,23.40999984741211,0
2025-03-10 13:30:00+00:00,26.56999969482422,26.770000457763672,26.020000457763672,26.280000686645508,0
2025-03-10 14:30:00+00:00,26.360000610351562,27.1200008392334,26.280000686645508,26.280000686645508,0
2025-03-10 15:30:00+00:00,26.6299991607666,26.950000762939453,25.809999465942383,26.829999923706055,0
2025-03-10 16:30:00+00:00,26.920000076293945,27.149999618530273,26.25,26.579999923706055,0
2025-03-10 17:30:00+00:00,27.920000076293945,28.06999969482422,26.65999984741211,26.65999984741211,0
2025-03-10 18:30:00+00:00,27.940000534057617,29.559999465942383,27.610000610351562,27.6200008392334,0
2025-03-10 19:30:00+00:00,28.0,29.559999465942383,27.350000381469727,28.06999969482422,0
2025-03-11 13:30:00+00:00,29.020000457763672,29.170000076293945,27.049999237060547,28.0,0
2025-03-11 14:30:00+00:00,28.190000534057617,29.56999969482422,27.049999237060547,27.719999313354492,0
2025-03-11 15:30:00+00:00,28.06999969482422,29.25,27.3799991607666,29.06999969482422,0
2025-03-11 16:30:00+00:00,29.100000381469727,29.15999984741211,27.709999084472656,27.889999389648438,0
2025-03-11 17:30:00+00:00,27.469999313354492,29.15999984741211,27.139999389648438,28.56999969482422,0
2025-03-11 18:30:00+00:00,26.90999984741211,28.549999237060547,26.18000030517578,28.549999237060547,0
2025-03-11 19:30:00+00:00,27.170000076293945,27.170000076293945,26.18000030517578,26.950000762939453,0
2025-03-12 13:30:00+00:00,25.540000915527344,26.190000534057617,25.229999542236328,25.329999923706055,0
2025-03-12 14:30:00+00:00,25.81999969482422,26.68000030517578,25.350000381469727,25.799999237060547,0
2025-03-12 15:30:00+00:00,24.799999237060547,26.68000030517578,24.690000534057617,26.239999771118164,0
2025-03-12 16:30:00+00:00,24.5,25.459999084472656,24.5,25.309999465942383,0
2025-03-12 17:30:00+00:00,24.520000457763672,25.100000381469727,24.420000076293945,25.010000228881836,0
2025-03-12 18:30:00+00:00,24.299999237060547,25.100000381469727,23.959999084472656,25.100000381469727,0
2025-03-12 19:30:00+00:00,23.899999618530273,24.440000534057617,23.889999389648438,24.329999923706055,0
2025-03-13 13:30:00+00:00,23.709999084472656,24.75,23.459999084472656,24.270000457763672,0
2025-03-13 14:30:00+00:00,24.270000457763672,24.739999771118164,23.459999084472656,24.610000610351562,0
2025-03-13 15:30:00+00:00,24.979999542236328,25.049999237060547,23.719999313354492,23.920000076293945,0
2025-03-13 16:30:00+00:00,25.43000030517578,25.729999542236328,24.469999313354492,24.90999984741211,0
2025-03-13 17:30:00+00:00,25.18000030517578,26.1299991607666,25.040000915527344,25.1200008392334,0
2025-03-13 18:30:00+00:00,25.079999923706055,26.1299991607666,24.56999969482422,26.1200008392334,0
2025-03-13 19:30:00+00:00,24.920000076293945,25.290000915527344,24.56999969482422,25.1299991607666,0
2025-03-14 13:30:00+00:00,23.309999465942383,23.989999771118164,23.1299991607666,23.889999389648438,0
2025-03-14 14:30:00+00:00,22.299999237060547,23.739999771118164,22.270000457763672,23.549999237060547,0
2025-03-14 15:30:00+00:00,22.709999084472656,22.739999771118164,22.100000381469727,22.389999389648438,0
2025-03-14 16:30:00+00:00,22.309999465942383,22.739999771118164,22.09000015258789,22.209999084472656,0
2025-03-14 17:30:00+00:00,22.209999084472656,22.639999389648438,22.09000015258789,22.219999313354492,0
2025-03-14 18:30:00+00:00,21.760000228881836,22.549999237060547,21.56999969482422,22.549999237060547,0
2025-03-14 19:30:00+00:00,21.649999618530273,21.920000076293945,21.479999542236328,21.760000228881836,0
2025-03-17 13:30:00+00:00,21.059999465942383,21.989999771118164,20.8799991607666,21.850000381469727,0
2025-03-17 14:30:00+00:00,21.1200008392334,21.329999923706055,20.8700008392334,20.979999542236328,0
2025-03-17 15:30:00+00:00,20.959999084472656,21.329999923706055,20.799999237060547,21.190000534057617,0
2025-03-17 16:30:00+00:00,20.729999542236328,21.200000762939453,20.649999618530273,21.079999923706055,0
2025-03-17 17:30:00+00:00,20.399999618530273,20.8700008392334,20.31999969482422,20.760000228881836,0
2025-03-17 18:30:00+00:00,20.389999389648438,20.549999237060547,20.31999969482422,20.450000762939453,0
2025-03-17 19:30:00+00:00,20.479999542236328,20.549999237060547,20.329999923706055,20.3700008392334,0
2025-03-18 13:30:00+00:00,22.0,22.56999969482422,21.31999969482422,21.389999389648438,0
2025-03-18 14:30:00+00:00,22.06999969482422,22.56999969482422,21.760000228881836,22.479999542236328,0
2025-03-18 15:30:00+00:00,21.739999771118164,22.360000610351562,21.739999771118164,21.969999313354492,0
2025-03-18 16:30:00+00:00,21.860000610351562,22.299999237060547,21.700000762939453,22.270000457763672,0
2025-03-18 17:30:00+00:00,21.75,22.040000915527344,21.579999923706055,21.829999923706055,0
2025-03-18 18:30:00+00:00,21.530000686645508,21.940000534057617,21.34000015258789,21.780000686645508,0
2025-03-18 19:30:00+00:00,21.8700008392334,21.950000762939453,21.43000030517578,21.530000686645508,0
2025-03-19 13:30:00+00:00,20.8700008392334,21.68000030517578,20.649999618530273,21.65999984741211,0
2025-03-19 14:30:00+00:00,20.670000076293945,21.06999969482422,20.649999618530273,21.06999969482422,0
2025-03-19 15:30:00+00:00,20.81999969482422,20.93000030517578,20.3700008392334,20.8799991607666,0
2025-03-19 16:30:00+00:00,20.93000030517578,21.030000686645508,20.549999237060547,20.56999969482422,0
2025-03-19 17:30:00+00:00,20.459999084472656,21.030000686645508,20.219999313354492,20.829999923706055,0
2025-03-19 18:30:00+00:00,20.149999618530273,20.899999618530273,19.420000076293945,20.899999618530273,0
2025-03-19 19:30:00+00:00,20.030000686645508,20.190000534057617,19.420000076293945,20.079999923706055,0
2025-03-20 13:30:00+00:00,19.440000534057617,21.0,19.299999237060547,20.579999923706055,0
2025-03-20 14:30:00+00:00,19.56999969482422,19.809999465942383,19.299999237060547,19.809999465942383,0
2025-03-20 15:30:00+00:00,20.34000015258789,20.34000015258789,19.459999084472656,19.639999389648438,0
2025-03-20 16:30:00+00:00,20.559999465942383,20.559999465942383,19.75,19.809999465942383,0
2025-03-20 17:30:00+00:00,20.440000534057617,20.56999969482422,20.040000915527344,20.31999969482422,0
2025-03-20 18:30:00+00:00,20.040000915527344,20.5,19.760000228881836,20.350000381469727,0
2025-03-20 19:30:00+00:00,19.950000762939453,20.09000015258789,19.75,20.040000915527344,0
2025-03-21 13:30:00+00:00,20.34000015258789,21.139999389648438,20.239999771118164,20.809999465942383,0
2025-03-21 14:30:00+00:00,20.43000030517578,20.760000228881836,19.90999984741211,20.56999969482422,0
2025-03-21 15:30:00+00:00,19.709999084472656,20.450000762939453,19.610000610351562,20.0,0
2025-03-21 16:30:00+00:00,19.809999465942383,20.299999237060547,19.399999618530273,20.219999313354492,0
2025-03-21 17:30:00+00:00,19.709999084472656,19.889999389648438,19.450000762939453,19.450000762939453,0
2025-03-21 18:30:00+00:00,19.81999969482422,19.8700008392334,19.510000228881836,19.6299991607666,0
2025-03-21 19:30:00+00:00,19.190000534057617,19.8700008392334,19.149999618530273,19.799999237060547,0
2025-03-24 13:30:00+00:00,18.389999389648438,19.049999237060547,18.3799991607666,18.860000610351562,0
2025-03-24 14:30:00+00:00,18.229999542236328,18.700000762939453,18.18000030517578,18.610000610351562,0
2025-03-24 15:30:00+00:00,18.200000762939453,18.31999969482422,18.079999923706055,18.260000228881836,0
2025-03-24 16:30:00+00:00,18.0,18.209999084472656,17.979999542236328,18.1200008392334,0
2025-03-24 17:30:00+00:00,17.899999618530273,18.139999389648438,17.889999389648438,18.020000457763672,0
2025-03-24 18:30:00+00:00,17.68000030517578,18.09000015258789,17.600000381469727,17.920000076293945,0
2025-03-24 19:30:00+00:00,17.540000915527344,17.760000228881836,17.489999771118164,17.670000076293945,0
2025-03-25 13:30:00+00:00,17.3799991607666,17.610000610351562,17.09000015258789,17.190000534057617,0
2025-03-25 14:30:00+00:00,17.3700008392334,17.610000610351562,17.299999237060547,17.3700008392334,0
2025-03-25 15:30:00+00:00,17.479999542236328,17.5,17.299999237060547,17.3700008392334,0
2025-03-25 16:30:00+00:00,17.34000015258789,17.530000686645508,17.110000610351562,17.440000534057617,0
2025-03-25 17:30:00+00:00,17.219999313354492,17.420000076293945,17.110000610351562,17.309999465942383,0
2025-03-25 18:30:00+00:00,17.360000610351562,17.43000030517578,17.149999618530273,17.3700008392334,0
2025-03-25 19:30:00+00:00,17.06999969482422,17.40999984741211,17.030000686645508,17.31999969482422,0
2025-03-26 13:30:00+00:00,17.670000076293945,17.899999618530273,16.969999313354492,17.280000686645508,0
2025-03-26 14:30:00+00:00,17.729999542236328,17.899999618530273,17.360000610351562,17.56999969482422,0
2025-03-26 15:30:00+00:00,18.229999542236328,18.399999618530273,17.360000610351562,17.5,0
2025-03-26 16:30:00+00:00,18.739999771118164,18.770000457763672,18.1200008392334,18.1299991607666,0
2025-03-26 17:30:00+00:00,18.420000076293945,19.06999969482422,18.360000610351562,18.65999984741211,0
2025-03-26 18:30:00+00:00,18.670000076293945,18.950000762939453,18.34000015258789,18.8700008392334,0
2025-03-26 19:30:00+00:00,18.329999923706055,18.8799991607666,18.299999237060547,18.68000030517578,0
2025-03-27 13:30:00+00:00,18.239999771118164,19.280000686645508,18.239999771118164,18.530000686645508,0
2025-03-27 14:30:00+00:00,18.1299991607666,18.719999313354492,17.950000762939453,18.549999237060547,0
2025-03-27 15:30:00+00:00,18.43000030517578,18.559999465942383,17.950000762939453,17.959999084472656,0
2025-03-27 16:30:00+00:00,18.709999084472656,18.920000076293945,18.139999389648438,18.489999771118164,0
2025-03-27 17:30:00+00:00,18.600000381469727,18.920000076293945,18.360000610351562,18.899999618530273,0
2025-03-27 18:30:00+00:00,18.139999389648438,18.739999771118164,18.040000915527344,18.739999771118164,0
2025-03-27 19:30:00+00:00,18.65999984741211,18.709999084472656,18.040000915527344,18.1299991607666,0
2025-03-28 13:30:00+00:00,20.65999984741211,20.65999984741211,18.989999771118164,19.3799991607666,0
2025-03-28 14:30:00+00:00,20.530000686645508,20.90999984741211,19.34000015258789,19.459999084472656,0
2025-03-28 15:30:00+00:00,21.200000762939453,21.270000457763672,20.200000762939453,20.600000381469727,0
2025-03-28 16:30:00+00:00,22.1200008392334,22.1200008392334,20.389999389648438,20.56999969482422,0
2025-03-28 17:30:00+00:00,21.729999542236328,22.18000030517578,21.440000534057617,21.440000534057617,0
2025-03-28 18:30:00+00:00,21.530000686645508,21.799999237060547,21.209999084472656,21.799999237060547,0
2025-03-28 19:30:00+00:00,21.649999618530273,21.760000228881836,21.209999084472656,21.510000228881836,0
2025-03-31 13:30:00+00:00,23.75,24.799999237060547,23.3700008392334,23.950000762939453,0
2025-03-31 14:30:00+00:00,22.649999618530273,23.809999465942383,22.43000030517578,23.809999465942383,0
2025-03-31 15:30:00+00:00,22.06999969482422,22.90999984741211,22.06999969482422,22.90999984741211,0
2025-03-31 16:30:00+00:00,22.530000686645508,22.690000534057617,22.020000457763672,22.3799991607666,0
2025-03-31 17:30:00+00:00,21.940000534057617,22.75,21.829999923706055,22.469999313354492,0
2025-03-31 18:30:00+00:00,22.110000610351562,22.510000228881836,21.670000076293945,22.510000228881836,0
2025-03-31 19:30:00+00:00,22.110000610351562,22.270000457763672,21.670000076293945,22.059999465942383,0
2025-04-01 13:30:00+00:00,23.020000457763672,23.520000457763672,22.239999771118164,22.670000076293945,0
2025-04-01 14:30:00+00:00,21.84000015258789,23.520000457763672,21.579999923706055,22.34000015258789,0
2025-04-01 15:30:00+00:00,22.059999465942383,22.15999984741211,21.579999923706055,21.93000030517578,0
2025-04-01 16:30:00+00:00,22.309999465942383,22.34000015258789,21.59000015258789,21.920000076293945,0
2025-04-01 17:30:00+00:00,22.6200008392334,22.68000030517578,21.889999389648438,21.969999313354492,0
2025-04-01 18:30:00+00:00,22.280000686645508,22.809999465942383,22.139999389648438,22.15999984741211,0
2025-04-01 19:30:00+00:00,21.829999923706055,22.530000686645508,21.799999237060547,22.290000915527344,0
2025-04-02 13:30:00+00:00,22.200000762939453,23.510000228881836,22.190000534057617,23.3700008392334,0
2025-04-02 14:30:00+00:00,21.760000228881836,22.709999084472656,21.700000762939453,22.709999084472656,0
2025-04-02 15:30:00+00:00,21.559999465942383,22.100000381469727,21.559999465942383,21.850000381469727,0
2025-04-02 16:30:00+00:00,21.100000381469727,21.950000762939453,20.68000030517578,21.850000381469727,0
2025-04-02 17:30:00+00:00,22.280000686645508,22.280000686645508,20.68000030517578,20.940000534057617,0
2025-04-02 18:30:00+00:00,21.75,22.309999465942383,21.6200008392334,21.700000762939453,0
2025-04-02 19:30:00+00:00,21.450000762939453,22.229999542236328,21.299999237060547,21.739999771118164,0
2025-04-03 13:30:00+00:00,27.3799991607666,27.860000610351562,26.149999618530273,27.170000076293945,0
2025-04-03 14:30:00+00:00,28.1200008392334,29.260000228881836,26.809999465942383,26.899999618530273,0
2025-04-03 15:30:00+00:00,26.6299991607666,29.260000228881836,26.56999969482422,28.729999542236328,0
2025-04-03 16:30:00+00:00,27.8799991607666,27.940000534057617,26.56999969482422,27.59000015258789,0
2025-04-03 17:30:00+00:00,28.329999923706055,28.43000030517578,27.110000610351562,27.450000762939453,0
2025-04-03 18:30:00+00:00,28.6299991607666,28.700000762939453,27.489999771118164,27.920000076293945,0
2025-04-03 19:30:00+00:00,29.709999084472656,29.709999084472656,27.489999771118164,28.690000534057617,0
2025-04-04 13:30:00+00:00,40.22999954223633,40.22999954223633,35.810001373291016,37.189998626708984,0
2025-04-04 14:30:00+00:00,40.06999969482422,45.08000183105469,35.88999938964844,35.88999938964844,0
2025-04-04 15:30:00+00:00,40.540000915527344,41.40999984741211,37.0099983215332,40.970001220703125,0
2025-04-04 16:30:00+00:00,41.599998474121094,42.349998474121094,38.4900016784668,40.27000045776367,0
2025-04-04 17:30:00+00:00,42.7599983215332,42.7599983215332,39.810001373291016,40.369998931884766,0
2025-04-04 18:30:00+00:00,42.560001373291016,45.220001220703125,39.810001373291016,40.29999923706055,0
2025-04-04 19:30:00+00:00,43.849998474121094,44.52000045776367,41.06999969482422,42.52000045776367,0
2025-04-07 13:30:00+00:00,49.56999969482422,54.16999816894531,38.58000183105469,47.33000183105469,0
2025-04-07 14:30:00+00:00,52.15999984741211,54.20000076293945,38.58000183105469,48.849998474121094,0
2025-04-07 15:30:00+00:00,49.119998931884766,54.20000076293945,43.5099983215332,45.25,0
2025-04-07 16:30:00+00:00,46.790000915527344,52.08000183105469,46.790000915527344,49.08000183105469,0
2025-04-07 17:30:00+00:00,46.54999923706055,52.08000183105469,44.189998626708984,50.9900016784668,0
2025-04-07 18:30:00+00:00,48.66999816894531,48.880001068115234,44.189998626708984,44.68000030517578,0
2025-04-07 19:30:00+00:00,48.2599983215332,48.880001068115234,46.77000045776367,48.84000015258789,0
2025-04-08 13:30:00+00:00,37.470001220703125,40.81999969482422,36.47999954223633,40.68000030517578,0
2025-04-08 14:30:00+00:00,41.2599983215332,41.470001220703125,36.47999954223633,37.09000015258789,0
2025-04-08 15:30:00+00:00,42.029998779296875,42.900001525878906,38.95000076293945,39.7599983215332,0
2025-04-08 16:30:00+00:00,49.56999969482422,49.56999969482422,40.150001525878906,40.34000015258789,0
2025-04-08 17:30:00+00:00,48.81999969482422,50.08000183105469,45.88999938964844,46.11000061035156,0
2025-04-08 18:30:00+00:00,52.150001525878906,54.970001220703125,47.5099983215332,47.7599983215332,0
2025-04-08 19:30:00+00:00,52.66999816894531,57.52000045776367,50.22999954223633,52.09000015258789,0
2025-04-09 13:30:00+00:00,50.150001525878906,54.119998931884766,48.540000915527344,54.119998931884766,0
2025-04-09 14:30:00+00:00,50.150001525878906,52.560001373291016,48.540000915527344,49.689998626708984,0
2025-04-09 15:30:00+00:00,49.939998626708984,52.560001373291016,49.029998779296875,52.560001373291016,0
2025-04-09 16:30:00+00:00,37.0099983215332,51.66999816894531,36.619998931884766,51.34000015258789,0
2025-04-09 17:30:00+00:00,35.810001373291016,49.20000076293945,34.540000915527344,49.13999938964844,0
2025-04-09 18:30:00+00:00,32.369998931884766,38.119998931884766,32.06999969482422,36.709999084472656,0
2025-04-09 19:30:00+00:00,33.40999984741211,36.790000915527344,31.899999618530273,32.380001068115234,0
2025-04-10 13:30:00+00:00,37.75,38.380001068115234,35.369998931884766,36.93000030517578,0
2025-04-10 14:30:00+00:00,41.02000045776367,41.02000045776367,36.61000061035156,36.88999938964844,0
2025-04-10 15:30:00+00:00,54.66999816894531,54.869998931884766,38.41999816894531,39.38999938964844,0
2025-04-10 16:30:00+00:00,48.27000045776367,54.869998931884766,45.52000045776367,45.88999938964844,0
2025-04-10 17:30:00+00:00,41.0,52.18000030517578,41.0,47.93000030517578,0
2025-04-10 18:30:00+00:00,45.0099983215332,45.54999923706055,40.15999984741211,44.31999969482422,0
2025-04-10 19:30:00+00:00,41.18000030517578,47.70000076293945,40.70000076293945,45.2599983215332,0
2025-04-11 13:30:00+00:00,45.290000915527344,45.529998779296875,41.25,43.099998474121094,0
2025-04-11 14:30:00+00:00,45.04999923706055,46.119998931884766,41.25,42.290000915527344,0
2025-04-11 15:30:00+00:00,41.47999954223633,46.119998931884766,41.220001220703125,45.15999984741211,0
2025-04-11 16:30:00+00:00,41.869998931884766,43.20000076293945,38.68000030517578,42.91999816894531,0
2025-04-11 17:30:00+00:00,39.97999954223633,42.09000015258789,38.7599983215332,39.38999938964844,0
2025-04-11 18:30:00+00:00,37.529998779296875,40.54999923706055,37.43000030517578,39.45000076293945,0
2025-04-11 19:30:00+00:00,37.939998626708984,39.25,36.849998474121094,37.560001373291016,0
2025-04-14 13:30:00+00:00,31.459999084472656,33.83000183105469,31.440000534057617,32.43000030517578,0
2025-04-14 14:30:00+00:00,33.02000045776367,33.02000045776367,30.260000228881836,32.810001373291016,0
2025-04-14 15:30:00+00:00,34.13999938964844,35.16999816894531,30.690000534057617,30.780000686645508,0
2025-04-14 16:30:00+00:00,33.189998626708984,35.16999816894531,32.81999969482422,34.380001068115234,0
2025-04-14 17:30:00+00:00,31.18000030517578,34.029998779296875,31.079999923706055,33.869998931884766,0
2025-04-14 18:30:00+00:00,30.350000381469727,31.979999542236328,29.8799991607666,31.979999542236328,0
2025-04-14 19:30:00+00:00,30.75,30.889999389648438,29.75,30.389999389648438,0
2025-04-15 13:30:00+00:00,29.829999923706055,30.709999084472656,28.290000915527344,30.610000610351562,0
2025-04-15 14:30:00+00:00,29.459999084472656,30.709999084472656,28.420000076293945,29.200000762939453,0
2025-04-15 15:30:00+00:00,29.0,29.639999389648438,28.65999984741211,29.25,0
2025-04-15 16:30:00+00:00,30.049999237060547,30.190000534057617,28.65999984741211,29.030000686645508,0
2025-04-15 17:30:00+00:00,29.940000534057617,30.270000457763672,29.280000686645508,29.75,0
2025-04-15 18:30:00+00:00,29.329999923706055,30.270000457763672,28.850000381469727,29.81999969482422,0
2025-04-15 19:30:00+00:00,30.100000381469727,30.100000381469727,28.889999389648438,29.299999237060547,0
2025-04-16 13:30:00+00:00,30.549999237060547,32.470001220703125,30.540000915527344,31.59000015258789,0
2025-04-16 14:30:00+00:00,29.56999969482422,31.950000762939453,29.479999542236328,31.860000610351562,0
2025-04-16 15:30:00+00:00,31.030000686645508,31.209999084472656,29.479999542236328,30.239999771118164,0
2025-04-16 16:30:00+00:00,30.860000610351562,31.399999618530273,30.809999465942383,30.860000610351562,0
2025-04-16 17:30:00+00:00,32.349998474121094,33.790000915527344,30.81999969482422,31.270000457763672,0
2025-04-16 18:30:00+00:00,34.900001525878906,34.959999084472656,32.189998626708984,33.790000915527344,0
2025-04-16 19:30:00+00:00,32.72999954223633,34.959999084472656,32.54999923706055,34.880001068115234,0
2025-04-17 13:30:00+00:00,31.920000076293945,31.920000076293945,30.690000534057617,31.0,0
2025-04-17 14:30:00+00:00,31.790000915527344,32.54999923706055,30.850000381469727,31.09000015258789,0
2025-04-17 15:30:00+00:00,30.829999923706055,32.38999938964844,30.780000686645508,32.38999938964844,0
2025-04-17 16:30:00+00:00,31.079999923706055,31.75,30.56999969482422,31.559999465942383,0
2025-04-17 17:30:00+00:00,30.229999542236328,31.079999923706055,29.8799991607666,30.729999542236328,0
2025-04-17 18:30:00+00:00,30.40999984741211,30.68000030517578,29.700000762939453,30.389999389648438,0
2025-04-17 19:30:00+00:00,30.030000686645508,30.68000030517578,30.030000686645508,30.389999389648438,0
2025-04-21 13:30:00+00:00,33.380001068115234,33.59000015258789,31.920000076293945,32.0,0
2025-04-21 14:30:00+00:00,34.31999969482422,34.349998474121094,32.880001068115234,33.08000183105469,0
2025-04-21 15:30:00+00:00,34.4900016784668,35.08000183105469,33.650001525878906,33.790000915527344,0
2025-04-21 16:30:00+00:00,35.15999984741211,35.189998626708984,33.869998931884766,35.04999923706055,0
2025-04-21 17:30:00+00:00,35.189998626708984,35.75,34.290000915527344,34.52000045776367,0
2025-04-21 18:30:00+00:00,34.59000015258789,35.75,34.380001068115234,35.63999938964844,0
2025-04-21 19:30:00+00:00,33.689998626708984,35.36000061035156,33.380001068115234,34.529998779296875,0
2025-04-22 13:30:00+00:00,30.6200008392334,31.84000015258789,30.59000015258789,31.809999465942383,0
2025-04-22 14:30:00+00:00,30.559999465942383,31.100000381469727,30.079999923706055,31.06999969482422,0
2025-04-22 15:30:00+00:00,30.579999923706055,30.899999618530273,30.079999923706055,30.3799991607666,0
2025-04-22 16:30:00+00:00,32.18000030517578,32.22999954223633,30.229999542236328,30.5,0
2025-04-22 17:30:00+00:00,30.719999313354492,32.279998779296875,30.68000030517578,30.809999465942383,0
2025-04-22 18:30:00+00:00,31.020000457763672,32.029998779296875,30.3799991607666,32.02000045776367,0
2025-04-22 19:30:00+00:00,30.549999237060547,31.190000534057617,30.450000762939453,31.010000228881836,0
2025-04-23 13:30:00+00:00,27.239999771118164,28.360000610351562,27.239999771118164,27.809999465942383,0
2025-04-23 14:30:00+00:00,28.760000228881836,29.010000228881836,27.110000610351562,27.8700008392334,0
2025-04-23 15:30:00+00:00,29.489999771118164,30.290000915527344,27.770000457763672,27.799999237060547,0
2025-04-23 16:30:00+00:00,28.530000686645508,30.290000915527344,28.260000228881836,29.110000610351562,0
2025-04-23 17:30:00+00:00,28.84000015258789,29.079999923706055,28.219999313354492,28.729999542236328,0
2025-04-23 18:30:00+00:00,29.049999237060547,29.18000030517578,28.219999313354492,28.399999618530273,0
2025-04-23 19:30:00+00:00,28.239999771118164,29.229999542236328,28.079999923706055,29.06999969482422,0
2025-04-24 13:30:00+00:00,27.290000915527344,27.950000762939453,27.1299991607666,27.760000228881836,0
2025-04-24 14:30:00+00:00,27.360000610351562,27.600000381469727,27.1299991607666,27.440000534057617,0
2025-04-24 15:30:00+00:00,27.059999465942383,27.510000228881836,27.059999465942383,27.34000015258789,0
2025-04-24 16:30:00+00:00,27.6299991607666,27.690000534057617,26.979999542236328,27.389999389648438,0
2025-04-24 17:30:00+00:00,27.350000381469727,27.81999969482422,27.270000457763672,27.479999542236328,0
2025-04-24 18:30:00+00:00,26.90999984741211,27.489999771118164,26.670000076293945,27.450000762939453,0
2025-04-24 19:30:00+00:00,26.639999389648438,27.149999618530273,26.459999084472656,26.93000030517578,0
2025-04-25 13:30:00+00:00,26.90999984741211,27.200000762939453,26.059999465942383,26.8799991607666,0
2025-04-25 14:30:00+00:00,25.739999771118164,27.139999389648438,25.579999923706055,27.1299991607666,0
2025-04-25 15:30:00+00:00,25.149999618530273,26.329999923706055,25.100000381469727,26.219999313354492,0
2025-04-25 16:30:00+00:00,25.06999969482422,25.360000610351562,24.850000381469727,25.31999969482422,0
2025-04-25 17:30:00+00:00,25.3700008392334,26.520000457763672,24.959999084472656,25.209999084472656,0
2025-04-25 18:30:00+00:00,25.40999984741211,26.219999313354492,24.979999542236328,26.139999389648438,0
2025-04-25 19:30:00+00:00,25.049999237060547,25.59000015258789,24.979999542236328,25.399999618530273,0
2025-04-28 13:30:00+00:00,25.100000381469727,25.59000015258789,24.700000762939453,25.280000686645508,0
2025-04-28 14:30:00+00:00,26.260000228881836,26.260000228881836,24.81999969482422,25.450000762939453,0
2025-04-28 15:30:00+00:00,26.40999984741211,26.479999542236328,25.149999618530273,25.229999542236328,0
2025-04-28 16:30:00+00:00,26.860000610351562,26.860000610351562,25.860000610351562,25.969999313354492,0
2025-04-28 17:30:00+00:00,25.790000915527344,26.93000030517578,25.719999313354492,26.260000228881836,0
2025-04-28 18:30:00+00:00,25.15999984741211,26.15999984741211,25.06999969482422,26.15999984741211,0
2025-04-28 19:30:00+00:00,24.940000534057617,25.40999984741211,24.760000228881836,25.1200008392334,0
2025-04-29 13:30:00+00:00,25.479999542236328,25.989999771118164,24.649999618530273,25.600000381469727,0
2025-04-29 14:30:00+00:00,24.850000381469727,25.540000915527344,24.649999618530273,25.270000457763672,0
2025-04-29 15:30:00+00:00,24.510000228881836,25.149999618530273,24.469999313354492,24.829999923706055,0
2025-04-29 16:30:00+00:00,24.219999313354492,24.90999984741211,24.190000534057617,24.8799991607666,0
2025-04-29 17:30:00+00:00,23.8799991607666,24.850000381469727,23.760000228881836,24.780000686645508,0
2025-04-29 18:30:00+00:00,24.229999542236328,24.260000228881836,23.770000457763672,23.8700008392334,0
2025-04-29 19:30:00+00:00,24.270000457763672,24.479999542236328,23.940000534057617,24.209999084472656,0
2025-04-30 13:30:00+00:00,26.260000228881836,28.170000076293945,26.209999084472656,26.229999542236328,0
2025-04-30 14:30:00+00:00,25.559999465942383,28.1200008392334,25.3799991607666,28.059999465942383,0
2025-04-30 15:30:00+00:00,25.739999771118164,26.049999237060547,25.190000534057617,26.049999237060547,0
2025-04-30 16:30:00+00:00,25.420000076293945,26.290000915527344,25.190000534057617,25.389999389648438,0
2025-04-30 17:30:00+00:00,25.399999618530273,26.290000915527344,24.8799991607666,25.530000686645508,0
2025-04-30 18:30:00+00:00,25.639999389648438,25.8700008392334,24.8799991607666,25.31999969482422,0
2025-04-30 19:30:00+00:00,24.770000457763672,25.760000228881836,24.520000457763672,25.68000030517578,0
2025-05-01 13:30:00+00:00,23.860000610351562,24.700000762939453,23.850000381469727,24.299999237060547,0
2025-05-01 14:30:00+00:00,24.049999237060547,24.700000762939453,23.770000457763672,24.489999771118164,0
2025-05-01 15:30:00+00:00,24.829999923706055,25.18000030517578,23.770000457763672,23.90999984741211,0
2025-05-01 16:30:00+00:00,24.270000457763672,25.18000030517578,24.049999237060547,24.739999771118164,0
2025-05-01 17:30:00+00:00,23.700000762939453,24.790000915527344,23.670000076293945,24.75,0
2025-05-01 18:30:00+00:00,23.549999237060547,24.309999465942383,23.479999542236328,24.309999465942383,0
2025-05-01 19:30:00+00:00,24.239999771118164,24.239999771118164,23.299999237060547,23.559999465942383,0
2025-05-02 13:30:00+00:00,22.600000381469727,23.209999084472656,22.489999771118164,22.56999969482422,0
2025-05-02 14:30:00+00:00,23.040000915527344,23.1299991607666,22.579999923706055,23.079999923706055,0
2025-05-02 15:30:00+00:00,22.899999618530273,23.059999465942383,22.389999389648438,22.979999542236328,0
2025-05-02 16:30:00+00:00,22.809999465942383,22.940000534057617,22.389999389648438,22.729999542236328,0
2025-05-02 17:30:00+00:00,22.440000534057617,22.940000534057617,22.43000030517578,22.729999542236328,0
2025-05-02 18:30:00+00:00,22.479999542236328,22.84000015258789,22.34000015258789,22.739999771118164,0
2025-05-02 19:30:00+00:00,22.530000686645508,22.84000015258789,22.40999984741211,22.510000228881836,0
2025-05-05 13:30:00+00:00,23.6299991607666,24.360000610351562,23.579999923706055,24.190000534057617,0
2025-05-05 14:30:00+00:00,23.079999923706055,24.139999389648438,22.899999618530273,24.139999389648438,0
2025-05-05 15:30:00+00:00,22.940000534057617,23.309999465942383,22.889999389648438,23.030000686645508,0
2025-05-05 16:30:00+00:00,23.170000076293945,23.229999542236328,22.809999465942383,23.1299991607666,0
2025-05-05 17:30:00+00:00,23.06999969482422,23.229999542236328,22.920000076293945,22.920000076293945,0
2025-05-05 18:30:00+00:00,23.209999084472656,23.25,22.93000030517578,23.1200008392334,0
2025-05-05 19:30:00+00:00,23.59000015258789,23.68000030517578,22.940000534057617,23.219999313354492,0
2025-05-06 13:30:00+00:00,24.200000762939453,25.110000610351562,24.1200008392334,24.6299991607666,0
2025-05-06 14:30:00+00:00,24.0,25.079999923706055,23.959999084472656,24.950000762939453,0
2025-05-06 15:30:00+00:00,24.299999237060547,24.559999465942383,23.899999618530273,24.200000762939453,0
2025-05-06 16:30:00+00:00,24.579999923706055,24.670000076293945,23.899999618530273,24.350000381469727,0
2025-05-06 17:30:00+00:00,24.59000015258789,24.989999771118164,24.350000381469727,24.6299991607666,0
2025-05-06 18:30:00+00:00,24.489999771118164,24.989999771118164,24.34000015258789,24.940000534057617,0
2025-05-06 19:30:00+00:00,24.709999084472656,24.709999084472656,24.260000228881836,24.479999542236328,0
2025-05-07 13:30:00+00:00,24.469999313354492,25.190000534057617,24.440000534057617,24.68000030517578,0
2025-05-07 14:30:00+00:00,24.780000686645508,25.049999237060547,24.389999389648438,24.610000610351562,0
2025-05-07 15:30:00+00:00,24.739999771118164,25.049999237060547,24.43000030517578,24.780000686645508,0
2025-05-07 16:30:00+00:00,24.309999465942383,24.780000686645508,24.139999389648438,24.520000457763672,0
2025-05-07 17:30:00+00:00,24.989999771118164,25.6200008392334,24.139999389648438,24.209999084472656,0
2025-05-07 18:30:00+00:00,24.579999923706055,25.6200008392334,23.860000610351562,24.8700008392334,0
2025-05-07 19:30:00+00:00,23.639999389648438,24.68000030517578,23.290000915527344,24.59000015258789,0
2025-05-08 13:30:00+00:00,22.829999923706055,23.420000076293945,22.780000686645508,22.850000381469727,0
2025-05-08 14:30:00+00:00,22.299999237060547,23.610000610351562,22.239999771118164,23.100000381469727,0
2025-05-08 15:30:00+00:00,22.299999237060547,23.450000762939453,21.8799991607666,23.3700008392334,0
2025-05-08 16:30:00+00:00,22.350000381469727,22.420000076293945,22.030000686645508,22.270000457763672,0
2025-05-08 17:30:00+00:00,22.360000610351562,22.6200008392334,22.18000030517578,22.18000030517578,0
2025-05-08 18:30:00+00:00,22.059999465942383,22.6200008392334,21.920000076293945,22.600000381469727,0
2025-05-08 19:30:00+00:00,22.6200008392334,22.68000030517578,21.920000076293945,22.059999465942383,0
2025-05-09 13:30:00+00:00,22.350000381469727,22.440000534057617,21.829999923706055,22.200000762939453,0
2025-05-09 14:30:00+00:00,22.329999923706055,22.670000076293945,21.829999923706055,21.93000030517578,0
2025-05-09 15:30:00+00:00,22.329999923706055,22.489999771118164,22.010000228881836,22.34000015258789,0
2025-05-09 16:30:00+00:00,22.5,22.81999969482422,22.010000228881836,22.010000228881836,0
2025-05-09 17:30:00+00:00,22.309999465942383,22.81999969482422,22.170000076293945,22.6299991607666,0
2025-05-09 18:30:00+00:00,22.030000686645508,22.34000015258789,21.90999984741211,22.219999313354492,0
2025-05-09 19:30:00+00:00,21.989999771118164,22.170000076293945,21.90999984741211,22.059999465942383,0
2025-05-12 13:30:00+00:00,19.479999542236328,19.850000381469727,18.959999084472656,19.850000381469727,0
2025-05-12 14:30:00+00:00,19.3799991607666,19.65999984741211,19.020000457763672,19.360000610351562,0
2025-05-12 15:30:00+00:00,18.93000030517578,19.5,18.860000610351562,19.34000015258789,0
2025-05-12 16:30:00+00:00,18.899999618530273,19.209999084472656,18.739999771118164,19.190000534057617,0
2025-05-12 17:30:00+00:00,18.700000762939453,18.969999313354492,18.639999389648438,18.850000381469727,0
2025-05-12 18:30:00+00:00,18.579999923706055,18.959999084472656,18.530000686645508,18.959999084472656,0
2025-05-12 19:30:00+00:00,18.25,18.780000686645508,18.25,18.579999923706055,0
2025-05-13 13:30:00+00:00,17.84000015258789,18.020000457763672,17.649999618530273,18.0,0
2025-05-13 14:30:00+00:00,17.90999984741211,17.959999084472656,17.719999313354492,17.770000457763672,0
2025-05-13 15:30:00+00:00,17.950000762939453,18.079999923706055,17.860000610351562,17.860000610351562,0
2025-05-13 16:30:00+00:00,17.889999389648438,18.059999465942383,17.790000915527344,17.959999084472656,0
2025-05-13 17:30:00+00:00,17.8700008392334,18.1200008392334,17.84000015258789,17.889999389648438,0
2025-05-13 18:30:00+00:00,17.920000076293945,18.1200008392334,17.649999618530273,18.079999923706055,0
2025-05-13 19:30:00+00:00,18.239999771118164,18.290000915527344,17.649999618530273,17.93000030517578,0
2025-05-14 13:30:00+00:00,18.360000610351562,18.709999084472656,18.110000610351562,18.260000228881836,0
2025-05-14 14:30:00+00:00,18.31999969482422,18.690000534057617,18.239999771118164,18.479999542236328,0
2025-05-14 15:30:00+00:00,18.34000015258789,18.690000534057617,18.270000457763672,18.360000610351562,0
2025-05-14 16:30:00+00:00,18.549999237060547,18.81999969482422,18.209999084472656,18.360000610351562,0
2025-05-14 17:30:00+00:00,18.31999969482422,18.81999969482422,18.06999969482422,18.389999389648438,0
2025-05-14 18:30:00+00:00,18.469999313354492,18.530000686645508,18.059999465942383,18.18000030517578,0
2025-05-14 19:30:00+00:00,18.65999984741211,18.65999984741211,18.149999618530273,18.469999313354492,0
2025-05-15 13:30:00+00:00,18.690000534057617,18.969999313354492,18.56999969482422,18.809999465942383,0
2025-05-15 14:30:00+00:00,18.40999984741211,18.809999465942383,18.280000686645508,18.760000228881836,0
2025-05-15 15:30:00+00:00,18.450000762939453,18.559999465942383,18.280000686645508,18.549999237060547,0
2025-05-15 16:30:00+00:00,18.280000686645508,18.530000686645508,18.1299991607666,18.459999084472656,0
2025-05-15 17:30:00+00:00,18.149999618530273,18.350000381469727,18.1299991607666,18.260000228881836,0
2025-05-15 18:30:00+00:00,18.170000076293945,18.350000381469727,17.979999542236328,18.239999771118164,0
2025-05-15 19:30:00+00:00,17.969999313354492,18.219999313354492,17.920000076293945,18.15999984741211,0
2025-05-16 13:30:00+00:00,17.510000228881836,17.670000076293945,17.360000610351562,17.5,0
2025-05-16 14:30:00+00:00,17.540000915527344,17.8799991607666,17.360000610351562,17.510000228881836,0
2025-05-16 15:30:00+00:00,17.329999923706055,17.670000076293945,17.260000228881836,17.639999389648438,0
2025-05-16 16:30:00+00:00,17.31999969482422,17.450000762939453,17.149999618530273,17.440000534057617,0
2025-05-16 17:30:00+00:00,17.360000610351562,17.489999771118164,17.149999618530273,17.229999542236328,0
2025-05-16 18:30:00+00:00,17.479999542236328,17.489999771118164,17.260000228881836,17.469999313354492,0
2025-05-16 19:30:00+00:00,17.229999542236328,17.5,17.209999084472656,17.479999542236328,0
2025-05-19 13:30:00+00:00,18.559999465942383,19.579999923706055,18.40999984741211,19.329999923706055,0
2025-05-19 14:30:00+00:00,18.420000076293945,18.719999313354492,18.40999984741211,18.700000762939453,0
2025-05-19 15:30:00+00:00,18.170000076293945,18.56999969482422,18.170000076293945,18.56999969482422,0
2025-05-19 16:30:00+00:00,18.049999237060547,18.3700008392334,18.020000457763672,18.34000015258789,0
2025-05-19 17:30:00+00:00,18.100000381469727,18.209999084472656,18.020000457763672,18.06999969482422,0
2025-05-19 18:30:00+00:00,18.239999771118164,18.270000457763672,17.920000076293945,18.09000015258789,0
2025-05-19 19:30:00+00:00,17.979999542236328,18.270000457763672,17.979999542236328,18.239999771118164,0
2025-05-20 13:30:00+00:00,18.43000030517578,18.459999084472656,18.020000457763672,18.139999389648438,0
2025-05-20 14:30:00+00:00,18.09000015258789,18.489999771118164,18.09000015258789,18.270000457763672,0
2025-05-20 15:30:00+00:00,17.979999542236328,18.440000534057617,17.920000076293945,18.350000381469727,0
2025-05-20 16:30:00+00:00,17.8700008392334,18.139999389648438,17.700000762939453,17.959999084472656,0
2025-05-20 17:30:00+00:00,18.389999389648438,18.420000076293945,17.700000762939453,17.790000915527344,0
2025-05-20 18:30:00+00:00,18.25,18.68000030517578,17.940000534057617,17.969999313354492,0
2025-05-20 19:30:00+00:00,17.889999389648438,18.68000030517578,17.8700008392334,18.25,0
2025-05-21 13:30:00+00:00,18.579999923706055,19.280000686645508,18.40999984741211,18.8700008392334,0
2025-05-21 14:30:00+00:00,18.25,18.719999313354492,18.15999984741211,18.719999313354492,0
2025-05-21 15:30:00+00:00,18.170000076293945,18.389999389648438,18.110000610351562,18.34000015258789,0
2025-05-21 16:30:00+00:00,20.110000610351562,20.110000610351562,17.770000457763672,18.219999313354492,0
2025-05-21 17:30:00+00:00,19.989999771118164,20.40999984741211,17.770000457763672,18.229999542236328,0
2025-05-21 18:30:00+00:00,20.940000534057617,21.049999237060547,19.729999542236328,19.729999542236328,0
2025-05-21 19:30:00+00:00,20.469999313354492,21.049999237060547,20.18000030517578,20.950000762939453,0
2025-05-22 13:30:00+00:00,20.81999969482422,21.530000686645508,20.190000534057617,20.989999771118164,0
2025-05-22 14:30:00+00:00,20.860000610351562,21.200000762939453,20.190000534057617,20.510000228881836,0
2025-05-22 15:30:00+00:00,20.25,20.979999542236328,19.989999771118164,20.790000915527344,0
2025-05-22 16:30:00+00:00,20.270000457763672,20.739999771118164,19.989999771118164,20.329999923706055,0
2025-05-22 17:30:00+00:00,19.90999984741211,20.739999771118164,19.84000015258789,20.6299991607666,0
2025-05-22 18:30:00+00:00,19.649999618530273,20.079999923706055,19.639999389648438,19.969999313354492,0
2025-05-22 19:30:00+00:00,20.309999465942383,20.420000076293945,19.639999389648438,19.65999984741211,0
2025-05-23 13:30:00+00:00,22.780000686645508,25.3799991607666,22.280000686645508,24.719999313354492,0
2025-05-23 14:30:00+00:00,22.110000610351562,23.219999313354492,22.09000015258789,23.219999313354492,0
2025-05-23 15:30:00+00:00,21.979999542236328,22.600000381469727,21.760000228881836,22.479999542236328,0
2025-05-23 16:30:00+00:00,21.389999389648438,22.3700008392334,21.389999389648438,22.219999313354492,0
2025-05-23 17:30:00+00:00,21.65999984741211,21.93000030517578,21.360000610351562,21.799999237060547,0
2025-05-23 18:30:00+00:00,22.3700008392334,22.559999465942383,21.440000534057617,21.579999923706055,0
2025-05-23 19:30:00+00:00,22.34000015258789,22.670000076293945,21.84000015258789,22.350000381469727,0
2025-05-27 13:30:00+00:00,19.520000457763672,21.010000228881836,19.389999389648438,20.59000015258789,0
2025-05-27 14:30:00+00:00,19.43000030517578,20.229999542236328,19.3700008392334,20.229999542236328,0
2025-05-27 15:30:00+00:00,19.420000076293945,19.549999237060547,19.329999923706055,19.5,0
2025-05-27 16:30:00+00:00,19.209999084472656,19.440000534057617,19.18000030517578,19.389999389648438,0
2025-05-27 17:30:00+00:00,19.239999771118164,19.329999923706055,19.110000610351562,19.329999923706055,0
2025-05-27 18:30:00+00:00,19.170000076293945,19.25,19.049999237060547,19.1299991607666,0
2025-05-27 19:30:00+00:00,19.030000686645508,19.290000915527344,19.030000686645508,19.18000030517578,0
2025-05-28 13:30:00+00:00,19.1299991607666,19.190000534057617,18.81999969482422,19.100000381469727,0
2025-05-28 14:30:00+00:00,19.31999969482422,19.34000015258789,19.030000686645508,19.049999237060547,0
2025-05-28 15:30:00+00:00,19.18000030517578,19.43000030517578,19.149999618530273,19.309999465942383,0
2025-05-28 16:30:00+00:00,18.899999618530273,19.43000030517578,18.829999923706055,19.43000030517578,0
2025-05-28 17:30:00+00:00,18.719999313354492,19.09000015258789,18.719999313354492,19.059999465942383,0
2025-05-28 18:30:00+00:00,19.110000610351562,19.31999969482422,18.68000030517578,19.010000228881836,0
2025-05-28 19:30:00+00:00,19.190000534057617,19.399999618530273,18.75,19.100000381469727,0
2025-05-29 13:30:00+00:00,19.190000534057617,19.700000762939453,18.809999465942383,19.190000534057617,0
2025-05-29 14:30:00+00:00,19.0,19.700000762939453,18.959999084472656,19.1299991607666,0
2025-05-29 15:30:00+00:00,19.420000076293945,20.200000762939453,18.959999084472656,18.989999771118164,0
2025-05-29 16:30:00+00:00,19.040000915527344,20.200000762939453,18.969999313354492,19.8700008392334,0
2025-05-29 17:30:00+00:00,19.229999542236328,19.360000610351562,18.940000534057617,19.139999389648438,0
2025-05-29 18:30:00+00:00,19.049999237060547,19.360000610351562,18.84000015258789,19.260000228881836,0
2025-05-29 19:30:00+00:00,19.049999237060547,19.18000030517578,18.81999969482422,19.049999237060547,0
2025-05-30 13:30:00+00:00,19.170000076293945,19.850000381469727,19.059999465942383,19.739999771118164,0
2025-05-30 14:30:00+00:00,19.139999389648438,19.739999771118164,18.93000030517578,19.739999771118164,0
2025-05-30 15:30:00+00:00,20.170000076293945,20.219999313354492,19.110000610351562,19.25,0
2025-05-30 16:30:00+00:00,19.899999618530273,20.489999771118164,19.149999618530273,19.270000457763672,0
2025-05-30 17:30:00+00:00,19.25,20.260000228881836,19.1299991607666,20.209999084472656,0
2025-05-30 18:30:00+00:00,18.860000610351562,19.90999984741211,18.829999923706055,19.90999984741211,0
2025-05-30 19:30:00+00:00,18.75,19.139999389648438,18.610000610351562,18.829999923706055,0
2025-06-02 13:30:00+00:00,19.020000457763672,19.989999771118164,18.899999618530273,19.540000915527344,0
2025-06-02 14:30:00+00:00,19.1299991607666,19.989999771118164,18.799999237060547,19.510000228881836,0
2025-06-02 15:30:00+00:00,19.020000457763672,19.219999313354492,18.84000015258789,18.8700008392334,0
2025-06-02 16:30:00+00:00,18.959999084472656,19.100000381469727,18.829999923706055,18.8799991607666,0
2025-06-02 17:30:00+00:00,18.6200008392334,18.989999771118164,18.610000610351562,18.950000762939453,0
2025-06-02 18:30:00+00:00,18.510000228881836,18.950000762939453,18.479999542236328,18.899999618530273,0
2025-06-02 19:30:00+00:00,18.479999542236328,18.600000381469727,18.479999542236328,18.510000228881836,0
2025-06-03 13:30:00+00:00,18.110000610351562,18.520000457763672,18.110000610351562,18.469999313354492,0
2025-06-03 14:30:00+00:00,17.899999618530273,18.520000457763672,17.860000610351562,18.450000762939453,0
2025-06-03 15:30:00+00:00,17.950000762939453,18.020000457763672,17.860000610351562,18.020000457763672,0
2025-06-03 16:30:00+00:00,17.84000015258789,18.010000228881836,17.799999237060547,17.989999771118164,0
2025-06-03 17:30:00+00:00,17.780000686645508,18.040000915527344,17.780000686645508,17.920000076293945,0
2025-06-03 18:30:00+00:00,17.739999771118164,18.040000915527344,17.68000030517578,17.8799991607666,0
2025-06-03 19:30:00+00:00,17.649999618530273,17.899999618530273,17.639999389648438,17.729999542236328,0
2025-06-04 13:30:00+00:00,17.639999389648438,18.06999969482422,17.5,17.65999984741211,0
2025-06-04 14:30:00+00:00,17.649999618530273,18.06999969482422,17.56999969482422,17.649999618530273,0
2025-06-04 15:30:00+00:00,17.809999465942383,17.860000610351562,17.56999969482422,17.65999984741211,0
2025-06-04 16:30:00+00:00,17.579999923706055,17.860000610351562,17.510000228881836,17.68000030517578,0
2025-06-04 17:30:00+00:00,17.56999969482422,17.6299991607666,17.5,17.59000015258789,0
2025-06-04 18:30:00+00:00,17.540000915527344,17.6299991607666,17.5,17.56999969482422,0
2025-06-04 19:30:00+00:00,17.489999771118164,17.579999923706055,17.440000534057617,17.530000686645508,0
2025-06-05 13:30:00+00:00,17.729999542236328,18.15999984741211,17.450000762939453,17.579999923706055,0
2025-06-05 14:30:00+00:00,17.149999618530273,18.15999984741211,17.079999923706055,18.079999923706055,0
2025-06-05 15:30:00+00:00,17.15999984741211,17.360000610351562,17.079999923706055,17.270000457763672,0
2025-06-05 16:30:00+00:00,17.290000915527344,17.780000686645508,17.1299991607666,17.15999984741211,0
2025-06-05 17:30:00+00:00,17.469999313354492,17.93000030517578,17.15999984741211,17.68000030517578,0
2025-06-05 18:30:00+00:00,18.520000457763672,18.799999237060547,17.31999969482422,17.34000015258789,0
2025-06-05 19:30:00+00:00,18.6299991607666,18.799999237060547,17.709999084472656,18.5,0
2025-06-06 13:30:00+00:00,17.3700008392334,17.3700008392334,17.010000228881836,17.200000762939453,0
2025-06-06 14:30:00+00:00,17.209999084472656,17.389999389648438,16.989999771118164,17.170000076293945,0
2025-06-06 15:30:00+00:00,16.8799991607666,17.389999389648438,16.81999969482422,17.18000030517578,0
2025-06-06 16:30:00+00:00,16.889999389648438,17.229999542236328,16.81999969482422,16.90999984741211,0
2025-06-06 17:30:00+00:00,16.760000228881836,17.139999389648438,16.649999618530273,17.06999969482422,0
2025-06-06 18:30:00+00:00,16.959999084472656,17.030000686645508,16.649999618530273,16.719999313354492,0
2025-06-06 19:30:00+00:00,16.809999465942383,16.969999313354492,16.790000915527344,16.969999313354492,0
2025-06-09 13:30:00+00:00,17.229999542236328,17.56999969482422,17.200000762939453,17.5,0
2025-06-09 14:30:00+00:00,17.270000457763672,17.43000030517578,17.190000534057617,17.43000030517578,0
2025-06-09 15:30:00+00:00,17.079999923706055,17.290000915527344,17.040000915527344,17.260000228881836,0
2025-06-09 16:30:00+00:00,16.889999389648438,17.149999618530273,16.889999389648438,17.059999465942383,0
2025-06-09 17:30:00+00:00,16.899999618530273,17.030000686645508,16.81999969482422,17.010000228881836,0
2025-06-09 18:30:00+00:00,16.940000534057617,16.989999771118164,16.81999969482422,16.8799991607666,0
2025-06-09 19:30:00+00:00,17.110000610351562,17.110000610351562,16.829999923706055,16.950000762939453,0
2025-06-10 13:30:00+00:00,17.079999923706055,17.25,17.010000228881836,17.209999084472656,0
2025-06-10 14:30:00+00:00,17.079999923706055,17.149999618530273,17.020000457763672,17.100000381469727,0
2025-06-10 15:30:00+00:00,16.899999618530273,17.469999313354492,16.899999618530273,17.100000381469727,0
2025-06-10 16:30:00+00:00,16.93000030517578,16.989999771118164,16.850000381469727,16.979999542236328,0
2025-06-10 17:30:00+00:00,16.959999084472656,17.989999771118164,16.850000381469727,16.8799991607666,0
2025-06-10 18:30:00+00:00,16.860000610351562,17.989999771118164,16.68000030517578,17.020000457763672,0
2025-06-10 19:30:00+00:00,16.760000228881836,16.920000076293945,16.68000030517578,16.860000610351562,0
2025-06-11 13:30:00+00:00,16.450000762939453,16.780000686645508,16.3700008392334,16.40999984741211,0
2025-06-11 14:30:00+00:00,16.469999313354492,16.65999984741211,16.350000381469727,16.559999465942383,0
2025-06-11 15:30:00+00:00,16.59000015258789,16.770000457763672,16.3700008392334,16.399999618530273,0
2025-06-11 16:30:00+00:00,16.260000228881836,16.770000457763672,16.260000228881836,16.510000228881836,0
2025-06-11 17:30:00+00:00,17.440000534057617,17.600000381469727,16.239999771118164,16.540000915527344,0
2025-06-11 18:30:00+00:00,17.75,17.799999237060547,16.6200008392334,16.649999618530273,0
2025-06-11 19:30:00+00:00,17.360000610351562,18.09000015258789,17.350000381469727,17.770000457763672,0
2025-06-12 13:30:00+00:00,17.510000228881836,18.229999542236328,17.5,18.079999923706055,0
2025-06-12 14:30:00+00:00,17.969999313354492,18.149999618530273,17.43000030517578,17.920000076293945,0
2025-06-12 15:30:00+00:00,17.920000076293945,18.280000686645508,17.459999084472656,17.579999923706055,0
2025-06-12 16:30:00+00:00,17.68000030517578,18.280000686645508,17.65999984741211,18.059999465942383,0
2025-06-12 17:30:00+00:00,17.850000381469727,17.969999313354492,17.540000915527344,17.959999084472656,0
2025-06-12 18:30:00+00:00,17.889999389648438,17.920000076293945,17.540000915527344,17.600000381469727,0
2025-06-12 19:30:00+00:00,17.940000534057617,18.1200008392334,17.719999313354492,17.860000610351562,0
2025-06-13 13:30:00+00:00,20.969999313354492,20.989999771118164,19.420000076293945,20.1200008392334,0
2025-06-13 14:30:00+00:00,19.209999084472656,20.989999771118164,19.209999084472656,20.8799991607666,0
2025-06-13 15:30:00+00:00,19.260000228881836,20.0,18.8799991607666,19.950000762939453,0
2025-06-13 16:30:00+00:00,19.829999923706055,19.829999923706055,19.0,19.059999465942383,0
2025-06-13 17:30:00+00:00,20.969999313354492,20.969999313354492,19.110000610351562,19.1200008392334,0
2025-06-13 18:30:00+00:00,21.600000381469727,21.690000534057617,19.739999771118164,19.860000610351562,0
2025-06-13 19:30:00+00:00,21.139999389648438,21.649999618530273,20.790000915527344,21.6200008392334,0
2025-06-16 13:30:00+00:00,18.850000381469727,19.739999771118164,18.670000076293945,19.719999313354492,0
2025-06-16 14:30:00+00:00,18.93000030517578,19.030000686645508,18.670000076293945,18.899999618530273,0
2025-06-16 15:30:00+00:00,19.09000015258789,19.139999389648438,18.780000686645508,18.940000534057617,0
2025-06-16 16:30:00+00:00,19.030000686645508,19.360000610351562,18.829999923706055,19.0,0
2025-06-16 17:30:00+00:00,19.290000915527344,19.399999618530273,18.829999923706055,19.270000457763672,0
2025-06-16 18:30:00+00:00,19.31999969482422,19.440000534057617,19.15999984741211,19.290000915527344,0
2025-06-16 19:30:00+00:00,19.170000076293945,19.440000534057617,19.100000381469727,19.31999969482422,0
2025-06-17 13:30:00+00:00,19.739999771118164,20.290000915527344,19.549999237060547,20.229999542236328,0
2025-06-17 14:30:00+00:00,20.079999923706055,20.110000610351562,19.549999237060547,19.81999969482422,0
2025-06-17 15:30:00+00:00,19.959999084472656,20.31999969482422,19.700000762939453,20.079999923706055,0
2025-06-17 16:30:00+00:00,20.920000076293945,20.920000076293945,19.790000915527344,20.030000686645508,0
2025-06-17 17:30:00+00:00,21.6299991607666,21.790000915527344,20.360000610351562,20.540000915527344,0
2025-06-17 18:30:00+00:00,21.139999389648438,21.790000915527344,21.1299991607666,21.360000610351562,0
2025-06-17 19:30:00+00:00,21.43000030517578,21.5,20.989999771118164,21.139999389648438,0
2025-06-18 13:30:00+00:00,19.739999771118164,21.399999618530273,19.739999771118164,21.389999389648438,0
2025-06-18 14:30:00+00:00,20.09000015258789,20.3799991607666,19.59000015258789,20.270000457763672,0
2025-06-18 15:30:00+00:00,20.299999237060547,20.309999465942383,19.760000228881836,19.760000228881836,0
2025-06-18 16:30:00+00:00,20.670000076293945,20.68000030517578,19.950000762939453,20.139999389648438,0
2025-06-18 17:30:00+00:00,20.40999984741211,20.959999084472656,19.969999313354492,20.350000381469727,0
2025-06-18 18:30:00+00:00,20.549999237060547,21.1200008392334,19.84000015258789,20.3700008392334,0
2025-06-18 19:30:00+00:00,20.3799991607666,21.049999237060547,19.860000610351562,20.559999465942383,0
2025-06-20 13:30:00+00:00,19.940000534057617,20.239999771118164,19.110000610351562,19.280000686645508,0
2025-06-20 14:30:00+00:00,20.149999618530273,20.84000015258789,19.520000457763672,19.639999389648438,0
2025-06-20 15:30:00+00:00,20.299999237060547,20.84000015258789,19.770000457763672,20.520000457763672,0
2025-06-20 16:30:00+00:00,20.770000457763672,20.799999237060547,20.079999923706055,20.299999237060547,0
2025-06-20 17:30:00+00:00,20.360000610351562,21.06999969482422,20.170000076293945,20.309999465942383,0
2025-06-20 18:30:00+00:00,20.889999389648438,20.920000076293945,20.209999084472656,20.68000030517578,0
2025-06-20 19:30:00+00:00,20.59000015258789,20.940000534057617,20.489999771118164,20.8799991607666,0
2025-06-23 13:30:00+00:00,20.209999084472656,21.110000610351562,20.0,20.670000076293945,0
2025-06-23 14:30:00+00:00,20.450000762939453,20.450000762939453,20.0,20.209999084472656,0
2025-06-23 15:30:00+00:00,21.639999389648438,21.649999618530273,20.209999084472656,20.389999389648438,0
2025-06-23 16:30:00+00:00,20.18000030517578,22.510000228881836,20.170000076293945,20.899999618530273,0
2025-06-23 17:30:00+00:00,20.190000534057617,21.770000457763672,19.989999771118164,21.65999984741211,0
2025-06-23 18:30:00+00:00,20.059999465942383,20.3799991607666,19.989999771118164,20.260000228881836,0
2025-06-23 19:30:00+00:00,19.899999618530273,20.239999771118164,19.81999969482422,20.040000915527344,0
2025-06-24 13:30:00+00:00,17.950000762939453,18.239999771118164,17.829999923706055,18.1200008392334,0
2025-06-24 14:30:00+00:00,17.719999313354492,18.239999771118164,17.690000534057617,18.239999771118164,0
2025-06-24 15:30:00+00:00,17.610000610351562,17.959999084472656,17.600000381469727,17.8799991607666,0
2025-06-24 16:30:00+00:00,17.700000762939453,17.770000457763672,17.559999465942383,17.75,0
2025-06-24 17:30:00+00:00,17.520000457763672,17.729999542236328,17.510000228881836,17.639999389648438,0
2025-06-24 18:30:00+00:00,17.389999389648438,17.68000030517578,17.329999923706055,17.56999969482422,0
2025-06-24 19:30:00+00:00,17.510000228881836,17.56999969482422,17.329999923706055,17.389999389648438,0
2025-06-25 13:30:00+00:00,17.260000228881836,17.290000915527344,16.93000030517578,17.030000686645508,0
2025-06-25 14:30:00+00:00,17.31999969482422,17.489999771118164,17.09000015258789,17.15999984741211,0
2025-06-25 15:30:00+00:00,17.280000686645508,17.489999771118164,17.229999542236328,17.260000228881836,0
2025-06-25 16:30:00+00:00,17.190000534057617,17.399999618530273,17.170000076293945,17.350000381469727,0
2025-06-25 17:30:00+00:00,17.170000076293945,17.510000228881836,17.149999618530273,17.309999465942383,0
2025-06-25 18:30:00+00:00,16.81999969482422,17.280000686645508,16.809999465942383,17.270000457763672,0
2025-06-25 19:30:00+00:00,16.68000030517578,17.0,16.68000030517578,16.829999923706055,0
2025-06-26 13:30:00+00:00,16.3799991607666,16.719999313354492,16.3700008392334,16.690000534057617,0
2025-06-26 14:30:00+00:00,16.450000762939453,16.56999969482422,16.299999237060547,16.56999969482422,0
2025-06-26 15:30:00+00:00,16.389999389648438,16.479999542236328,16.329999923706055,16.350000381469727,0
2025-06-26 16:30:00+00:00,16.43000030517578,16.440000534057617,16.31999969482422,16.3700008392334,0
2025-06-26 17:30:00+00:00,16.290000915527344,16.440000534057617,16.110000610351562,16.360000610351562,0
2025-06-26 18:30:00+00:00,16.360000610351562,16.459999084472656,16.110000610351562,16.420000076293945,0
2025-06-26 19:30:00+00:00,16.440000534057617,16.469999313354492,16.350000381469727,16.3799991607666,0
2025-06-27 13:30:00+00:00,16.440000534057617,16.459999084472656,16.200000762939453,16.219999313354492,0
2025-06-27 14:30:00+00:00,16.510000228881836,16.579999923706055,16.200000762939453,16.200000762939453,0
2025-06-27 15:30:00+00:00,16.40999984741211,16.579999923706055,16.389999389648438,16.549999237060547,0
2025-06-27 16:30:00+00:00,16.479999542236328,16.510000228881836,16.389999389648438,16.399999618530273,0
2025-06-27 17:30:00+00:00,17.049999237060547,17.139999389648438,16.399999618530273,16.440000534057617,0
2025-06-27 18:30:00+00:00,16.709999084472656,17.290000915527344,16.639999389648438,16.989999771118164,0
2025-06-27 19:30:00+00:00,16.25,17.020000457763672,16.239999771118164,16.709999084472656,0
2025-06-30 13:30:00+00:00,17.25,17.3799991607666,17.030000686645508,17.1299991607666,0
2025-06-30 14:30:00+00:00,17.25,17.43000030517578,17.229999542236328,17.290000915527344,0
2025-06-30 15:30:00+00:00,17.139999389648438,17.3799991607666,17.079999923706055,17.360000610351562,0
2025-06-30 16:30:00+00:00,17.059999465942383,17.18000030517578,17.049999237060547,17.139999389648438,0
2025-06-30 17:30:00+00:00,16.979999542236328,17.229999542236328,16.959999084472656,17.100000381469727,0
2025-06-30 18:30:00+00:00,16.649999618530273,17.1200008392334,16.610000610351562,17.100000381469727,0
2025-06-30 19:30:00+00:00,16.600000381469727,16.739999771118164,16.549999237060547,16.649999618530273,0
2025-07-01 13:30:00+00:00,16.889999389648438,17.309999465942383,16.790000915527344,17.290000915527344,0
2025-07-01 14:30:00+00:00,16.899999618530273,17.200000762939453,16.790000915527344,16.969999313354492,0
2025-07-01 15:30:00+00:00,16.889999389648438,17.200000762939453,16.799999237060547,17.010000228881836,0
2025-07-01 16:30:00+00:00,16.75,16.979999542236328,16.739999771118164,16.93000030517578,0
2025-07-01 17:30:00+00:00,16.639999389648438,16.920000076293945,16.6200008392334,16.920000076293945,0
2025-07-01 18:30:00+00:00,16.610000610351562,16.850000381469727,16.510000228881836,16.649999618530273,0
2025-07-01 19:30:00+00:00,16.719999313354492,16.850000381469727,16.579999923706055,16.600000381469727,0
2025-07-02 13:30:00+00:00,16.84000015258789,17.3700008392334,16.829999923706055,17.34000015258789,0
2025-07-02 14:30:00+00:00,16.75,17.139999389648438,16.700000762939453,17.139999389648438,0
2025-07-02 15:30:00+00:00,16.719999313354492,16.780000686645508,16.700000762939453,16.770000457763672,0
2025-07-02 16:30:00+00:00,16.729999542236328,16.780000686645508,16.670000076293945,16.729999542236328,0
2025-07-02 17:30:00+00:00,16.700000762939453,16.760000228881836,16.639999389648438,16.719999313354492,0
2025-07-02 18:30:00+00:00,16.6299991607666,16.729999542236328,16.540000915527344,16.68000030517578,0
2025-07-02 19:30:00+00:00,16.6200008392334,16.690000534057617,16.540000915527344,16.6299991607666,0
2025-07-03 13:30:00+00:00,16.479999542236328,16.520000457763672,16.139999389648438,16.3700008392334,0
2025-07-03 14:30:00+00:00,16.360000610351562,16.520000457763672,16.299999237060547,16.399999618530273,0
2025-07-03 15:30:00+00:00,16.510000228881836,16.530000686645508,16.290000915527344,16.450000762939453,0
2025-07-03 16:30:00+00:00,16.420000076293945,16.56999969482422,16.389999389648438,16.40999984741211,0
2025-07-07 13:30:00+00:00,17.65999984741211,17.75,17.530000686645508,17.709999084472656,0
2025-07-07 14:30:00+00:00,17.649999618530273,17.790000915527344,17.579999923706055,17.59000015258789,0
2025-07-07 15:30:00+00:00,17.90999984741211,18.239999771118164,17.6200008392334,17.739999771118164,0
2025-07-07 16:30:00+00:00,18.110000610351562,18.260000228881836,17.6299991607666,17.700000762939453,0
2025-07-07 17:30:00+00:00,18.440000534057617,18.440000534057617,17.889999389648438,18.209999084472656,0
2025-07-07 18:30:00+00:00,17.8799991607666,18.440000534057617,17.790000915527344,18.0,0
2025-07-07 19:30:00+00:00,17.729999542236328,17.959999084472656,17.729999542236328,17.8799991607666,0
2025-07-08 13:30:00+00:00,17.040000915527344,17.170000076293945,16.850000381469727,17.020000457763672,0
2025-07-08 14:30:00+00:00,16.93000030517578,17.299999237060547,16.739999771118164,16.950000762939453,0
2025-07-08 15:30:00+00:00,16.579999923706055,16.940000534057617,16.540000915527344,16.8799991607666,0
2025-07-08 16:30:00+00:00,16.809999465942383,16.950000762939453,16.540000915527344,16.719999313354492,0
2025-07-08 17:30:00+00:00,16.719999313354492,16.950000762939453,16.65999984741211,16.799999237060547,0
2025-07-08 18:30:00+00:00,16.799999237060547,16.84000015258789,16.65999984741211,16.700000762939453,0
2025-07-08 19:30:00+00:00,16.81999969482422,16.8700008392334,16.709999084472656,16.799999237060547,0
2025-07-09 13:30:00+00:00,16.139999389648438,16.170000076293945,15.960000038146973,16.1299991607666,0
2025-07-09 14:30:00+00:00,16.25,16.549999237060547,16.0,16.020000457763672,0
2025-07-09 15:30:00+00:00,16.149999618530273,16.530000686645508,16.079999923706055,16.489999771118164,0
2025-07-09 16:30:00+00:00,15.979999542236328,16.18000030517578,15.930000305175781,16.15999984741211,0
2025-07-09 17:30:00+00:00,15.869999885559082,16.100000381469727,15.829999923706055,16.059999465942383,0
2025-07-09 18:30:00+00:00,15.920000076293945,15.949999809265137,15.760000228881836,15.880000114440918,0
2025-07-09 19:30:00+00:00,15.890000343322754,15.979999542236328,15.760000228881836,15.90999984741211,0
2025-07-10 13:30:00+00:00,15.979999542236328,16.110000610351562,15.890000343322754,16.0,0
2025-07-10 14:30:00+00:00,15.859999656677246,16.110000610351562,15.829999923706055,16.030000686645508,0
2025-07-10 15:30:00+00:00,15.819999694824219,15.90999984741211,15.8100004196167,15.869999885559082,0
2025-07-10 16:30:00+00:00,15.739999771118164,15.890000343322754,15.720000267028809,15.850000381469727,0
2025-07-10 17:30:00+00:00,15.819999694824219,15.829999923706055,15.720000267028809,15.800000190734863,0
2025-07-10 18:30:00+00:00,15.779999732971191,15.850000381469727,15.760000228881836,15.789999961853027,0
2025-07-10 19:30:00+00:00,15.729999542236328,15.84000015258789,15.699999809265137,15.779999732971191,0
2025-07-11 13:30:00+00:00,16.3799991607666,16.8799991607666,16.350000381469727,16.770000457763672,0
2025-07-11 14:30:00+00:00,16.510000228881836,16.65999984741211,16.350000381469727,16.6299991607666,0
2025-07-11 15:30:00+00:00,16.350000381469727,16.6200008392334,16.280000686645508,16.43000030517578,0
2025-07-11 16:30:00+00:00,16.170000076293945,16.530000686645508,16.15999984741211,16.450000762939453,0
2025-07-11 17:30:00+00:00,16.059999465942383,16.290000915527344,16.020000457763672,16.219999313354492,0
2025-07-11 18:30:00+00:00,16.139999389648438,16.350000381469727,15.979999542236328,16.139999389648438,0
2025-07-11 19:30:00+00:00,16.299999237060547,16.350000381469727,16.030000686645508,16.149999618530273,0
2025-07-14 13:30:00+00:00,17.229999542236328,17.40999984741211,17.040000915527344,17.3799991607666,0
2025-07-14 14:30:00+00:00,17.149999618530273,17.350000381469727,17.040000915527344,17.299999237060547,0
2025-07-14 15:30:00+00:00,17.170000076293945,17.239999771118164,17.079999923706055,17.170000076293945,0
2025-07-14 16:30:00+00:00,16.940000534057617,17.219999313354492,16.93000030517578,17.1200008392334,0
2025-07-14 17:30:00+00:00,17.010000228881836,17.040000915527344,16.90999984741211,17.030000686645508,0
2025-07-14 18:30:00+00:00,17.18000030517578,17.18000030517578,16.979999542236328,16.989999771118164,0
2025-07-14 19:30:00+00:00,17.18000030517578,17.270000457763672,17.020000457763672,17.190000534057617,0
2025-07-15 13:30:00+00:00,16.90999984741211,17.0,16.559999465942383,16.639999389648438,0
2025-07-15 14:30:00+00:00,16.989999771118164,17.299999237060547,16.780000686645508,16.950000762939453,0
2025-07-15 15:30:00+00:00,16.950000762939453,17.299999237060547,16.90999984741211,17.299999237060547,0
2025-07-15 16:30:00+00:00,17.0,17.190000534057617,16.84000015258789,17.020000457763672,0
2025-07-15 17:30:00+00:00,16.850000381469727,17.190000534057617,16.799999237060547,17.100000381469727,0
2025-07-15 18:30:00+00:00,17.079999923706055,17.100000381469727,16.799999237060547,16.829999923706055,0
2025-07-15 19:30:00+00:00,17.260000228881836,17.260000228881836,16.959999084472656,17.079999923706055,0
2025-07-16 13:30:00+00:00,17.139999389648438,17.350000381469727,16.690000534057617,16.8700008392334,0
2025-07-16 14:30:00+00:00,18.209999084472656,18.780000686645508,16.969999313354492,17.200000762939453,0
2025-07-16 15:30:00+00:00,17.93000030517578,19.479999542236328,17.190000534057617,17.389999389648438,0
2025-07-16 16:30:00+00:00,17.479999542236328,18.049999237060547,17.43000030517578,17.780000686645508,0
2025-07-16 17:30:00+00:00,17.219999313354492,17.639999389648438,17.219999313354492,17.6200008392334,0
2025-07-16 18:30:00+00:00,17.059999465942383,17.489999771118164,16.889999389648438,17.469999313354492,0
2025-07-16 19:30:00+00:00,17.09000015258789,17.1299991607666,16.889999389648438,17.059999465942383,0
2025-07-17 13:30:00+00:00,17.010000228881836,17.239999771118164,16.899999618530273,17.079999923706055,0
2025-07-17 14:30:00+00:00,16.889999389648438,17.110000610351562,16.809999465942383,16.969999313354492,0
2025-07-17 15:30:00+00:00,16.780000686645508,16.93000030517578,16.75,16.889999389648438,0
2025-07-17 16:30:00+00:00,16.709999084472656,16.81999969482422,16.690000534057617,16.809999465942383,0
2025-07-17 17:30:00+00:00,16.559999465942383,16.75,16.549999237060547,16.75,0
2025-07-17 18:30:00+00:00,16.65999984741211,16.719999313354492,16.479999542236328,16.68000030517578,0
2025-07-17 19:30:00+00:00,16.6299991607666,16.700000762939453,16.510000228881836,16.65999984741211,0
2025-07-18 13:30:00+00:00,16.489999771118164,16.809999465942383,16.280000686645508,16.440000534057617,0
2025-07-18 14:30:00+00:00,16.399999618530273,16.809999465942383,16.290000915527344,16.809999465942383,0
2025-07-18 15:30:00+00:00,16.639999389648438,16.709999084472656,16.31999969482422,16.469999313354492,0
2025-07-18 16:30:00+00:00,16.6200008392334,16.790000915527344,16.31999969482422,16.31999969482422,0
2025-07-18 17:30:00+00:00,16.65999984741211,16.780000686645508,16.520000457763672,16.739999771118164,0
2025-07-18 18:30:00+00:00,16.540000915527344,16.719999313354492,16.530000686645508,16.670000076293945,0
2025-07-18 19:30:00+00:00,16.450000762939453,16.6299991607666,16.420000076293945,16.540000915527344,0
2025-07-21 13:30:00+00:00,16.579999923706055,16.979999542236328,16.559999465942383,16.969999313354492,0
2025-07-21 14:30:00+00:00,16.399999618530273,16.75,16.3700008392334,16.690000534057617,0
2025-07-21 15:30:00+00:00,16.43000030517578,16.5,16.3700008392334,16.479999542236328,0
2025-07-21 16:30:00+00:00,16.31999969482422,16.459999084472656,16.31999969482422,16.399999618530273,0
2025-07-21 17:30:00+00:00,16.399999618530273,16.399999618530273,16.299999237060547,16.350000381469727,0
2025-07-21 18:30:00+00:00,16.559999465942383,16.639999389648438,16.329999923706055,16.3700008392334,0
2025-07-21 19:30:00+00:00,16.75,16.780000686645508,16.440000534057617,16.559999465942383,0
2025-07-22 13:30:00+00:00,17.149999618530273,17.479999542236328,16.719999313354492,16.75,0
2025-07-22 14:30:00+00:00,16.889999389648438,17.43000030517578,16.829999923706055,17.360000610351562,0
2025-07-22 15:30:00+00:00,16.950000762939453,16.979999542236328,16.780000686645508,16.850000381469727,0
2025-07-22 16:30:00+00:00,16.549999237060547,16.979999542236328,16.510000228881836,16.889999389648438,0
2025-07-22 17:30:00+00:00,16.59000015258789,16.739999771118164,16.510000228881836,16.719999313354492,0
2025-07-22 18:30:00+00:00,16.549999237060547,16.739999771118164,16.459999084472656,16.6299991607666,0
2025-07-22 19:30:00+00:00,16.520000457763672,16.600000381469727,16.43000030517578,16.549999237060547,0
2025-07-23 13:30:00+00:00,16.0,16.170000076293945,15.970000267028809,16.040000915527344,0
2025-07-23 14:30:00+00:00,15.869999885559082,16.170000076293945,15.869999885559082,16.1299991607666,0
2025-07-23 15:30:00+00:00,15.539999961853027,15.979999542236328,15.5,15.949999809265137,0
2025-07-23 16:30:00+00:00,15.449999809265137,15.670000076293945,15.4399995803833,15.65999984741211,0
2025-07-23 17:30:00+00:00,15.399999618530273,15.550000190734863,15.319999694824219,15.460000038146973,0
2025-07-23 18:30:00+00:00,15.4399995803833,15.460000038146973,15.329999923706055,15.399999618530273,0
2025-07-23 19:30:00+00:00,15.4399995803833,15.550000190734863,15.380000114440918,15.430000305175781,0
2025-07-24 13:30:00+00:00,14.989999771118164,15.220000267028809,14.989999771118164,15.130000114440918,0
2025-07-24 14:30:00+00:00,15.020000457763672,15.1899995803833,14.949999809265137,15.050000190734863,0
2025-07-24 15:30:00+00:00,15.279999732971191,15.300000190734863,14.960000038146973,14.989999771118164,0
2025-07-24 16:30:00+00:00,15.149999618530273,15.300000190734863,15.029999732971191,15.029999732971191,0
2025-07-24 17:30:00+00:00,15.039999961853027,15.180000305175781,15.039999961853027,15.170000076293945,0
2025-07-24 18:30:00+00:00,15.1899995803833,15.1899995803833,15.010000228881836,15.170000076293945,0
2025-07-24 19:30:00+00:00,15.510000228881836,15.510000228881836,15.050000190734863,15.180000305175781,0
2025-07-25 13:30:00+00:00,15.15999984741211,15.329999923706055,15.149999618530273,15.1899995803833,0
2025-07-25 14:30:00+00:00,15.010000228881836,15.25,15.0,15.239999771118164,0
2025-07-25 15:30:00+00:00,15.079999923706055,15.100000381469727,15.010000228881836,15.050000190734863,0
2025-07-25 16:30:00+00:00,15.130000114440918,15.130000114440918,15.010000228881836,15.020000457763672,0
2025-07-25 17:30:00+00:00,15.149999618530273,15.199999809265137,15.0600004196167,15.0600004196167,0
2025-07-25 18:30:00+00:00,15.109999656677246,15.199999809265137,15.050000190734863,15.15999984741211,0
2025-07-25 19:30:00+00:00,14.960000038146973,15.130000114440918,14.949999809265137,15.119999885559082,0
2025-07-28 13:30:00+00:00,15.289999961853027,15.489999771118164,15.109999656677246,15.109999656677246,0
2025-07-28 14:30:00+00:00,15.239999771118164,15.449999809265137,15.199999809265137,15.420000076293945,0
2025-07-28 15:30:00+00:00,15.109999656677246,15.420000076293945,15.100000381469727,15.229999542236328,0
2025-07-28 16:30:00+00:00,15.380000114440918,15.390000343322754,15.100000381469727,15.119999885559082,0
2025-07-28 17:30:00+00:00,15.350000381469727,15.539999961853027,15.229999542236328,15.270000457763672,0
2025-07-28 18:30:00+00:00,15.380000114440918,15.539999961853027,15.210000038146973,15.399999618530273,0
2025-07-28 19:30:00+00:00,15.109999656677246,15.4399995803833,15.109999656677246,15.369999885559082,0
2025-07-29 13:30:00+00:00,14.819999694824219,14.899999618530273,14.710000038146973,14.880000114440918,0
2025-07-29 14:30:00+00:00,15.449999809265137,15.460000038146973,14.739999771118164,14.770000457763672,0
2025-07-29 15:30:00+00:00,15.15999984741211,15.600000381469727,14.890000343322754,14.949999809265137,0
2025-07-29 16:30:00+00:00,15.100000381469727,15.3100004196167,15.0600004196167,15.130000114440918,0
2025-07-29 17:30:00+00:00,15.579999923706055,15.600000381469727,15.0600004196167,15.140000343322754,0
2025-07-29 18:30:00+00:00,15.869999885559082,15.869999885559082,15.329999923706055,15.350000381469727,0
2025-07-29 19:30:00+00:00,15.960000038146973,16.1200008392334,15.670000076293945,15.880000114440918,0
2025-07-30 13:30:00+00:00,15.819999694824219,16.040000915527344,15.729999542236328,15.819999694824219,0
2025-07-30 14:30:00+00:00,16.190000534057617,16.25,15.729999542236328,15.979999542236328,0
2025-07-30 15:30:00+00:00,15.970000267028809,16.25,15.869999885559082,15.890000343322754,0
2025-07-30 16:30:00+00:00,16.100000381469727,16.100000381469727,15.9399995803833,16.010000228881836,0
2025-07-30 17:30:00+00:00,15.859999656677246,16.110000610351562,15.850000381469727,16.059999465942383,0
2025-07-30 18:30:00+00:00,16.850000381469727,17.270000457763672,15.6899995803833,15.90999984741211,0
2025-07-30 19:30:00+00:00,16.110000610351562,17.270000457763672,16.020000457763672,16.760000228881836,0
2025-07-31 13:30:00+00:00,15.279999732971191,15.5,15.0600004196167,15.0600004196167,0
2025-07-31 14:30:00+00:00,15.890000343322754,16.190000534057617,15.100000381469727,15.15999984741211,0
2025-07-31 15:30:00+00:00,15.350000381469727,16.190000534057617,15.34000015258789,15.760000228881836,0
2025-07-31 16:30:00+00:00,16.209999084472656,16.350000381469727,15.289999961853027,15.529999732971191,0
2025-07-31 17:30:00+00:00,16.329999923706055,17.170000076293945,15.449999809265137,15.449999809265137,0
2025-07-31 18:30:00+00:00,16.56999969482422,17.170000076293945,16.1299991607666,16.59000015258789,0
2025-07-31 19:30:00+00:00,16.610000610351562,17.100000381469727,16.170000076293945,16.579999923706055,0
2025-08-01 13:30:00+00:00,19.84000015258789,21.690000534057617,18.68000030517578,18.850000381469727,0
2025-08-01 14:30:00+00:00,20.40999984741211,21.690000534057617,19.450000762939453,20.799999237060547,0
2025-08-01 15:30:00+00:00,19.540000915527344,20.549999237060547,19.299999237060547,20.389999389648438,0
2025-08-01 16:30:00+00:00,21.329999923706055,21.440000534057617,19.299999237060547,19.56999969482422,0
2025-08-01 17:30:00+00:00,20.93000030517578,21.899999618530273,20.889999389648438,21.149999618530273,0
2025-08-01 18:30:00+00:00,20.920000076293945,21.899999618530273,20.149999618530273,21.40999984741211,0
2025-08-01 19:30:00+00:00,20.600000381469727,21.079999923706055,20.43000030517578,20.90999984741211,0
2025-08-04 13:30:00+00:00,17.889999389648438,19.079999923706055,17.84000015258789,19.049999237060547,0
2025-08-04 14:30:00+00:00,18.170000076293945,18.350000381469727,17.84000015258789,17.979999542236328,0
2025-08-04 15:30:00+00:00,18.079999923706055,18.350000381469727,18.030000686645508,18.219999313354492,0
2025-08-04 16:30:00+00:00,17.889999389648438,18.1299991607666,17.84000015258789,18.059999465942383,0
2025-08-04 17:30:00+00:00,17.790000915527344,18.139999389648438,17.780000686645508,17.950000762939453,0
2025-08-04 18:30:00+00:00,17.68000030517578,17.979999542236328,17.56999969482422,17.979999542236328,0
2025-08-04 19:30:00+00:00,17.6200008392334,17.780000686645508,17.56999969482422,17.690000534057617,0
2025-08-05 13:30:00+00:00,18.149999618530273,18.299999237060547,17.34000015258789,17.479999542236328,0
2025-08-05 14:30:00+00:00,18.510000228881836,18.940000534057617,17.40999984741211,17.469999313354492,0
2025-08-05 15:30:00+00:00,17.889999389648438,18.739999771118164,17.8799991607666,18.6200008392334,0
2025-08-05 16:30:00+00:00,17.540000915527344,18.280000686645508,17.540000915527344,18.280000686645508,0
2025-08-05 17:30:00+00:00,17.780000686645508,17.860000610351562,17.360000610351562,17.829999923706055,0
2025-08-05 18:30:00+00:00,17.65999984741211,18.0,17.3700008392334,17.389999389648438,0
2025-08-05 19:30:00+00:00,17.889999389648438,17.920000076293945,17.600000381469727,17.65999984741211,0
2025-08-06 13:30:00+00:00,17.520000457763672,17.8799991607666,17.149999618530273,17.68000030517578,0
2025-08-06 14:30:00+00:00,16.860000610351562,17.709999084472656,16.760000228881836,17.59000015258789,0
2025-08-06 15:30:00+00:00,16.889999389648438,17.06999969482422,16.700000762939453,16.979999542236328,0
2025-08-06 16:30:00+00:00,16.889999389648438,17.040000915527344,16.809999465942383,16.84000015258789,0
2025-08-06 17:30:00+00:00,16.610000610351562,16.979999542236328,16.59000015258789,16.969999313354492,0
2025-08-06 18:30:00+00:00,16.700000762939453,16.850000381469727,16.559999465942383,16.84000015258789,0
2025-08-06 19:30:00+00:00,16.690000534057617,16.81999969482422,16.6299991607666,16.700000762939453,0
2025-08-07 13:30:00+00:00,16.75,16.950000762939453,16.059999465942383,16.229999542236328,0
2025-08-07 14:30:00+00:00,17.100000381469727,17.1200008392334,16.170000076293945,16.219999313354492,0
2025-08-07 15:30:00+00:00,16.84000015258789,17.200000762939453,16.799999237060547,16.979999542236328,0
2025-08-07 16:30:00+00:00,17.34000015258789,17.40999984741211,16.760000228881836,17.020000457763672,0
2025-08-07 17:30:00+00:00,17.450000762939453,17.639999389648438,16.969999313354492,17.1200008392334,0
2025-08-07 18:30:00+00:00,17.329999923706055,17.639999389648438,17.1200008392334,17.18000030517578,0
2025-08-07 19:30:00+00:00,16.780000686645508,17.43000030517578,16.780000686645508,17.34000015258789,0
2025-08-08 13:30:00+00:00,15.789999961853027,16.3700008392334,15.770000457763672,16.329999923706055,0
2025-08-08 14:30:00+00:00,15.859999656677246,15.970000267028809,15.720000267028809,15.880000114440918,0
2025-08-08 15:30:00+00:00,15.729999542236328,16.1200008392334,15.579999923706055,15.930000305175781,0
2025-08-08 16:30:00+00:00,15.739999771118164,15.859999656677246,15.579999923706055,15.720000267028809,0
2025-08-08 17:30:00+00:00,15.449999809265137,15.859999656677246,15.359999656677246,15.779999732971191,0
2025-08-08 18:30:00+00:00,15.4399995803833,15.510000228881836,15.319999694824219,15.449999809265137,0
2025-08-08 19:30:00+00:00,15.430000305175781,15.649999618530273,15.34000015258789,15.4399995803833,0
2025-08-11 13:30:00+00:00,15.789999961853027,16.0,15.670000076293945,15.84000015258789,0
2025-08-11 14:30:00+00:00,15.789999961853027,15.930000305175781,15.670000076293945,15.850000381469727,0
2025-08-11 15:30:00+00:00,15.550000190734863,15.920000076293945,15.520000457763672,15.890000343322754,0
2025-08-11 16:30:00+00:00,15.75,15.859999656677246,15.520000457763672,15.670000076293945,0
2025-08-11 17:30:00+00:00,15.880000114440918,15.989999771118164,15.699999809265137,15.75,0
2025-08-11 18:30:00+00:00,15.970000267028809,16.049999237060547,15.800000190734863,15.829999923706055,0
2025-08-11 19:30:00+00:00,16.059999465942383,16.360000610351562,15.800000190734863,15.970000267028809,0
2025-08-12 13:30:00+00:00,15.220000267028809,16.09000015258789,15.050000190734863,15.260000228881836,0
2025-08-12 14:30:00+00:00,14.989999771118164,15.640000343322754,14.789999961853027,15.520000457763672,0
2025-08-12 15:30:00+00:00,14.880000114440918,15.0,14.789999961853027,14.979999542236328,0
2025-08-12 16:30:00+00:00,14.880000114440918,14.9399995803833,14.829999923706055,14.880000114440918,0
2025-08-12 17:30:00+00:00,14.720000267028809,14.930000305175781,14.65999984741211,14.90999984741211,0
2025-08-12 18:30:00+00:00,14.920000076293945,14.930000305175781,14.65999984741211,14.739999771118164,0
2025-08-12 19:30:00+00:00,14.779999732971191,14.930000305175781,14.779999732971191,14.920000076293945,0
2025-08-13 13:30:00+00:00,14.779999732971191,14.8100004196167,14.300000190734863,14.380000114440918,0
2025-08-13 14:30:00+00:00,14.550000190734863,14.8100004196167,14.470000267028809,14.470000267028809,0
2025-08-13 15:30:00+00:00,14.5600004196167,14.75,14.489999771118164,14.670000076293945,0
2025-08-13 16:30:00+00:00,14.579999923706055,14.710000038146973,14.529999732971191,14.609999656677246,0
2025-08-13 17:30:00+00:00,14.479999542236328,14.710000038146973,14.470000267028809,14.670000076293945,0
2025-08-13 18:30:00+00:00,14.479999542236328,14.640000343322754,14.319999694824219,14.569999694824219,0
2025-08-13 19:30:00+00:00,14.4399995803833,14.550000190734863,14.319999694824219,14.489999771118164,0
2025-08-14 13:30:00+00:00,14.8100004196167,15.220000267028809,14.760000228881836,15.09000015258789,0
2025-08-14 14:30:00+00:00,15.130000114440918,15.210000038146973,14.699999809265137,14.869999885559082,0
2025-08-14 15:30:00+00:00,15.149999618530273,15.279999732971191,14.800000190734863,14.800000190734863,0
2025-08-14 16:30:00+00:00,14.75,15.279999732971191,14.739999771118164,15.020000457763672,0
2025-08-14 17:30:00+00:00,14.920000076293945,14.979999542236328,14.729999542236328,14.90999984741211,0
2025-08-14 18:30:00+00:00,14.75,14.979999542236328,14.609999656677246,14.869999885559082,0
2025-08-14 19:30:00+00:00,14.680000305175781,14.770000457763672,14.609999656677246,14.739999771118164,0
2025-08-15 13:30:00+00:00,14.75,15.020000457763672,14.539999961853027,14.550000190734863,0
2025-08-15 14:30:00+00:00,14.84000015258789,15.020000457763672,14.630000114440918,14.880000114440918,0
2025-08-15 15:30:00+00:00,14.949999809265137,15.069999694824219,14.630000114440918,14.829999923706055,0
2025-08-15 16:30:00+00:00,14.829999923706055,14.979999542236328,14.800000190734863,14.880000114440918,0
2025-08-15 17:30:00+00:00,14.890000343322754,14.960000038146973,14.75,14.800000190734863,0
2025-08-15 18:30:00+00:00,14.970000267028809,15.010000228881836,14.770000457763672,14.789999961853027,0
2025-08-15 19:30:00+00:00,15.029999732971191,15.079999923706055,14.779999732971191,14.979999542236328,0
2025-08-18 13:30:00+00:00,15.380000114440918,15.600000381469727,15.279999732971191,15.479999542236328,0
2025-08-18 14:30:00+00:00,15.210000038146973,15.579999923706055,15.15999984741211,15.579999923706055,0
2025-08-18 15:30:00+00:00,15.15999984741211,15.270000457763672,15.140000343322754,15.270000457763672,0
2025-08-18 16:30:00+00:00,15.149999618530273,15.329999923706055,15.140000343322754,15.260000228881836,0
2025-08-18 17:30:00+00:00,15.199999809265137,15.319999694824219,15.050000190734863,15.319999694824219,0
2025-08-18 18:30:00+00:00,15.069999694824219,15.270000457763672,14.979999542236328,15.239999771118164,0
2025-08-18 19:30:00+00:00,15.029999732971191,15.109999656677246,14.949999809265137,15.069999694824219,0
2025-08-19 13:30:00+00:00,14.859999656677246,15.119999885559082,14.760000228881836,14.979999542236328,0
2025-08-19 14:30:00+00:00,15.229999542236328,15.460000038146973,14.760000228881836,14.960000038146973,0
2025-08-19 15:30:00+00:00,15.489999771118164,15.5,15.109999656677246,15.289999961853027,0
2025-08-19 16:30:00+00:00,15.569999694824219,15.90999984741211,15.25,15.34000015258789,0
2025-08-19 17:30:00+00:00,15.729999542236328,15.90999984741211,15.470000267028809,15.680000305175781,0
2025-08-19 18:30:00+00:00,15.729999542236328,15.850000381469727,15.510000228881836,15.510000228881836,0
2025-08-19 19:30:00+00:00,15.579999923706055,15.850000381469727,15.579999923706055,15.729999542236328,0
2025-08-20 13:30:00+00:00,16.899999618530273,17.170000076293945,15.619999885559082,15.760000228881836,0
2025-08-20 14:30:00+00:00,16.40999984741211,17.190000534057617,16.360000610351562,16.790000915527344,0
2025-08-20 15:30:00+00:00,16.1200008392334,17.1299991607666,16.1200008392334,17.1299991607666,0
2025-08-20 16:30:00+00:00,16.25,16.68000030517578,16.1200008392334,16.670000076293945,0
2025-08-20 17:30:00+00:00,16.280000686645508,16.479999542236328,15.880000114440918,16.389999389648438,0
2025-08-20 18:30:00+00:00,15.6899995803833,16.40999984741211,15.640000343322754,15.920000076293945,0
2025-08-20 19:30:00+00:00,15.75,15.970000267028809,15.569999694824219,15.699999809265137,0
2025-08-21 13:30:00+00:00,16.059999465942383,16.989999771118164,16.059999465942383,16.510000228881836,0
2025-08-21 14:30:00+00:00,16.350000381469727,16.8700008392334,16.040000915527344,16.729999542236328,0
2025-08-21 15:30:00+00:00,16.780000686645508,16.799999237060547,16.040000915527344,16.09000015258789,0
2025-08-21 16:30:00+00:00,17.06999969482422,17.239999771118164,16.559999465942383,16.59000015258789,0
2025-08-21 17:30:00+00:00,16.739999771118164,17.239999771118164,16.610000610351562,16.940000534057617,0
2025-08-21 18:30:00+00:00,16.549999237060547,16.850000381469727,16.420000076293945,16.68000030517578,0
2025-08-21 19:30:00+00:00,16.700000762939453,16.829999923706055,16.420000076293945,16.549999237060547,0
2025-08-22 13:30:00+00:00,14.770000457763672,16.530000686645508,14.699999809265137,16.510000228881836,0
2025-08-22 14:30:00+00:00,14.5,16.290000915527344,14.460000038146973,16.290000915527344,0
2025-08-22 15:30:00+00:00,14.649999618530273,14.65999984741211,14.40999984741211,14.609999656677246,0
2025-08-22 16:30:00+00:00,14.300000190734863,14.65999984741211,14.270000457763672,14.569999694824219,0
2025-08-22 17:30:00+00:00,14.420000076293945,14.569999694824219,14.270000457763672,14.569999694824219,0
2025-08-22 18:30:00+00:00,14.399999618530273,14.460000038146973,14.3100004196167,14.380000114440918,0
2025-08-22 19:30:00+00:00,14.229999542236328,14.510000228881836,14.229999542236328,14.399999618530273,0
2025-08-25 13:30:00+00:00,14.59000015258789,15.119999885559082,14.569999694824219,15.100000381469727,0
2025-08-25 14:30:00+00:00,14.350000381469727,14.739999771118164,14.329999923706055,14.720000267028809,0
2025-08-25 15:30:00+00:00,14.319999694824219,14.470000267028809,14.289999961853027,14.4399995803833,0
2025-08-25 16:30:00+00:00,14.3100004196167,14.350000381469727,14.239999771118164,14.329999923706055,0
2025-08-25 17:30:00+00:00,14.399999618530273,14.4399995803833,14.239999771118164,14.270000457763672,0
2025-08-25 18:30:00+00:00,14.600000381469727,14.600000381469727,14.350000381469727,14.369999885559082,0
2025-08-25 19:30:00+00:00,14.84000015258789,14.84000015258789,14.4399995803833,14.600000381469727,0
2025-08-26 13:30:00+00:00,14.9399995803833,15.359999656677246,14.899999618530273,15.319999694824219,0
2025-08-26 14:30:00+00:00,14.90999984741211,15.149999618530273,14.859999656677246,15.149999618530273,0
2025-08-26 15:30:00+00:00,14.819999694824219,15.029999732971191,14.779999732971191,14.960000038146973,0
2025-08-26 16:30:00+00:00,14.869999885559082,14.9399995803833,14.779999732971191,14.90999984741211,0
2025-08-26 17:30:00+00:00,14.979999542236328,15.140000343322754,14.800000190734863,14.829999923706055,0
2025-08-26 18:30:00+00:00,14.890000343322754,15.079999923706055,14.84000015258789,15.079999923706055,0
2025-08-26 19:30:00+00:00,14.789999961853027,15.010000228881836,14.789999961853027,14.890000343322754,0
2025-08-27 13:30:00+00:00,14.880000114440918,15.010000228881836,14.819999694824219,14.899999618530273,0
2025-08-27 14:30:00+00:00,14.859999656677246,14.949999809265137,14.800000190734863,14.920000076293945,0
2025-08-27 15:30:00+00:00,15.100000381469727,15.1899995803833,14.800000190734863,14.880000114440918,0
2025-08-27 16:30:00+00:00,14.960000038146973,15.229999542236328,14.869999885559082,14.899999618530273,0
2025-08-27 17:30:00+00:00,14.899999618530273,15.119999885559082,14.859999656677246,15.050000190734863,0
2025-08-27 18:30:00+00:00,14.979999542236328,15.09000015258789,14.859999656677246,14.9399995803833,0
2025-08-27 19:30:00+00:00,14.920000076293945,15.09000015258789,14.84000015258789,14.989999771118164,0
2025-08-28 13:30:00+00:00,14.520000457763672,14.6899995803833,14.119999885559082,14.220000267028809,0
2025-08-28 14:30:00+00:00,14.399999618530273,14.609999656677246,14.130000114440918,14.579999923706055,0
2025-08-28 15:30:00+00:00,14.140000343322754,14.420000076293945,14.119999885559082,14.260000228881836,0
2025-08-28 16:30:00+00:00,14.15999984741211,14.34000015258789,14.119999885559082,14.220000267028809,0
2025-08-28 17:30:00+00:00,14.199999809265137,14.34000015258789,14.119999885559082,14.300000190734863,0
2025-08-28 18:30:00+00:00,14.329999923706055,14.369999885559082,14.140000343322754,14.170000076293945,0
2025-08-28 19:30:00+00:00,14.319999694824219,14.369999885559082,14.25,14.34000015258789,0
2025-08-29 13:30:00+00:00,15.630000114440918,15.970000267028809,14.489999771118164,14.510000228881836,0
2025-08-29 14:30:00+00:00,15.34000015258789,15.970000267028809,15.239999771118164,15.390000343322754,0
2025-08-29 15:30:00+00:00,15.600000381469727,15.630000114440918,15.239999771118164,15.609999656677246,0
2025-08-29 16:30:00+00:00,15.619999885559082,15.75,15.369999885559082,15.579999923706055,0
2025-08-29 17:30:00+00:00,15.6899995803833,15.75,15.420000076293945,15.420000076293945,0
2025-08-29 18:30:00+00:00,15.520000457763672,15.739999771118164,15.5,15.579999923706055,0
2025-08-29 19:30:00+00:00,15.40999984741211,15.680000305175781,15.3100004196167,15.510000228881836,0
2025-09-02 13:30:00+00:00,17.959999084472656,19.290000915527344,17.670000076293945,19.079999923706055,0
2025-09-02 14:30:00+00:00,18.770000457763672,18.93000030517578,17.670000076293945,18.110000610351562,0
2025-09-02 15:30:00+00:00,19.010000228881836,19.3799991607666,18.350000381469727,18.440000534057617,0
2025-09-02 16:30:00+00:00,18.280000686645508,19.299999237060547,18.239999771118164,19.299999237060547,0
2025-09-02 17:30:00+00:00,18.389999389648438,18.600000381469727,18.010000228881836,18.540000915527344,0
2025-09-02 18:30:00+00:00,17.799999237060547,18.479999542236328,17.799999237060547,18.170000076293945,0
2025-09-02 19:30:00+00:00,17.540000915527344,18.219999313354492,17.510000228881836,17.809999465942383,0
2025-09-03 13:30:00+00:00,17.06999969482422,17.3700008392334,16.93000030517578,17.360000610351562,0
2025-09-03 14:30:00+00:00,16.959999084472656,17.31999969482422,16.469999313354492,17.25,0
2025-09-03 15:30:00+00:00,16.860000610351562,17.020000457763672,16.469999313354492,16.510000228881836,0
2025-09-03 16:30:00+00:00,16.739999771118164,17.040000915527344,16.6200008392334,16.920000076293945,0
2025-09-03 17:30:00+00:00,16.989999771118164,17.170000076293945,16.6200008392334,16.93000030517578,0
2025-09-03 18:30:00+00:00,16.950000762939453,17.170000076293945,16.899999618530273,17.049999237060547,0
2025-09-03 19:30:00+00:00,16.420000076293945,17.06999969482422,16.420000076293945,16.940000534057617,0
2025-09-04 13:30:00+00:00,15.890000343322754,16.25,15.84000015258789,16.18000030517578,0
2025-09-04 14:30:00+00:00,15.699999809265137,16.239999771118164,15.640000343322754,16.09000015258789,0
2025-09-04 15:30:00+00:00,15.789999961853027,15.829999923706055,15.640000343322754,15.699999809265137,0
2025-09-04 16:30:00+00:00,15.640000343322754,15.829999923706055,15.630000114440918,15.75,0
2025-09-04 17:30:00+00:00,15.630000114440918,15.789999961853027,15.579999923706055,15.789999961853027,0
2025-09-04 18:30:00+00:00,15.630000114440918,15.680000305175781,15.529999732971191,15.649999618530273,0
2025-09-04 19:30:00+00:00,15.420000076293945,15.65999984741211,15.399999618530273,15.630000114440918,0
2025-09-05 13:30:00+00:00,16.1200008392334,16.239999771118164,14.739999771118164,14.930000305175781,0
2025-09-05 14:30:00+00:00,15.979999542236328,16.920000076293945,14.949999809265137,14.949999809265137,0
2025-09-05 15:30:00+00:00,15.979999542236328,16.920000076293945,15.6899995803833,16.56999969482422,0
2025-09-05 16:30:00+00:00,15.880000114440918,16.1299991607666,15.6899995803833,16.049999237060547,0
2025-09-05 17:30:00+00:00,15.800000190734863,16.280000686645508,15.729999542236328,15.770000457763672,0
2025-09-05 18:30:00+00:00,15.270000457763672,16.170000076293945,15.210000038146973,16.100000381469727,0
2025-09-05 19:30:00+00:00,15.229999542236328,15.550000190734863,15.1899995803833,15.270000457763672,0
2025-09-08 13:30:00+00:00,15.239999771118164,15.470000267028809,15.170000076293945,15.4399995803833,0
2025-09-08 14:30:00+00:00,14.989999771118164,15.4399995803833,14.989999771118164,15.319999694824219,0
2025-09-08 15:30:00+00:00,15.239999771118164,15.279999732971191,14.989999771118164,15.100000381469727,0
2025-09-08 16:30:00+00:00,15.25,15.40999984741211,15.079999923706055,15.079999923706055,0
2025-09-08 17:30:00+00:00,15.199999809265137,15.489999771118164,15.180000305175781,15.239999771118164,0
2025-09-08 18:30:00+00:00,15.399999618530273,15.470000267028809,15.170000076293945,15.430000305175781,0
2025-09-08 19:30:00+00:00,15.210000038146973,15.449999809265137,15.210000038146973,15.399999618530273,0
2025-09-09 13:30:00+00:00,15.420000076293945,15.569999694824219,15.180000305175781,15.1899995803833,0
2025-09-09 14:30:00+00:00,15.3100004196167,15.819999694824219,15.25,15.460000038146973,0
2025-09-09 15:30:00+00:00,15.270000457763672,15.630000114440918,15.270000457763672,15.510000228881836,0
2025-09-09 16:30:00+00:00,15.130000114440918,15.449999809265137,15.079999923706055,15.420000076293945,0
2025-09-09 17:30:00+00:00,15.170000076293945,15.239999771118164,15.079999923706055,15.239999771118164,0
2025-09-09 18:30:00+00:00,15.119999885559082,15.210000038146973,15.079999923706055,15.119999885559082,0
2025-09-09 19:30:00+00:00,15.079999923706055,15.220000267028809,15.050000190734863,15.130000114440918,0
2025-09-10 13:30:00+00:00,14.779999732971191,14.84000015258789,14.630000114440918,14.739999771118164,0
2025-09-10 14:30:00+00:00,14.930000305175781,15.0,14.65999984741211,14.75,0
2025-09-10 15:30:00+00:00,14.960000038146973,15.050000190734863,14.760000228881836,14.819999694824219,0
2025-09-10 16:30:00+00:00,15.079999923706055,15.130000114440918,14.800000190734863,14.819999694824219,0
2025-09-10 17:30:00+00:00,15.140000343322754,15.1899995803833,14.829999923706055,14.930000305175781,0
2025-09-10 18:30:00+00:00,15.529999732971191,15.550000190734863,14.960000038146973,14.979999542236328,0
2025-09-10 19:30:00+00:00,15.359999656677246,15.630000114440918,15.0600004196167,15.529999732971191,0
2025-09-11 13:30:00+00:00,15.0,15.100000381469727,14.720000267028809,14.739999771118164,0
2025-09-11 14:30:00+00:00,14.970000267028809,15.100000381469727,14.850000381469727,14.869999885559082,0
2025-09-11 15:30:00+00:00,14.850000381469727,15.010000228881836,14.829999923706055,14.899999618530273,0
2025-09-11 16:30:00+00:00,14.930000305175781,14.979999542236328,14.829999923706055,14.9399995803833,0
2025-09-11 17:30:00+00:00,14.869999885559082,14.960000038146973,14.8100004196167,14.9399995803833,0
2025-09-11 18:30:00+00:00,14.760000228881836,14.9399995803833,14.6899995803833,14.859999656677246,0
2025-09-11 19:30:00+00:00,14.670000076293945,14.770000457763672,14.649999618530273,14.760000228881836,0
2025-09-12 13:30:00+00:00,14.65999984741211,14.8100004196167,14.40999984741211,14.710000038146973,0
2025-09-12 14:30:00+00:00,14.630000114440918,14.739999771118164,14.40999984741211,14.40999984741211,0
2025-09-12 15:30:00+00:00,14.489999771118164,14.6899995803833,14.489999771118164,14.600000381469727,0
2025-09-12 16:30:00+00:00,14.489999771118164,14.569999694824219,14.460000038146973,14.529999732971191,0
2025-09-12 17:30:00+00:00,14.569999694824219,14.609999656677246,14.460000038146973,14.489999771118164,0
2025-09-12 18:30:00+00:00,14.710000038146973,14.710000038146973,14.449999809265137,14.550000190734863,0
2025-09-12 19:30:00+00:00,14.720000267028809,14.970000267028809,14.529999732971191,14.720000267028809,0
2025-09-15 13:30:00+00:00,15.15999984741211,15.210000038146973,14.920000076293945,14.930000305175781,0
2025-09-15 14:30:00+00:00,15.369999885559082,15.390000343322754,15.130000114440918,15.130000114440918,0
2025-09-15 15:30:00+00:00,15.449999809265137,15.470000267028809,15.25,15.25,0
2025-09-15 16:30:00+00:00,15.6899995803833,15.75,15.40999984741211,15.449999809265137,0
2025-09-15 17:30:00+00:00,15.680000305175781,15.75,15.520000457763672,15.6899995803833,0
2025-09-15 18:30:00+00:00,15.770000457763672,15.84000015258789,15.550000190734863,15.550000190734863,0
2025-09-15 19:30:00+00:00,15.579999923706055,15.819999694824219,15.579999923706055,15.770000457763672,0
2025-09-16 13:30:00+00:00,16.020000457763672,16.049999237060547,15.649999618530273,15.699999809265137,0
2025-09-16 14:30:00+00:00,16.1299991607666,16.190000534057617,16.020000457763672,16.030000686645508,0
2025-09-16 15:30:00+00:00,16.200000762939453,16.270000457763672,16.100000381469727,16.1299991607666,0
2025-09-16 16:30:00+00:00,16.1200008392334,16.209999084472656,16.100000381469727,16.200000762939453,0
2025-09-16 17:30:00+00:00,15.989999771118164,16.110000610351562,15.970000267028809,16.110000610351562,0
2025-09-16 18:30:00+00:00,16.0,16.049999237060547,15.970000267028809,15.979999542236328,0
2025-09-16 19:30:00+00:00,16.3799991607666,16.3799991607666,16.0,16.0,0
2025-09-17 13:30:00+00:00,16.389999389648438,16.43000030517578,15.970000267028809,16.389999389648438,0
2025-09-17 14:30:00+00:00,16.549999237060547,16.549999237060547,16.239999771118164,16.25,0
2025-09-17 15:30:00+00:00,16.600000381469727,16.6200008392334,16.3799991607666,16.3799991607666,0
2025-09-17 16:30:00+00:00,16.5,16.75,16.469999313354492,16.469999313354492,0
2025-09-17 17:30:00+00:00,15.859999656677246,16.690000534057617,15.819999694824219,16.690000534057617,0
2025-09-17 18:30:00+00:00,15.430000305175781,16.739999771118164,15.260000228881836,16.219999313354492,0
2025-09-17 19:30:00+00:00,15.800000190734863,15.930000305175781,15.260000228881836,15.470000267028809,0
2025-09-18 13:30:00+00:00,15.470000267028809,15.619999885559082,15.010000228881836,15.010000228881836,0
2025-09-18 14:30:00+00:00,15.720000267028809,15.739999771118164,15.180000305175781,15.3100004196167,0
2025-09-18 15:30:00+00:00,15.430000305175781,15.800000190734863,15.430000305175781,15.670000076293945,0
2025-09-18 16:30:00+00:00,15.479999542236328,15.710000038146973,15.399999618530273,15.699999809265137,0
2025-09-18 17:30:00+00:00,15.529999732971191,15.630000114440918,15.399999618530273,15.420000076293945,0
2025-09-18 18:30:00+00:00,15.680000305175781,15.680000305175781,15.40999984741211,15.600000381469727,0
2025-09-18 19:30:00+00:00,15.75,15.789999961853027,15.420000076293945,15.6899995803833,0
2025-09-19 13:30:00+00:00,15.770000457763672,15.779999732971191,15.289999961853027,15.420000076293945,0
2025-09-19 14:30:00+00:00,16.079999923706055,16.09000015258789,15.649999618530273,15.670000076293945,0
2025-09-19 15:30:00+00:00,15.789999961853027,16.1299991607666,15.710000038146973,15.84000015258789,0
2025-09-19 16:30:00+00:00,15.760000228881836,15.869999885559082,15.699999809265137,15.869999885559082,0
2025-09-19 17:30:00+00:00,15.739999771118164,15.869999885559082,15.6899995803833,15.800000190734863,0
2025-09-19 18:30:00+00:00,15.65999984741211,15.770000457763672,15.550000190734863,15.729999542236328,0
2025-09-19 19:30:00+00:00,15.489999771118164,15.670000076293945,15.479999542236328,15.65999984741211,0
2025-09-22 13:30:00+00:00,15.90999984741211,16.149999618530273,15.880000114440918,16.110000610351562,0
2025-09-22 14:30:00+00:00,15.859999656677246,15.960000038146973,15.800000190734863,15.930000305175781,0
2025-09-22 15:30:00+00:00,15.779999732971191,15.930000305175781,15.779999732971191,15.819999694824219,0
2025-09-22 16:30:00+00:00,15.920000076293945,15.960000038146973,15.779999732971191,15.890000343322754,0
2025-09-22 17:30:00+00:00,15.859999656677246,15.970000267028809,15.829999923706055,15.850000381469727,0
2025-09-22 18:30:00+00:00,16.010000228881836,16.010000228881836,15.84000015258789,15.9399995803833,0
2025-09-22 19:30:00+00:00,16.030000686645508,16.059999465942383,15.869999885559082,16.010000228881836,0
2025-09-23 13:30:00+00:00,16.260000228881836,16.270000457763672,15.949999809265137,15.960000038146973,0
2025-09-23 14:30:00+00:00,16.1200008392334,16.280000686645508,16.079999923706055,16.149999618530273,0
2025-09-23 15:30:00+00:00,16.360000610351562,16.3799991607666,16.079999923706055,16.1200008392334,0
2025-09-23 16:30:00+00:00,16.6200008392334,16.649999618530273,16.229999542236328,16.309999465942383,0
2025-09-23 17:30:00+00:00,16.959999084472656,17.06999969482422,16.31999969482422,16.329999923706055,0
2025-09-23 18:30:00+00:00,17.010000228881836,17.059999465942383,16.799999237060547,16.799999237060547,0
2025-09-23 19:30:00+00:00,16.719999313354492,17.059999465942383,16.719999313354492,17.0,0
2025-09-24 13:30:00+00:00,16.6200008392334,16.8700008392334,16.290000915527344,16.309999465942383,0
2025-09-24 14:30:00+00:00,16.65999984741211,16.81999969482422,16.5,16.790000915527344,0
2025-09-24 15:30:00+00:00,16.950000762939453,17.209999084472656,16.559999465942383,16.59000015258789,0
2025-09-24 16:30:00+00:00,16.670000076293945,17.209999084472656,16.670000076293945,17.15999984741211,0
2025-09-24 17:30:00+00:00,16.850000381469727,17.010000228881836,16.56999969482422,17.010000228881836,0
2025-09-24 18:30:00+00:00,16.5,16.959999084472656,16.459999084472656,16.860000610351562,0
2025-09-24 19:30:00+00:00,16.329999923706055,16.56999969482422,16.309999465942383,16.5,0
2025-09-25 13:30:00+00:00,16.719999313354492,17.739999771118164,16.649999618530273,17.31999969482422,0
2025-09-25 14:30:00+00:00,16.8799991607666,17.440000534057617,16.639999389648438,17.440000534057617,0
2025-09-25 15:30:00+00:00,16.639999389648438,16.90999984741211,16.479999542236328,16.700000762939453,0
2025-09-25 16:30:00+00:00,16.829999923706055,16.979999542236328,16.479999542236328,16.530000686645508,0
2025-09-25 17:30:00+00:00,16.969999313354492,17.6200008392334,16.559999465942383,16.670000076293945,0
2025-09-25 18:30:00+00:00,16.979999542236328,17.6200008392334,16.760000228881836,17.299999237060547,0
2025-09-25 19:30:00+00:00,16.739999771118164,17.049999237060547,16.690000534057617,16.979999542236328,0
2025-09-26 13:30:00+00:00,16.709999084472656,16.950000762939453,16.079999923706055,16.469999313354492,0
2025-09-26 14:30:00+00:00,16.280000686645508,16.950000762939453,16.079999923706055,16.260000228881836,0
2025-09-26 15:30:00+00:00,15.920000076293945,16.690000534057617,15.920000076293945,16.610000610351562,0
2025-09-26 16:30:00+00:00,15.609999656677246,16.450000762939453,15.59000015258789,16.43000030517578,0
2025-09-26 17:30:00+00:00,15.640000343322754,15.789999961853027,15.59000015258789,15.6899995803833,0
2025-09-26 18:30:00+00:00,15.59000015258789,15.779999732971191,15.529999732971191,15.6899995803833,0
2025-09-26 19:30:00+00:00,15.319999694824219,15.649999618530273,15.319999694824219,15.59000015258789,0
2025-09-29 13:30:00+00:00,15.930000305175781,16.049999237060547,15.8100004196167,15.850000381469727,0
2025-09-29 14:30:00+00:00,15.930000305175781,16.1200008392334,15.8100004196167,15.970000267028809,0
2025-09-29 15:30:00+00:00,15.960000038146973,16.1200008392334,15.84000015258789,15.859999656677246,0
2025-09-29 16:30:00+00:00,16.15999984741211,16.170000076293945,15.880000114440918,15.989999771118164,0
2025-09-29 17:30:00+00:00,15.899999618530273,16.229999542236328,15.890000343322754,16.040000915527344,0
2025-09-29 18:30:00+00:00,16.15999984741211,16.290000915527344,15.890000343322754,16.110000610351562,0
2025-09-29 19:30:00+00:00,16.059999465942383,16.290000915527344,15.979999542236328,16.15999984741211,0
2025-09-30 13:30:00+00:00,16.239999771118164,16.549999237060547,16.1299991607666,16.440000534057617,0
2025-09-30 14:30:00+00:00,16.350000381469727,16.520000457763672,16.1299991607666,16.25,0
2025-09-30 15:30:00+00:00,16.329999923706055,16.530000686645508,16.149999618530273,16.18000030517578,0
2025-09-30 16:30:00+00:00,16.489999771118164,16.549999237060547,16.209999084472656,16.290000915527344,0
2025-09-30 17:30:00+00:00,16.18000030517578,16.549999237060547,16.110000610351562,16.3700008392334,0
2025-09-30 18:30:00+00:00,16.15999984741211,16.389999389648438,16.09000015258789,16.389999389648438,0
2025-09-30 19:30:00+00:00,16.079999923706055,16.18000030517578,16.020000457763672,16.149999618530273,0
2025-10-01 13:30:00+00:00,16.40999984741211,16.81999969482422,16.389999389648438,16.690000534057617,0
2025-10-01 14:30:00+00:00,16.299999237060547,16.760000228881836,16.270000457763672,16.75,0
2025-10-01 15:30:00+00:00,16.25,16.3799991607666,16.170000076293945,16.3700008392334,0
2025-10-01 16:30:00+00:00,16.110000610351562,16.290000915527344,16.059999465942383,16.190000534057617,0
2025-10-01 17:30:00+00:00,16.079999923706055,16.200000762939453,16.059999465942383,16.190000534057617,0
2025-10-01 18:30:00+00:00,15.979999542236328,16.170000076293945,15.979999542236328,16.170000076293945,0
2025-10-01 19:30:00+00:00,16.149999618530273,16.149999618530273,15.979999542236328,15.989999771118164,0
2025-10-02 13:30:00+00:00,16.389999389648438,16.440000534057617,15.930000305175781,16.010000228881836,0
2025-10-02 14:30:00+00:00,16.690000534057617,16.850000381469727,16.18000030517578,16.190000534057617,0
2025-10-02 15:30:00+00:00,16.68000030517578,16.920000076293945,16.610000610351562,16.68000030517578,0
2025-10-02 16:30:00+00:00,16.610000610351562,16.790000915527344,16.520000457763672,16.6200008392334,0
2025-10-02 17:30:00+00:00,16.479999542236328,16.6299991607666,16.450000762939453,16.559999465942383,0
2025-10-02 18:30:00+00:00,16.610000610351562,16.649999618530273,16.450000762939453,16.540000915527344,0
2025-10-02 19:30:00+00:00,16.600000381469727,16.75,16.459999084472656,16.610000610351562,0
2025-10-03 13:30:00+00:00,16.40999984741211,16.610000610351562,16.280000686645508,16.469999313354492,0
2025-10-03 14:30:00+00:00,16.329999923706055,16.610000610351562,16.309999465942383,16.479999542236328,0
2025-10-03 15:30:00+00:00,16.309999465942383,16.450000762939453,16.200000762939453,16.399999618530273,0
2025-10-03 16:30:00+00:00,16.649999618530273,16.709999084472656,16.239999771118164,16.239999771118164,0
2025-10-03 17:30:00+00:00,16.420000076293945,17.059999465942383,16.350000381469727,16.350000381469727,0
2025-10-03 18:30:00+00:00,16.559999465942383,17.0,16.389999389648438,16.81999969482422,0
2025-10-03 19:30:00+00:00,16.56999969482422,16.610000610351562,16.290000915527344,16.56999969482422,0
2025-10-06 13:30:00+00:00,16.829999923706055,17.09000015258789,16.719999313354492,16.8799991607666,0
2025-10-06 14:30:00+00:00,16.65999984741211,17.09000015258789,16.649999618530273,16.969999313354492,0
2025-10-06 15:30:00+00:00,16.610000610351562,16.770000457763672,16.56999969482422,16.75,0
2025-10-06 16:30:00+00:00,16.56999969482422,16.700000762939453,16.540000915527344,16.610000610351562,0
2025-10-06 17:30:00+00:00,16.489999771118164,16.700000762939453,16.469999313354492,16.6200008392334,0
2025-10-06 18:30:00+00:00,16.459999084472656,16.549999237060547,16.43000030517578,16.520000457763672,0
2025-10-06 19:30:00+00:00,16.360000610351562,16.520000457763672,16.290000915527344,16.459999084472656,0
2025-10-07 13:30:00+00:00,16.459999084472656,16.469999313354492,16.190000534057617,16.260000228881836,0
2025-10-07 14:30:00+00:00,16.84000015258789,16.969999313354492,16.270000457763672,16.309999465942383,0
2025-10-07 15:30:00+00:00,17.389999389648438,17.549999237060547,16.329999923706055,16.360000610351562,0
2025-10-07 16:30:00+00:00,17.149999618530273,17.549999237060547,17.010000228881836,17.299999237060547,0
2025-10-07 17:30:00+00:00,17.489999771118164,17.540000915527344,17.049999237060547,17.280000686645508,0
2025-10-07 18:30:00+00:00,17.309999465942383,17.540000915527344,17.229999542236328,17.440000534057617,0
2025-10-07 19:30:00+00:00,17.219999313354492,17.329999923706055,17.139999389648438,17.31999969482422,0
2025-10-08 13:30:00+00:00,16.719999313354492,17.200000762939453,16.719999313354492,17.09000015258789,0
2025-10-08 14:30:00+00:00,16.489999771118164,17.06999969482422,16.459999084472656,17.06999969482422,0
2025-10-08 15:30:00+00:00,16.59000015258789,16.6200008392334,16.459999084472656,16.600000381469727,0
2025-10-08 16:30:00+00:00,16.469999313354492,16.600000381469727,16.440000534057617,16.520000457763672,0
2025-10-08 17:30:00+00:00,16.450000762939453,16.540000915527344,16.350000381469727,16.510000228881836,0
2025-10-08 18:30:00+00:00,16.440000534057617,16.559999465942383,16.350000381469727,16.450000762939453,0
2025-10-08 19:30:00+00:00,16.25,16.530000686645508,16.229999542236328,16.450000762939453,0
2025-10-09 13:30:00+00:00,16.770000457763672,16.8700008392334,16.299999237060547,16.350000381469727,0
2025-10-09 14:30:00+00:00,16.81999969482422,17.06999969482422,16.639999389648438,16.729999542236328,0
2025-10-09 15:30:00+00:00,16.719999313354492,16.969999313354492,16.639999389648438,16.770000457763672,0
2025-10-09 16:30:00+00:00,17.170000076293945,17.270000457763672,16.65999984741211,16.719999313354492,0
2025-10-09 17:30:00+00:00,16.809999465942383,17.270000457763672,16.75,16.969999313354492,0
2025-10-09 18:30:00+00:00,16.479999542236328,17.06999969482422,16.450000762939453,16.90999984741211,0
2025-10-09 19:30:00+00:00,16.450000762939453,16.670000076293945,16.40999984741211,16.469999313354492,0
2025-10-10 13:30:00+00:00,16.389999389648438,16.549999237060547,16.309999465942383,16.549999237060547,0
2025-10-10 14:30:00+00:00,20.84000015258789,21.020000457763672,16.229999542236328,16.360000610351562,0
2025-10-10 15:30:00+00:00,20.469999313354492,22.18000030517578,17.09000015258789,17.09000015258789,0
2025-10-10 16:30:00+00:00,20.6299991607666,21.829999923706055,20.06999969482422,20.170000076293945,0
2025-10-10 17:30:00+00:00,20.489999771118164,21.829999923706055,20.209999084472656,21.190000534057617,0
2025-10-10 18:30:00+00:00,21.68000030517578,21.770000457763672,20.239999771118164,20.959999084472656,0
2025-10-10 19:30:00+00:00,22.049999237060547,22.440000534057617,20.959999084472656,21.690000534057617,0
2025-10-13 13:30:00+00:00,20.1299991607666,20.530000686645508,19.510000228881836,20.489999771118164,0
2025-10-13 14:30:00+00:00,19.75,20.469999313354492,19.510000228881836,19.579999923706055,0
2025-10-13 15:30:00+00:00,19.3700008392334,20.469999313354492,19.31999969482422,20.350000381469727,0
2025-10-13 16:30:00+00:00,19.350000381469727,19.6200008392334,19.049999237060547,19.56999969482422,0
2025-10-13 17:30:00+00:00,18.649999618530273,19.489999771118164,18.639999389648438,19.1200008392334,0
2025-10-13 18:30:00+00:00,18.969999313354492,19.200000762939453,18.610000610351562,19.190000534057617,0
2025-10-13 19:30:00+00:00,18.93000030517578,19.200000762939453,18.84000015258789,18.969999313354492,0
2025-10-14 13:30:00+00:00,21.079999923706055,22.940000534057617,21.049999237060547,21.770000457763672,0
2025-10-14 14:30:00+00:00,20.809999465942383,21.809999465942383,20.610000610351562,21.700000762939453,0
2025-10-14 15:30:00+00:00,19.760000228881836,20.950000762939453,19.65999984741211,20.950000762939453,0
2025-10-14 16:30:00+00:00,19.389999389648438,20.260000228881836,19.34000015258789,19.969999313354492,0
2025-10-14 17:30:00+00:00,19.450000762939453,19.850000381469727,19.18000030517578,19.709999084472656,0
2025-10-14 18:30:00+00:00,19.610000610351562,19.700000762939453,19.309999465942383,19.350000381469727,0
2025-10-14 19:30:00+00:00,20.420000076293945,20.889999389648438,19.450000762939453,19.6299991607666,0
2025-10-15 13:30:00+00:00,19.229999542236328,19.889999389648438,19.110000610351562,19.3799991607666,0
2025-10-15 14:30:00+00:00,19.510000228881836,19.520000457763672,19.110000610351562,19.459999084472656,0
2025-10-15 15:30:00+00:00,20.0,20.420000076293945,19.239999771118164,19.25,0
2025-10-15 16:30:00+00:00,21.760000228881836,22.440000534057617,19.81999969482422,20.1299991607666,0
2025-10-15 17:30:00+00:00,20.739999771118164,22.440000534057617,20.3700008392334,20.3700008392334,0
2025-10-15 18:30:00+00:00,20.469999313354492,20.959999084472656,20.260000228881836,20.700000762939453,0
2025-10-15 19:30:00+00:00,20.479999542236328,20.979999542236328,20.280000686645508,20.469999313354492,0
2025-10-16 13:30:00+00:00,20.75,21.1200008392334,19.989999771118164,20.020000457763672,0
2025-10-16 14:30:00+00:00,21.200000762939453,21.219999313354492,20.290000915527344,20.719999313354492,0
2025-10-16 15:30:00+00:00,22.780000686645508,22.780000686645508,20.559999465942383,20.75,0
2025-10-16 16:30:00+00:00,22.65999984741211,24.200000762939453,21.59000015258789,21.700000762939453,0
2025-10-16 17:30:00+00:00,24.690000534057617,25.1200008392334,22.34000015258789,22.40999984741211,0
2025-10-16 18:30:00+00:00,24.940000534057617,25.139999389648438,23.329999923706055,23.329999923706055,0
2025-10-16 19:30:00+00:00,24.59000015258789,25.43000030517578,23.799999237060547,24.950000762939453,0
2025-10-17 13:30:00+00:00,23.219999313354492,25.09000015258789,23.139999389648438,23.920000076293945,0
2025-10-17 14:30:00+00:00,24.600000381469727,24.959999084472656,23.139999389648438,24.260000228881836,0
2025-10-17 15:30:00+00:00,23.25,25.0,23.229999542236328,24.420000076293945,0
2025-10-17 16:30:00+00:00,23.969999313354492,24.200000762939453,23.15999984741211,23.6299991607666,0
2025-10-17 17:30:00+00:00,22.549999237060547,24.200000762939453,22.5,23.649999618530273,0
2025-10-17 18:30:00+00:00,21.530000686645508,23.43000030517578,21.530000686645508,23.43000030517578,0
2025-10-17 19:30:00+00:00,21.059999465942383,22.1200008392334,21.049999237060547,21.489999771118164,0
2025-10-20 13:30:00+00:00,18.989999771118164,20.270000457763672,18.93000030517578,20.270000457763672,0
2025-10-20 14:30:00+00:00,18.850000381469727,19.520000457763672,18.639999389648438,19.520000457763672,0
2025-10-20 15:30:00+00:00,18.850000381469727,19.100000381469727,18.68000030517578,18.68000030517578,0
2025-10-20 16:30:00+00:00,18.549999237060547,19.049999237060547,18.5,19.0,0
2025-10-20 17:30:00+00:00,18.549999237060547,18.760000228881836,18.459999084472656,18.760000228881836,0
2025-10-20 18:30:00+00:00,18.399999618530273,18.65999984741211,18.3700008392334,18.559999465942383,0
2025-10-20 19:30:00+00:00,18.309999465942383,18.489999771118164,18.229999542236328,18.40999984741211,0
2025-10-21 13:30:00+00:00,18.440000534057617,18.889999389648438,18.280000686645508,18.59000015258789,0
2025-10-21 14:30:00+00:00,17.969999313354492,18.889999389648438,17.6299991607666,18.809999465942383,0
2025-10-21 15:30:00+00:00,17.709999084472656,18.040000915527344,17.6299991607666,17.770000457763672,0
2025-10-21 16:30:00+00:00,17.950000762939453,18.329999923706055,17.6200008392334,17.760000228881836,0
2025-10-21 17:30:00+00:00,17.520000457763672,18.329999923706055,17.520000457763672,18.1299991607666,0
2025-10-21 18:30:00+00:00,17.579999923706055,17.709999084472656,17.399999618530273,17.690000534057617,0
2025-10-21 19:30:00+00:00,17.670000076293945,17.670000076293945,17.459999084472656,17.579999923706055,0
2025-10-22 13:30:00+00:00,19.079999923706055,19.110000610351562,17.989999771118164,18.010000228881836,0
2025-10-22 14:30:00+00:00,19.1299991607666,19.3700008392334,18.399999618530273,18.469999313354492,0
2025-10-22 15:30:00+00:00,18.940000534057617,19.290000915527344,18.399999618530273,18.610000610351562,0
2025-10-22 16:30:00+00:00,20.110000610351562,20.190000534057617,18.549999237060547,18.56999969482422,0
2025-10-22 17:30:00+00:00,19.68000030517578,21.010000228881836,19.059999465942383,19.110000610351562,0
2025-10-22 18:30:00+00:00,18.81999969482422,20.739999771118164,18.790000915527344,20.739999771118164,0
2025-10-22 19:30:00+00:00,18.6200008392334,19.459999084472656,18.520000457763672,18.799999237060547,0
2025-10-23 13:30:00+00:00,18.389999389648438,19.190000534057617,18.209999084472656,18.889999389648438,0
2025-10-23 14:30:00+00:00,18.079999923706055,18.719999313354492,18.020000457763672,18.34000015258789,0
2025-10-23 15:30:00+00:00,17.75,18.270000457763672,17.540000915527344,18.040000915527344,0
2025-10-23 16:30:00+00:00,17.510000228881836,17.8700008392334,17.3700008392334,17.860000610351562,0
2025-10-23 17:30:00+00:00,17.1299991607666,17.65999984741211,17.100000381469727,17.43000030517578,0
2025-10-23 18:30:00+00:00,17.219999313354492,17.239999771118164,17.079999923706055,17.190000534057617,0
2025-10-23 19:30:00+00:00,17.299999237060547,17.360000610351562,17.100000381469727,17.219999313354492,0
2025-10-24 13:30:00+00:00,16.540000915527344,16.700000762939453,16.020000457763672,16.700000762939453,0
2025-10-24 14:30:00+00:00,16.459999084472656,16.68000030517578,16.299999237060547,16.299999237060547,0
2025-10-24 15:30:00+00:00,16.739999771118164,16.75,16.3700008392334,16.56999969482422,0
2025-10-24 16:30:00+00:00,16.450000762939453,16.81999969482422,16.420000076293945,16.610000610351562,0
2025-10-24 17:30:00+00:00,16.3700008392334,16.549999237060547,16.329999923706055,16.549999237060547,0
2025-10-24 18:30:00+00:00,16.350000381469727,16.420000076293945,16.260000228881836,16.399999618530273,0
2025-10-24 19:30:00+00:00,16.40999984741211,16.450000762939453,16.260000228881836,16.350000381469727,0
2025-10-27 13:30:00+00:00,15.9399995803833,15.979999542236328,15.619999885559082,15.680000305175781,0
2025-10-27 14:30:00+00:00,15.970000267028809,16.06999969482422,15.699999809265137,15.729999542236328,0
2025-10-27 15:30:00+00:00,15.970000267028809,16.06999969482422,15.949999809265137,16.020000457763672,0
2025-10-27 16:30:00+00:00,16.020000457763672,16.049999237060547,15.949999809265137,15.989999771118164,0
2025-10-27 17:30:00+00:00,15.970000267028809,16.049999237060547,15.960000038146973,15.989999771118164,0
2025-10-27 18:30:00+00:00,15.949999809265137,16.030000686645508,15.930000305175781,15.989999771118164,0
2025-10-27 19:30:00+00:00,15.800000190734863,16.0,15.779999732971191,15.9399995803833,0
2025-10-28 13:30:00+00:00,16.06999969482422,16.239999771118164,15.65999984741211,15.84000015258789,0
2025-10-28 14:30:00+00:00,16.209999084472656,16.229999542236328,16.040000915527344,16.209999084472656,0
2025-10-28 15:30:00+00:00,16.139999389648438,16.329999923706055,16.09000015258789,16.100000381469727,0
2025-10-28 16:30:00+00:00,16.139999389648438,16.270000457763672,15.989999771118164,16.270000457763672,0
2025-10-28 17:30:00+00:00,16.309999465942383,16.309999465942383,15.989999771118164,16.06999969482422,0
2025-10-28 18:30:00+00:00,16.440000534057617,16.440000534057617,16.209999084472656,16.219999313354492,0
2025-10-28 19:30:00+00:00,16.420000076293945,16.549999237060547,16.280000686645508,16.440000534057617,0
2025-10-29 13:30:00+00:00,16.940000534057617,17.020000457763672,16.420000076293945,16.450000762939453,0
2025-10-29 14:30:00+00:00,16.639999389648438,17.020000457763672,16.600000381469727,16.8700008392334,0
2025-10-29 15:30:00+00:00,16.59000015258789,16.829999923706055,16.56999969482422,16.829999923706055,0
2025-10-29 16:30:00+00:00,16.8700008392334,16.8799991607666,16.56999969482422,16.649999618530273,0
2025-10-29 17:30:00+00:00,16.729999542236328,16.90999984741211,16.579999923706055,16.700000762939453,0
2025-10-29 18:30:00+00:00,17.170000076293945,17.579999923706055,16.520000457763672,16.860000610351562,0
2025-10-29 19:30:00+00:00,17.110000610351562,17.43000030517578,16.520000457763672,17.18000030517578,0
2025-10-30 13:30:00+00:00,17.170000076293945,17.170000076293945,16.399999618530273,16.68000030517578,0
2025-10-30 14:30:00+00:00,16.549999237060547,17.170000076293945,16.43000030517578,16.709999084472656,0
2025-10-30 15:30:00+00:00,16.469999313354492,16.940000534057617,16.43000030517578,16.84000015258789,0
2025-10-30 16:30:00+00:00,16.329999923706055,16.90999984741211,16.299999237060547,16.889999389648438,0
2025-10-30 17:30:00+00:00,16.540000915527344,16.59000015258789,16.190000534057617,16.3799991607666,0
2025-10-30 18:30:00+00:00,17.079999923706055,17.3799991607666,16.209999084472656,16.209999084472656,0
2025-10-30 19:30:00+00:00,17.350000381469727,17.40999984741211,16.68000030517578,17.059999465942383,0
2025-10-31 13:30:00+00:00,16.93000030517578,17.059999465942383,16.170000076293945,16.229999542236328,0
2025-10-31 14:30:00+00:00,17.34000015258789,17.34000015258789,16.709999084472656,16.75,0
2025-10-31 15:30:00+00:00,17.639999389648438,18.059999465942383,16.93000030517578,16.940000534057617,0
2025-10-31 16:30:00+00:00,18.299999237060547,18.540000915527344,17.520000457763672,17.639999389648438,0
2025-10-31 17:30:00+00:00,17.540000915527344,18.540000915527344,17.510000228881836,18.110000610351562,0
2025-10-31 18:30:00+00:00,17.280000686645508,18.0,17.25,17.979999542236328,0
2025-10-31 19:30:00+00:00,17.299999237060547,17.530000686645508,17.18000030517578,17.280000686645508,0
2025-11-03 14:30:00+00:00,18.739999771118164,18.790000915527344,17.31999969482422,17.469999313354492,0
2025-11-03 15:30:00+00:00,18.170000076293945,18.829999923706055,17.959999084472656,18.09000015258789,0
2025-11-03 16:30:00+00:00,17.6299991607666,18.229999542236328,17.420000076293945,18.190000534057617,0
2025-11-03 17:30:00+00:00,17.139999389648438,17.729999542236328,17.079999923706055,17.649999618530273,0
2025-11-03 18:30:00+00:00,17.239999771118164,17.31999969482422,17.0,17.299999237060547,0
2025-11-03 19:30:00+00:00,17.25,17.389999389648438,17.1299991607666,17.149999618530273,0
2025-11-03 20:30:00+00:00,17.290000915527344,17.3799991607666,17.1299991607666,17.270000457763672,0
2025-11-04 14:30:00+00:00,18.030000686645508,19.440000534057617,17.989999771118164,19.219999313354492,0
2025-11-04 15:30:00+00:00,18.190000534057617,18.3799991607666,17.899999618530273,18.260000228881836,0
2025-11-04 16:30:00+00:00,18.540000915527344,18.739999771118164,18.020000457763672,18.25,0
2025-11-04 17:30:00+00:00,19.100000381469727,19.1299991607666,18.040000915527344,18.040000915527344,0
2025-11-04 18:30:00+00:00,18.530000686645508,19.260000228881836,18.489999771118164,18.8700008392334,0
2025-11-04 19:30:00+00:00,18.670000076293945,18.979999542236328,18.489999771118164,18.81999969482422,0
2025-11-04 20:30:00+00:00,18.940000534057617,18.950000762939453,18.43000030517578,18.649999618530273,0
2025-11-05 14:30:00+00:00,17.860000610351562,19.190000534057617,17.81999969482422,18.950000762939453,0
2025-11-05 15:30:00+00:00,17.780000686645508,18.3799991607666,17.639999389648438,18.34000015258789,0
2025-11-05 16:30:00+00:00,17.360000610351562,18.149999618530273,17.329999923706055,17.829999923706055,0
2025-11-05 17:30:00+00:00,17.459999084472656,17.520000457763672,17.309999465942383,17.399999618530273,0
2025-11-05 18:30:00+00:00,17.420000076293945,17.59000015258789,17.3799991607666,17.5,0
2025-11-05 19:30:00+00:00,17.489999771118164,17.59000015258789,17.309999465942383,17.440000534057617,0
2025-11-05 20:30:00+00:00,17.860000610351562,17.8799991607666,17.309999465942383,17.510000228881836,0
2025-11-06 14:30:00+00:00,18.84000015258789,19.3700008392334,17.81999969482422,17.850000381469727,0
2025-11-06 15:30:00+00:00,19.59000015258789,20.040000915527344,18.690000534057617,18.8799991607666,0
2025-11-06 16:30:00+00:00,20.049999237060547,20.309999465942383,19.579999923706055,20.020000457763672,0
2025-11-06 17:30:00+00:00,19.600000381469727,20.309999465942383,19.360000610351562,20.25,0
2025-11-06 18:30:00+00:00,18.889999389648438,20.040000915527344,18.8700008392334,19.469999313354492,0
2025-11-06 19:30:00+00:00,19.1299991607666,19.450000762939453,18.84000015258789,19.440000534057617,0
2025-11-06 20:30:00+00:00,19.799999237060547,19.829999923706055,18.920000076293945,19.139999389648438,0
2025-11-07 14:30:00+00:00,20.860000610351562,21.579999923706055,20.399999618530273,20.420000076293945,0
2025-11-07 15:30:00+00:00,22.049999237060547,22.209999084472656,20.549999237060547,20.889999389648438,0
2025-11-07 16:30:00+00:00,21.770000457763672,22.719999313354492,21.469999313354492,21.610000610351562,0
2025-11-07 17:30:00+00:00,21.1299991607666,22.719999313354492,21.100000381469727,22.389999389648438,0
2025-11-07 18:30:00+00:00,20.6200008392334,21.8799991607666,20.530000686645508,21.84000015258789,0
2025-11-07 19:30:00+00:00,20.15999984741211,20.920000076293945,19.899999618530273,20.8700008392334,0
2025-11-07 20:30:00+00:00,19.25,20.31999969482422,19.25,20.190000534057617,0
2025-11-10 14:30:00+00:00,17.940000534057617,18.389999389648438,17.899999618530273,18.329999923706055,0
2025-11-10 15:30:00+00:00,18.549999237060547,18.6299991607666,17.899999618530273,18.06999969482422,0
2025-11-10 16:30:00+00:00,17.969999313354492,18.6299991607666,17.940000534057617,18.520000457763672,0
2025-11-10 17:30:00+00:00,17.850000381469727,18.200000762939453,17.75,18.200000762939453,0
2025-11-10 18:30:00+00:00,17.68000030517578,17.850000381469727,17.65999984741211,17.770000457763672,0
2025-11-10 19:30:00+00:00,17.899999618530273,17.940000534057617,17.639999389648438,17.809999465942383,0
2025-11-10 20:30:00+00:00,17.729999542236328,17.940000534057617,17.690000534057617,17.90999984741211,0
2025-11-11 14:30:00+00:00,17.75,17.8799991607666,17.520000457763672,17.8799991607666,0
2025-11-11 15:30:00+00:00,17.799999237060547,17.93000030517578,17.530000686645508,17.530000686645508,0
2025-11-11 16:30:00+00:00,17.579999923706055,17.889999389648438,17.489999771118164,17.889999389648438,0
2025-11-11 17:30:00+00:00,17.530000686645508,17.709999084472656,17.489999771118164,17.709999084472656,0
2025-11-11 18:30:00+00:00,17.3799991607666,17.6200008392334,17.350000381469727,17.6200008392334,0
2025-11-11 19:30:00+00:00,17.31999969482422,17.469999313354492,17.270000457763672,17.389999389648438,0
2025-11-11 20:30:00+00:00,17.299999237060547,17.360000610351562,17.25,17.31999969482422,0
2025-11-12 14:30:00+00:00,17.469999313354492,17.65999984741211,17.110000610351562,17.110000610351562,0
2025-11-12 15:30:00+00:00,17.770000457763672,18.020000457763672,17.31999969482422,17.479999542236328,0
2025-11-12 16:30:00+00:00,17.780000686645508,18.059999465942383,17.65999984741211,17.770000457763672,0
2025-11-12 17:30:00+00:00,17.610000610351562,17.940000534057617,17.469999313354492,17.940000534057617,0
2025-11-12 18:30:00+00:00,17.56999969482422,17.670000076293945,17.3700008392334,17.59000015258789,0
2025-11-12 19:30:00+00:00,17.510000228881836,17.65999984741211,17.389999389648438,17.469999313354492,0
2025-11-12 20:30:00+00:00,17.530000686645508,17.65999984741211,17.459999084472656,17.520000457763672,0
2025-11-13 14:30:00+00:00,18.329999923706055,18.68000030517578,17.959999084472656,18.059999465942383,0
2025-11-13 15:30:00+00:00,19.049999237060547,19.219999313354492,17.959999084472656,18.399999618530273,0
2025-11-13 16:30:00+00:00,19.09000015258789,19.510000228881836,18.81999969482422,18.899999618530273,0
2025-11-13 17:30:00+00:00,20.579999923706055,20.610000610351562,18.969999313354492,19.329999923706055,0
2025-11-13 18:30:00+00:00,20.530000686645508,21.1299991607666,19.600000381469727,19.670000076293945,0
2025-11-13 19:30:00+00:00,21.15999984741211,21.309999465942383,20.479999542236328,20.649999618530273,0
2025-11-13 20:30:00+00:00,20.540000915527344,21.309999465942383,20.540000915527344,21.1200008392334,0
2025-11-14 14:30:00+00:00,21.280000686645508,23.030000686645508,21.239999771118164,22.43000030517578,0
2025-11-14 15:30:00+00:00,20.020000457763672,22.040000915527344,19.959999084472656,21.559999465942383,0
2025-11-14 16:30:00+00:00,19.760000228881836,20.780000686645508,19.600000381469727,20.469999313354492,0
2025-11-14 17:30:00+00:00,20.40999984741211,20.56999969482422,19.559999465942383,19.850000381469727,0
2025-11-14 18:30:00+00:00,20.1299991607666,20.780000686645508,20.059999465942383,20.09000015258789,0
2025-11-14 19:30:00+00:00,20.1299991607666,20.780000686645508,19.559999465942383,20.5,0
2025-11-14 20:30:00+00:00,20.15999984741211,20.350000381469727,19.559999465942383,20.149999618530273,0
2025-11-17 14:30:00+00:00,20.6200008392334,21.209999084472656,20.09000015258789,20.84000015258789,0
2025-11-17 15:30:00+00:00,21.020000457763672,21.690000534057617,20.34000015258789,20.389999389648438,0
2025-11-17 16:30:00+00:00,20.709999084472656,21.690000534057617,20.43000030517578,20.899999618530273,0
2025-11-17 17:30:00+00:00,21.6200008392334,21.760000228881836,20.440000534057617,20.440000534057617,0
2025-11-17 18:30:00+00:00,22.229999542236328,22.43000030517578,21.40999984741211,21.530000686645508,0
2025-11-17 19:30:00+00:00,22.8799991607666,23.440000534057617,22.010000228881836,22.270000457763672,0
2025-11-17 20:30:00+00:00,22.5,23.440000534057617,22.34000015258789,22.8799991607666,0
2025-11-18 14:30:00+00:00,24.899999618530273,25.709999084472656,23.40999984741211,23.719999313354492,0
2025-11-18 15:30:00+00:00,23.700000762939453,25.84000015258789,23.65999984741211,25.139999389648438,0
2025-11-18 16:30:00+00:00,24.709999084472656,25.84000015258789,23.530000686645508,25.3700008392334,0
2025-11-18 17:30:00+00:00,23.459999084472656,24.969999313354492,23.100000381469727,23.850000381469727,0
2025-11-18 18:30:00+00:00,23.440000534057617,23.540000915527344,22.90999984741211,23.3700008392334,0
2025-11-18 19:30:00+00:00,23.850000381469727,24.040000915527344,22.959999084472656,23.420000076293945,0
2025-11-18 20:30:00+00:00,24.239999771118164,24.31999969482422,22.969999313354492,23.81999969482422,0
2025-11-19 14:30:00+00:00,22.34000015258789,24.190000534057617,21.93000030517578,23.93000030517578,0
2025-11-19 15:30:00+00:00,23.790000915527344,23.969999313354492,21.93000030517578,22.450000762939453,0
2025-11-19 16:30:00+00:00,24.18000030517578,24.389999389648438,23.469999313354492,23.739999771118164,0
2025-11-19 17:30:00+00:00,23.760000228881836,24.790000915527344,23.280000686645508,23.729999542236328,0
2025-11-19 18:30:00+00:00,24.190000534057617,24.290000915527344,23.200000762939453,23.8799991607666,0
2025-11-19 19:30:00+00:00,23.31999969482422,24.329999923706055,23.030000686645508,23.40999984741211,0
2025-11-19 20:30:00+00:00,23.510000228881836,23.8700008392334,23.030000686645508,23.329999923706055,0
2025-11-20 14:30:00+00:00,19.719999313354492,19.93000030517578,19.280000686645508,19.729999542236328,0
2025-11-20 15:30:00+00:00,21.809999465942383,22.030000686645508,19.469999313354492,19.540000915527344,0
2025-11-20 16:30:00+00:00,26.59000015258789,28.270000457763672,20.469999313354492,20.469999313354492,0
2025-11-20 17:30:00+00:00,25.010000228881836,28.270000457763672,23.84000015258789,25.75,0
2025-11-20 18:30:00+00:00,25.440000534057617,27.5,23.84000015258789,26.030000686645508,0
2025-11-20 19:30:00+00:00,25.489999771118164,27.479999542236328,24.84000015258789,27.030000686645508,0
2025-11-20 20:30:00+00:00,26.360000610351562,27.100000381469727,24.84000015258789,25.520000457763672,0
2025-11-21 14:30:00+00:00,26.809999465942383,26.979999542236328,25.059999465942383,25.200000762939453,0
2025-11-21 15:30:00+00:00,25.420000076293945,27.540000915527344,25.420000076293945,25.6200008392334,0
2025-11-21 16:30:00+00:00,24.290000915527344,27.190000534057617,24.079999923706055,26.610000610351562,0
2025-11-21 17:30:00+00:00,24.260000228881836,24.81999969482422,23.75,24.270000457763672,0
2025-11-21 18:30:00+00:00,22.59000015258789,24.81999969482422,22.540000915527344,23.959999084472656,0
2025-11-21 19:30:00+00:00,23.579999923706055,23.59000015258789,22.540000915527344,23.09000015258789,0
2025-11-21 20:30:00+00:00,23.739999771118164,23.829999923706055,23.0,23.6200008392334,0
2025-11-24 14:30:00+00:00,21.299999237060547,22.790000915527344,21.260000228881836,22.780000686645508,0
2025-11-24 15:30:00+00:00,21.190000534057617,22.049999237060547,20.93000030517578,22.049999237060547,0
2025-11-24 16:30:00+00:00,20.979999542236328,21.34000015258789,20.93000030517578,21.329999923706055,0
2025-11-24 17:30:00+00:00,20.809999465942383,21.31999969482422,20.68000030517578,21.229999542236328,0
2025-11-24 18:30:00+00:00,20.690000534057617,20.899999618530273,20.549999237060547,20.899999618530273,0
2025-11-24 19:30:00+00:00,20.739999771118164,20.90999984741211,20.549999237060547,20.760000228881836,0
2025-11-24 20:30:00+00:00,20.59000015258789,20.8799991607666,20.40999984741211,20.75,0
2025-11-25 14:30:00+00:00,20.459999084472656,21.770000457763672,20.030000686645508,20.100000381469727,0
2025-11-25 15:30:00+00:00,19.549999237060547,21.31999969482422,19.489999771118164,20.420000076293945,0
2025-11-25 16:30:00+00:00,19.1200008392334,20.1299991607666,19.010000228881836,19.969999313354492,0
2025-11-25 17:30:00+00:00,19.040000915527344,19.31999969482422,19.010000228881836,19.31999969482422,0
2025-11-25 18:30:00+00:00,19.040000915527344,19.229999542236328,18.8700008392334,19.229999542236328,0
2025-11-25 19:30:00+00:00,18.709999084472656,19.149999618530273,18.670000076293945,18.940000534057617,0
2025-11-25 20:30:00+00:00,18.56999969482422,18.790000915527344,18.389999389648438,18.700000762939453,0
2025-11-26 14:30:00+00:00,17.809999465942383,18.139999389648438,17.65999984741211,18.059999465942383,0
2025-11-26 15:30:00+00:00,17.510000228881836,18.110000610351562,17.450000762939453,18.030000686645508,0
2025-11-26 16:30:00+00:00,17.399999618530273,17.600000381469727,17.350000381469727,17.56999969482422,0
2025-11-26 17:30:00+00:00,17.260000228881836,17.68000030517578,17.219999313354492,17.440000534057617,0
2025-11-26 18:30:00+00:00,16.989999771118164,17.68000030517578,16.979999542236328,17.389999389648438,0
2025-11-26 19:30:00+00:00,17.030000686645508,17.299999237060547,16.93000030517578,17.280000686645508,0
2025-11-26 20:30:00+00:00,17.25,17.25,17.0,17.030000686645508,0
2025-11-28 14:30:00+00:00,16.790000915527344,18.520000457763672,15.779999732971191,17.489999771118164,0
2025-11-28 15:30:00+00:00,17.010000228881836,17.06999969482422,16.739999771118164,16.899999618530273,0
2025-11-28 16:30:00+00:00,16.610000610351562,17.049999237060547,16.56999969482422,16.979999542236328,0
2025-11-28 17:30:00+00:00,16.219999313354492,16.75,16.190000534057617,16.709999084472656,0
2025-12-01 14:30:00+00:00,17.520000457763672,18.110000610351562,17.1299991607666,18.100000381469727,0
2025-12-01 15:30:00+00:00,17.020000457763672,17.760000228881836,16.969999313354492,17.31999969482422,0
2025-12-01 16:30:00+00:00,16.81999969482422,17.219999313354492,16.770000457763672,17.020000457763672,0
2025-12-01 17:30:00+00:00,16.690000534057617,16.959999084472656,16.649999618530273,16.889999389648438,0
2025-12-01 18:30:00+00:00,17.06999969482422,17.06999969482422,16.579999923706055,16.790000915527344,0
2025-12-01 19:30:00+00:00,17.139999389648438,17.229999542236328,16.600000381469727,16.600000381469727,0
2025-12-01 20:30:00+00:00,17.309999465942383,17.389999389648438,16.989999771118164,17.1299991607666,0
2025-12-02 14:30:00+00:00,16.790000915527344,16.850000381469727,16.479999542236328,16.670000076293945,0
2025-12-02 15:30:00+00:00,17.1200008392334,17.1299991607666,16.389999389648438,16.649999618530273,0
2025-12-02 16:30:00+00:00,16.520000457763672,17.309999465942383,16.43000030517578,16.510000228881836,0
2025-12-02 17:30:00+00:00,16.8700008392334,17.139999389648438,16.459999084472656,17.06999969482422,0
2025-12-02 18:30:00+00:00,16.709999084472656,17.139999389648438,16.639999389648438,17.1299991607666,0
2025-12-02 19:30:00+00:00,16.510000228881836,16.8799991607666,16.489999771118164,16.780000686645508,0
2025-12-02 20:30:00+00:00,16.5,16.6299991607666,16.420000076293945,16.510000228881836,0
2025-12-03 14:30:00+00:00,16.540000915527344,17.280000686645508,16.34000015258789,16.34000015258789,0
2025-12-03 15:30:00+00:00,16.450000762939453,16.770000457763672,16.290000915527344,16.770000457763672,0
2025-12-03 16:30:00+00:00,16.110000610351562,16.559999465942383,16.110000610351562,16.40999984741211,0
2025-12-03 17:30:00+00:00,16.100000381469727,16.389999389648438,16.09000015258789,16.3700008392334,0
2025-12-03 18:30:00+00:00,16.010000228881836,16.15999984741211,15.989999771118164,16.149999618530273,0
2025-12-03 19:30:00+00:00,16.030000686645508,16.100000381469727,15.930000305175781,16.06999969482422,0
2025-12-03 20:30:00+00:00,16.1299991607666,16.139999389648438,15.930000305175781,16.040000915527344,0
2025-12-04 14:30:00+00:00,16.350000381469727,16.6299991607666,15.899999618530273,16.1299991607666,0
2025-12-04 15:30:00+00:00,16.31999969482422,16.6299991607666,16.06999969482422,16.469999313354492,0
2025-12-04 16:30:00+00:00,16.079999923706055,16.59000015258789,15.960000038146973,16.31999969482422,0
2025-12-04 17:30:00+00:00,15.899999618530273,16.229999542236328,15.899999618530273,15.989999771118164,0
2025-12-04 18:30:00+00:00,16.290000915527344,16.530000686645508,15.899999618530273,16.030000686645508,0
2025-12-04 19:30:00+00:00,16.049999237060547,16.530000686645508,15.880000114440918,15.920000076293945,0
2025-12-04 20:30:00+00:00,15.75,16.15999984741211,15.75,16.049999237060547,0
2025-12-05 14:30:00+00:00,15.710000038146973,16.040000915527344,15.609999656677246,16.040000915527344,0
2025-12-05 15:30:00+00:00,15.930000305175781,15.989999771118164,15.600000381469727,15.84000015258789,0
2025-12-05 16:30:00+00:00,15.8100004196167,16.1200008392334,15.75,15.800000190734863,0
2025-12-05 17:30:00+00:00,15.479999542236328,16.0,15.470000267028809,15.859999656677246,0
2025-12-05 18:30:00+00:00,15.5600004196167,15.670000076293945,15.430000305175781,15.609999656677246,0
2025-12-05 19:30:00+00:00,15.380000114440918,15.59000015258789,15.369999885559082,15.489999771118164,0
2025-12-05 20:30:00+00:00,15.279999732971191,15.550000190734863,15.279999732971191,15.359999656677246,0
2025-12-08 14:30:00+00:00,16.65999984741211,16.780000686645508,16.219999313354492,16.270000457763672,0
2025-12-08 15:30:00+00:00,16.600000381469727,16.8700008392334,16.40999984741211,16.549999237060547,0
2025-12-08 16:30:00+00:00,16.959999084472656,17.030000686645508,16.579999923706055,16.690000534057617,0
2025-12-08 17:30:00+00:00,16.790000915527344,17.030000686645508,16.530000686645508,16.8700008392334,0
2025-12-08 18:30:00+00:00,16.850000381469727,17.09000015258789,16.530000686645508,16.559999465942383,0
2025-12-08 19:30:00+00:00,16.860000610351562,17.0,16.709999084472656,16.969999313354492,0
2025-12-08 20:30:00+00:00,16.649999618530273,16.979999542236328,16.649999618530273,16.850000381469727,0
2025-12-09 14:30:00+00:00,16.850000381469727,17.200000762939453,16.739999771118164,17.059999465942383,0
2025-12-09 15:30:00+00:00,16.549999237060547,16.950000762939453,16.479999542236328,16.81999969482422,0
2025-12-09 16:30:00+00:00,16.59000015258789,16.690000534057617,16.450000762939453,16.690000534057617,0
2025-12-09 17:30:00+00:00,16.6200008392334,16.770000457763672,16.520000457763672,16.56999969482422,0
2025-12-09 18:30:00+00:00,16.639999389648438,16.799999237060547,16.559999465942383,16.6200008392334,0
2025-12-09 19:30:00+00:00,16.790000915527344,16.790000915527344,16.559999465942383,16.579999923706055,0
2025-12-09 20:30:00+00:00,16.8799991607666,16.940000534057617,16.610000610351562,16.780000686645508,0
2025-12-10 14:30:00+00:00,17.110000610351562,17.65999984741211,17.040000915527344,17.389999389648438,0
2025-12-10 15:30:00+00:00,16.8799991607666,17.3799991607666,16.84000015258789,17.110000610351562,0
2025-12-10 16:30:00+00:00,17.030000686645508,17.329999923706055,16.84000015258789,17.149999618530273,0
2025-12-10 17:30:00+00:00,17.09000015258789,17.1299991607666,16.920000076293945,16.93000030517578,0
2025-12-10 18:30:00+00:00,16.690000534057617,17.209999084472656,16.459999084472656,16.979999542236328,0
2025-12-10 19:30:00+00:00,15.6899995803833,17.100000381469727,15.59000015258789,17.100000381469727,0
2025-12-10 20:30:00+00:00,15.859999656677246,15.869999885559082,15.5600004196167,15.699999809265137,0
2025-12-11 14:30:00+00:00,15.779999732971191,16.68000030517578,15.699999809265137,15.989999771118164,0
2025-12-11 15:30:00+00:00,15.9399995803833,16.68000030517578,15.699999809265137,16.6200008392334,0
2025-12-11 16:30:00+00:00,15.430000305175781,15.979999542236328,15.359999656677246,15.869999885559082,0
2025-12-11 17:30:00+00:00,15.359999656677246,15.789999961853027,15.260000228881836,15.789999961853027,0
2025-12-11 18:30:00+00:00,15.1899995803833,15.430000305175781,15.1899995803833,15.359999656677246,0
2025-12-11 19:30:00+00:00,15.210000038146973,15.420000076293945,15.069999694824219,15.40999984741211,0
2025-12-11 20:30:00+00:00,15.0,15.25,14.979999542236328,15.220000267028809,0
2025-12-12 14:30:00+00:00,16.0,16.0,14.850000381469727,14.850000381469727,0
2025-12-12 15:30:00+00:00,17.059999465942383,17.520000457763672,15.050000190734863,15.050000190734863,0
2025-12-12 16:30:00+00:00,16.889999389648438,17.850000381469727,16.299999237060547,16.520000457763672,0
2025-12-12 17:30:00+00:00,15.770000457763672,17.049999237060547,15.640000343322754,17.049999237060547,0
2025-12-12 18:30:00+00:00,16.450000762939453,16.559999465942383,15.640000343322754,16.229999542236328,0
2025-12-12 19:30:00+00:00,15.949999809265137,16.559999465942383,15.800000190734863,16.049999237060547,0
2025-12-12 20:30:00+00:00,15.880000114440918,16.299999237060547,15.800000190734863,15.979999542236328,0
2025-12-15 14:30:00+00:00,17.270000457763672,17.350000381469727,15.989999771118164,16.049999237060547,0
2025-12-15 15:30:00+00:00,16.239999771118164,17.350000381469727,16.209999084472656,16.510000228881836,0
2025-12-15 16:30:00+00:00,16.649999618530273,16.93000030517578,16.209999084472656,16.850000381469727,0
2025-12-15 17:30:00+00:00,16.81999969482422,16.920000076293945,16.43000030517578,16.670000076293945,0
2025-12-15 18:30:00+00:00,16.510000228881836,16.889999389648438,16.389999389648438,16.670000076293945,0
2025-12-15 19:30:00+00:00,16.479999542236328,16.6299991607666,16.350000381469727,16.5,0
2025-12-15 20:30:00+00:00,16.479999542236328,16.6299991607666,16.350000381469727,16.489999771118164,0
2025-12-16 14:30:00+00:00,17.110000610351562,17.510000228881836,16.469999313354492,16.75,0
2025-12-16 15:30:00+00:00,17.049999237060547,17.510000228881836,16.469999313354492,16.579999923706055,0
2025-12-16 16:30:00+00:00,16.969999313354492,17.1299991607666,16.479999542236328,16.649999618530273,0
2025-12-16 17:30:00+00:00,17.299999237060547,17.610000610351562,16.479999542236328,16.6299991607666,0
2025-12-16 18:30:00+00:00,16.979999542236328,17.610000610351562,16.600000381469727,17.350000381469727,0
2025-12-16 19:30:00+00:00,16.3799991607666,17.209999084472656,16.3700008392334,16.790000915527344,0
2025-12-16 20:30:00+00:00,16.420000076293945,16.6200008392334,16.190000534057617,16.3700008392334,0
2025-12-17 14:30:00+00:00,16.260000228881836,16.760000228881836,15.819999694824219,16.280000686645508,0
2025-12-17 15:30:00+00:00,17.200000762939453,17.65999984741211,16.15999984741211,16.209999084472656,0
2025-12-17 16:30:00+00:00,17.290000915527344,17.65999984741211,17.049999237060547,17.3799991607666,0
2025-12-17 17:30:00+00:00,17.329999923706055,17.579999923706055,16.969999313354492,17.309999465942383,0
2025-12-17 18:30:00+00:00,17.469999313354492,17.639999389648438,16.969999313354492,17.280000686645508,0
2025-12-17 19:30:00+00:00,17.520000457763672,17.600000381469727,17.209999084472656,17.540000915527344,0
2025-12-17 20:30:00+00:00,17.920000076293945,17.979999542236328,17.209999084472656,17.510000228881836,0
2025-12-18 14:30:00+00:00,16.31999969482422,17.040000915527344,16.299999237060547,16.739999771118164,0
2025-12-18 15:30:00+00:00,16.100000381469727,16.90999984741211,15.930000305175781,16.530000686645508,0
2025-12-18 16:30:00+00:00,17.1200008392334,17.329999923706055,15.930000305175781,16.1299991607666,0
2025-12-18 17:30:00+00:00,16.3799991607666,17.329999923706055,16.260000228881836,16.260000228881836,0
2025-12-18 18:30:00+00:00,16.690000534057617,16.8700008392334,16.239999771118164,16.520000457763672,0
2025-12-18 19:30:00+00:00,16.530000686645508,17.190000534057617,16.469999313354492,16.5,0
2025-12-18 20:30:00+00:00,16.760000228881836,17.079999923706055,16.270000457763672,16.530000686645508,0
2025-12-19 14:30:00+00:00,15.449999809265137,16.43000030517578,15.329999923706055,16.3700008392334,0
2025-12-19 15:30:00+00:00,15.34000015258789,15.630000114440918,15.289999961853027,15.479999542236328,0
2025-12-19 16:30:00+00:00,15.350000381469727,15.630000114440918,15.279999732971191,15.569999694824219,0
2025-12-19 17:30:00+00:00,15.319999694824219,15.420000076293945,15.220000267028809,15.420000076293945,0
2025-12-19 18:30:00+00:00,15.239999771118164,15.40999984741211,15.210000038146973,15.3100004196167,0
2025-12-19 19:30:00+00:00,15.09000015258789,15.369999885559082,15.069999694824219,15.369999885559082,0
2025-12-19 20:30:00+00:00,15.050000190734863,15.210000038146973,15.0,15.079999923706055,0
2025-12-22 14:30:00+00:00,14.489999771118164,14.880000114440918,14.479999542236328,14.880000114440918,0
2025-12-22 15:30:00+00:00,14.40999984741211,14.760000228881836,14.399999618530273,14.5600004196167,0
2025-12-22 16:30:00+00:00,14.5,14.569999694824219,14.399999618530273,14.569999694824219,0
2025-12-22 17:30:00+00:00,14.460000038146973,14.520000457763672,14.329999923706055,14.40999984741211,0
2025-12-22 18:30:00+00:00,14.289999961853027,14.520000457763672,14.289999961853027,14.350000381469727,0
2025-12-22 19:30:00+00:00,14.079999923706055,14.430000305175781,14.079999923706055,14.40999984741211,0
2025-12-22 20:30:00+00:00,14.0600004196167,14.199999809265137,14.039999961853027,14.09000015258789,0
2025-12-23 14:30:00+00:00,13.9399995803833,14.449999809265137,13.880000114440918,14.399999618530273,0
2025-12-23 15:30:00+00:00,13.6899995803833,14.1899995803833,13.640000343322754,14.050000190734863,0
2025-12-23 16:30:00+00:00,13.819999694824219,13.859999656677246,13.640000343322754,13.720000267028809,0
2025-12-23 17:30:00+00:00,13.819999694824219,13.880000114440918,13.779999732971191,13.800000190734863,0
2025-12-23 18:30:00+00:00,13.760000228881836,13.850000381469727,13.75,13.850000381469727,0
2025-12-23 19:30:00+00:00,13.850000381469727,13.880000114440918,13.75,13.789999961853027,0
2025-12-23 20:30:00+00:00,13.84000015258789,13.90999984741211,13.819999694824219,13.850000381469727,0
2025-12-24 14:30:00+00:00,13.710000038146973,14.0600004196167,13.710000038146973,13.960000038146973,0
2025-12-24 15:30:00+00:00,13.529999732971191,13.8100004196167,13.5,13.800000190734863,0
2025-12-24 16:30:00+00:00,13.470000267028809,13.600000381469727,13.460000038146973,13.600000381469727,0
2025-12-24 17:30:00+00:00,13.430000305175781,13.510000228881836,13.390000343322754,13.489999771118164,0
2025-12-26 14:30:00+00:00,13.989999771118164,14.289999961853027,13.970000267028809,14.109999656677246,0
2025-12-26 15:30:00+00:00,13.920000076293945,14.289999961853027,13.850000381469727,14.170000076293945,0
2025-12-26 16:30:00+00:00,13.829999923706055,14.010000228881836,13.829999923706055,13.869999885559082,0
2025-12-26 17:30:00+00:00,13.829999923706055,13.989999771118164,13.779999732971191,13.90999984741211,0
2025-12-26 18:30:00+00:00,13.760000228881836,13.899999618530273,13.720000267028809,13.819999694824219,0
2025-12-26 19:30:00+00:00,13.579999923706055,13.779999732971191,13.579999923706055,13.770000457763672,0
2025-12-26 20:30:00+00:00,13.609999656677246,13.729999542236328,13.520000457763672,13.579999923706055,0
2025-12-29 14:30:00+00:00,14.649999618530273,15.079999923706055,14.640000343322754,14.920000076293945,0
2025-12-29 15:30:00+00:00,14.600000381469727,14.84000015258789,14.529999732971191,14.770000457763672,0
2025-12-29 16:30:00+00:00,14.640000343322754,14.729999542236328,14.5,14.6899995803833,0
2025-12-29 17:30:00+00:00,14.289999961853027,14.65999984741211,14.270000457763672,14.529999732971191,0
2025-12-29 18:30:00+00:00,14.15999984741211,14.460000038146973,14.149999618530273,14.430000305175781,0
2025-12-29 19:30:00+00:00,14.020000457763672,14.289999961853027,13.989999771118164,14.260000228881836,0
2025-12-29 20:30:00+00:00,14.149999618530273,14.15999984741211,13.989999771118164,14.020000457763672,0
2025-12-30 14:30:00+00:00,14.260000228881836,14.470000267028809,14.149999618530273,14.449999809265137,0
2025-12-30 15:30:00+00:00,14.069999694824219,14.359999656677246,14.039999961853027,14.1899995803833,0
2025-12-30 16:30:00+00:00,14.239999771118164,14.3100004196167,14.039999961853027,14.170000076293945,0
2025-12-30 17:30:00+00:00,14.270000457763672,14.3100004196167,14.1899995803833,14.239999771118164,0
2025-12-30 18:30:00+00:00,14.25,14.380000114440918,14.210000038146973,14.210000038146973,0
2025-12-30 19:30:00+00:00,14.149999618530273,14.380000114440918,14.119999885559082,14.34000015258789,0
2025-12-30 20:30:00+00:00,14.319999694824219,14.319999694824219,14.100000381469727,14.15999984741211,0
2025-12-31 14:30:00+00:00,14.699999809265137,14.84000015258789,14.520000457763672,14.579999923706055,0
2025-12-31 15:30:00+00:00,14.630000114440918,14.850000381469727,14.630000114440918,14.65999984741211,0
2025-12-31 16:30:00+00:00,14.6899995803833,14.829999923706055,14.5,14.829999923706055,0
2025-12-31 17:30:00+00:00,14.529999732971191,14.720000267028809,14.5,14.510000228881836,0
2025-12-31 18:30:00+00:00,14.510000228881836,14.6899995803833,14.380000114440918,14.6899995803833,0
2025-12-31 19:30:00+00:00,15.149999618530273,15.170000076293945,14.380000114440918,14.449999809265137,0
2025-12-31 20:30:00+00:00,15.010000228881836,15.170000076293945,14.699999809265137,15.149999618530273,0
2026-01-02 14:30:00+00:00,15.15999984741211,15.40999984741211,14.600000381469727,14.789999961853027,0
2026-01-02 15:30:00+00:00,15.020000457763672,15.420000076293945,14.600000381469727,14.6899995803833,0
2026-01-02 16:30:00+00:00,14.65999984741211,15.420000076293945,14.65999984741211,15.279999732971191,0
2026-01-02 17:30:00+00:00,14.8100004196167,15.029999732971191,14.569999694824219,14.970000267028809,0
2026-01-02 18:30:00+00:00,14.600000381469727,15.199999809265137,14.569999694824219,14.869999885559082,0
2026-01-02 19:30:00+00:00,14.579999923706055,15.0600004196167,14.5,15.0600004196167,0
2026-01-02 20:30:00+00:00,14.550000190734863,14.699999809265137,14.5,14.600000381469727,0
2026-01-05 14:30:00+00:00,14.760000228881836,15.109999656677246,14.760000228881836,15.109999656677246,0
2026-01-05 15:30:00+00:00,14.8100004196167,14.989999771118164,14.760000228881836,14.979999542236328,0
2026-01-05 16:30:00+00:00,14.739999771118164,14.890000343322754,14.649999618530273,14.850000381469727,0
2026-01-05 17:30:00+00:00,14.800000190734863,14.890000343322754,14.670000076293945,14.710000038146973,0
2026-01-05 18:30:00+00:00,14.829999923706055,14.890000343322754,14.739999771118164,14.800000190734863,0
2026-01-05 19:30:00+00:00,15.0,15.020000457763672,14.739999771118164,14.779999732971191,0
2026-01-05 20:30:00+00:00,14.9399995803833,15.020000457763672,14.90999984741211,15.0,0
2026-01-06 14:30:00+00:00,14.710000038146973,15.050000190734863,14.630000114440918,14.989999771118164,0
2026-01-06 15:30:00+00:00,14.949999809265137,15.0600004196167,14.649999618530273,14.65999984741211,0
2026-01-06 16:30:00+00:00,14.800000190734863,15.0600004196167,14.779999732971191,15.010000228881836,0
2026-01-06 17:30:00+00:00,14.829999923706055,14.930000305175781,14.770000457763672,14.899999618530273,0
2026-01-06 18:30:00+00:00,14.800000190734863,14.859999656677246,14.75,14.829999923706055,0
2026-01-06 19:30:00+00:00,14.720000267028809,14.8100004196167,14.680000305175781,14.760000228881836,0
2026-01-06 20:30:00+00:00,14.6899995803833,14.770000457763672,14.65999984741211,14.720000267028809,0
2026-01-07 14:30:00+00:00,15.119999885559082,15.279999732971191,14.970000267028809,14.979999542236328,0
2026-01-07 15:30:00+00:00,15.079999923706055,15.279999732971191,14.930000305175781,15.0600004196167,0
2026-01-07 16:30:00+00:00,14.899999618530273,15.09000015258789,14.829999923706055,15.0,0
2026-01-07 17:30:00+00:00,15.100000381469727,15.109999656677246,14.829999923706055,14.84000015258789,0
2026-01-07 18:30:00+00:00,15.0,15.109999656677246,14.850000381469727,14.979999542236328,0
2026-01-07 19:30:00+00:00,15.3100004196167,15.319999694824219,14.859999656677246,14.890000343322754,0
2026-01-07 20:30:00+00:00,15.329999923706055,15.479999542236328,14.970000267028809,15.3100004196167,0
2026-01-08 14:30:00+00:00,15.319999694824219,15.850000381469727,15.289999961853027,15.680000305175781,0
2026-01-08 15:30:00+00:00,15.350000381469727,15.720000267028809,15.260000228881836,15.619999885559082,0
2026-01-08 16:30:00+00:00,15.319999694824219,15.460000038146973,15.199999809265137,15.270000457763672,0
2026-01-08 17:30:00+00:00,15.460000038146973,15.539999961853027,15.149999618530273,15.270000457763672,0
2026-01-08 18:30:00+00:00,15.579999923706055,15.6899995803833,15.239999771118164,15.25,0
2026-01-08 19:30:00+00:00,15.470000267028809,15.6899995803833,15.460000038146973,15.579999923706055,0
2026-01-08 20:30:00+00:00,15.470000267028809,15.609999656677246,15.359999656677246,15.470000267028809,0
2026-01-09 14:30:00+00:00,14.890000343322754,15.670000076293945,14.880000114440918,15.09000015258789,0
2026-01-09 15:30:00+00:00,14.8100004196167,15.630000114440918,14.729999542236328,15.470000267028809,0
2026-01-09 16:30:00+00:00,14.640000343322754,14.949999809265137,14.59000015258789,14.90999984741211,0
2026-01-09 17:30:00+00:00,14.5,14.699999809265137,14.5,14.6899995803833,0
2026-01-09 18:30:00+00:00,14.640000343322754,14.65999984741211,14.430000305175781,14.600000381469727,0
2026-01-09 19:30:00+00:00,14.579999923706055,14.65999984741211,14.520000457763672,14.569999694824219,0
2026-01-09 20:30:00+00:00,14.5,14.600000381469727,14.470000267028809,14.59000015258789,0
2026-01-12 14:30:00+00:00,15.380000114440918,15.979999542236328,15.350000381469727,15.880000114440918,0
2026-01-12 15:30:00+00:00,15.270000457763672,15.489999771118164,15.210000038146973,15.420000076293945,0
2026-01-12 16:30:00+00:00,15.170000076293945,15.329999923706055,15.15999984741211,15.289999961853027,0
2026-01-12 17:30:00+00:00,15.079999923706055,15.220000267028809,15.069999694824219,15.210000038146973,0
2026-01-12 18:30:00+00:00,15.069999694824219,15.149999618530273,15.029999732971191,15.140000343322754,0
2026-01-12 19:30:00+00:00,15.069999694824219,15.100000381469727,15.029999732971191,15.069999694824219,0
2026-01-12 20:30:00+00:00,15.069999694824219,15.130000114440918,15.029999732971191,15.069999694824219,0
2026-01-13 14:30:00+00:00,15.850000381469727,15.920000076293945,14.890000343322754,14.989999771118164,0
2026-01-13 15:30:00+00:00,15.609999656677246,16.020000457763672,15.4399995803833,15.470000267028809,0
2026-01-13 16:30:00+00:00,15.449999809265137,16.020000457763672,15.25,15.5,0
2026-01-13 17:30:00+00:00,15.979999542236328,16.06999969482422,15.300000190734863,15.3100004196167,0
2026-01-13 18:30:00+00:00,16.1200008392334,16.31999969482422,15.819999694824219,15.869999885559082,0
2026-01-13 19:30:00+00:00,16.31999969482422,16.31999969482422,16.0,16.110000610351562,0
2026-01-13 20:30:00+00:00,15.960000038146973,16.5,15.960000038146973,16.31999969482422,0
2026-01-14 14:30:00+00:00,17.520000457763672,17.989999771118164,16.809999465942383,17.229999542236328,0
2026-01-14 15:30:00+00:00,17.239999771118164,18.100000381469727,16.809999465942383,17.989999771118164,0
2026-01-14 16:30:00+00:00,17.559999465942383,17.979999542236328,17.170000076293945,17.860000610351562,0
2026-01-14 17:30:00+00:00,17.510000228881836,17.959999084472656,17.510000228881836,17.899999618530273,0
2026-01-14 18:30:00+00:00,17.360000610351562,17.850000381469727,17.31999969482422,17.770000457763672,0
2026-01-14 19:30:00+00:00,16.860000610351562,17.5,16.65999984741211,17.329999923706055,0
2026-01-14 20:30:00+00:00,16.670000076293945,17.5,16.510000228881836,16.850000381469727,0
2026-01-15 14:30:00+00:00,15.640000343322754,15.9399995803833,15.510000228881836,15.930000305175781,0
2026-01-15 15:30:00+00:00,15.4399995803833,15.8100004196167,15.420000076293945,15.729999542236328,0
2026-01-15 16:30:00+00:00,15.449999809265137,15.539999961853027,15.34000015258789,15.520000457763672,0
2026-01-15 17:30:00+00:00,15.359999656677246,15.5,15.300000190734863,15.390000343322754,0
2026-01-15 18:30:00+00:00,15.5600004196167,15.59000015258789,15.300000190734863,15.489999771118164,0
2026-01-15 19:30:00+00:00,15.899999618530273,16.020000457763672,15.390000343322754,15.40999984741211,0
2026-01-15 20:30:00+00:00,15.84000015258789,16.020000457763672,15.609999656677246,15.920000076293945,0
2026-01-16 14:30:00+00:00,15.880000114440918,15.989999771118164,15.359999656677246,15.720000267028809,0
2026-01-16 15:30:00+00:00,15.609999656677246,16.290000915527344,15.600000381469727,15.899999618530273,0
2026-01-16 16:30:00+00:00,15.640000343322754,15.84000015258789,15.489999771118164,15.800000190734863,0
2026-01-16 17:30:00+00:00,15.5,15.789999961853027,15.430000305175781,15.640000343322754,0
2026-01-16 18:30:00+00:00,15.609999656677246,15.789999961853027,15.300000190734863,15.789999961853027,0
2026-01-16 19:30:00+00:00,15.640000343322754,15.640000343322754,15.300000190734863,15.520000457763672,0
2026-01-16 20:30:00+00:00,15.859999656677246,15.859999656677246,15.510000228881836,15.630000114440918,0
